tick=0 phase=following reason=path_ready wp=1 dist_wp=13.42 bearing_deg=26.57 speed=0.000 pos=(27.000,0.007,-130.000) thr=0.00 steer=1.00 blocked=false attempts=0 stuck_s=0.00 pitch=-0.00 roll=0.00 normal_y=1.00 contacts=0[] bounded=true
tick=30 phase=following reason=path_ready wp=1 dist_wp=13.22 bearing_deg=11.42 speed=0.324 pos=(27.047,0.007,-129.805) thr=0.56 steer=0.47 blocked=false attempts=0 stuck_s=0.25 pitch=0.15 roll=0.00 normal_y=1.00 contacts=3[VillageTerrain,VillageTerrain,VillageTerrain] bounded=true
tick=60 phase=following reason=path_ready wp=1 dist_wp=11.73 bearing_deg=5.33 speed=0.943 pos=(27.558,0.009,-128.395) thr=0.52 steer=0.22 blocked=false attempts=0 stuck_s=0.02 pitch=0.20 roll=0.00 normal_y=1.00 contacts=3[VillageTerrain,VillageTerrain,VillageTerrain] bounded=true
tick=90 phase=following reason=path_ready wp=1 dist_wp=8.91 bearing_deg=2.94 speed=1.470 pos=(28.727,0.008,-125.814) thr=0.45 steer=0.12 blocked=false attempts=0 stuck_s=0.02 pitch=0.16 roll=0.00 normal_y=1.00 contacts=3[VillageTerrain,VillageTerrain,VillageTerrain] bounded=true
tick=120 phase=following reason=path_ready wp=1 dist_wp=5.04 bearing_deg=2.19 speed=1.830 pos=(30.478,0.006,-122.364) thr=0.32 steer=0.09 blocked=false attempts=0 stuck_s=0.00 pitch=0.11 roll=0.00 normal_y=1.00 contacts=3[VillageTerrain,VillageTerrain,VillageTerrain] bounded=true
tick=150 phase=following reason=path_ready wp=1 dist_wp=0.85 bearing_deg=5.50 speed=1.375 pos=(32.503,0.011,-118.691) thr=0.00 steer=0.20 blocked=false attempts=0 stuck_s=0.00 pitch=-0.23 roll=0.00 normal_y=1.00 contacts=3[VillageTerrain,VillageTerrain,VillageTerrain] bounded=true
tick=180 phase=following reason=path_ready wp=2 dist_wp=19.45 bearing_deg=39.42 speed=0.000 pos=(33.063,0.014,-117.817) thr=0.00 steer=1.00 blocked=false attempts=0 stuck_s=0.00 pitch=-0.34 roll=0.00 normal_y=1.00 contacts=1[VillageTerrain] bounded=true
tick=210 phase=following reason=path_ready wp=2 dist_wp=19.45 bearing_deg=18.38 speed=0.000 pos=(33.063,0.001,-117.817) thr=0.00 steer=0.76 blocked=false attempts=0 stuck_s=0.00 pitch=-0.01 roll=0.00 normal_y=1.00 contacts=1[VillageTerrain] bounded=true
tick=240 phase=following reason=path_ready wp=2 dist_wp=18.52 bearing_deg=7.96 speed=0.820 pos=(33.993,0.012,-117.610) thr=0.67 steer=0.33 blocked=false attempts=0 stuck_s=0.03 pitch=0.26 roll=0.00 normal_y=1.00 contacts=3[VillageTerrain,VillageTerrain,VillageTerrain] bounded=true
tick=270 phase=following reason=path_ready wp=2 dist_wp=15.68 bearing_deg=3.94 speed=1.604 pos=(36.823,0.012,-117.275) thr=0.61 steer=0.16 blocked=false attempts=0 stuck_s=0.02 pitch=0.25 roll=0.00 normal_y=1.00 contacts=3[VillageTerrain,VillageTerrain,VillageTerrain] bounded=true
tick=300 phase=following reason=path_ready wp=2 dist_wp=11.17 bearing_deg=2.34 speed=2.254 pos=(41.331,0.010,-117.005) thr=0.51 steer=0.09 blocked=false attempts=0 stuck_s=0.02 pitch=0.20 roll=0.00 normal_y=1.00 contacts=3[VillageTerrain,VillageTerrain,VillageTerrain] bounded=true
tick=330 phase=following reason=path_ready wp=2 dist_wp=5.40 bearing_deg=2.08 speed=2.677 pos=(47.100,0.006,-116.862) thr=0.34 steer=0.08 blocked=false attempts=0 stuck_s=0.00 pitch=0.13 roll=0.00 normal_y=1.00 contacts=3[VillageTerrain,VillageTerrain,VillageTerrain] bounded=true
tick=360 phase=following reason=path_ready wp=2 dist_wp=0.23 bearing_deg=157.19 speed=1.674 pos=(52.722,0.021,-116.928) thr=0.00 steer=1.00 blocked=false attempts=0 stuck_s=0.00 pitch=-0.47 roll=0.00 normal_y=1.00 contacts=3[VillageTerrain,VillageTerrain,VillageTerrain] bounded=true
tick=390 phase=following reason=path_ready wp=2 dist_wp=1.75 bearing_deg=160.76 speed=0.000 pos=(54.234,0.022,-117.219) thr=0.00 steer=1.00 blocked=false attempts=0 stuck_s=0.00 pitch=-0.51 roll=0.00 normal_y=1.00 contacts=1[VillageTerrain] bounded=true
tick=420 phase=following reason=path_ready wp=2 dist_wp=1.75 bearing_deg=138.74 speed=0.000 pos=(54.234,0.002,-117.219) thr=0.00 steer=1.00 blocked=false attempts=0 stuck_s=0.00 pitch=-0.01 roll=0.00 normal_y=1.00 contacts=1[VillageTerrain] bounded=true
tick=450 phase=following reason=path_ready wp=2 dist_wp=1.75 bearing_deg=116.72 speed=0.000 pos=(54.234,0.001,-117.218) thr=0.00 steer=1.00 blocked=false attempts=0 stuck_s=0.00 pitch=-0.00 roll=0.00 normal_y=1.00 contacts=1[VillageTerrain] bounded=true
tick=480 phase=following reason=path_ready wp=2 dist_wp=1.75 bearing_deg=94.70 speed=0.000 pos=(54.234,0.001,-117.217) thr=0.00 steer=1.00 blocked=false attempts=0 stuck_s=0.00 pitch=-0.00 roll=0.00 normal_y=1.00 contacts=1[VillageTerrain] bounded=true
tick=510 phase=following reason=path_ready wp=2 dist_wp=1.75 bearing_deg=72.67 speed=0.000 pos=(54.234,0.001,-117.217) thr=0.00 steer=1.00 blocked=false attempts=0 stuck_s=0.00 pitch=-0.00 roll=0.00 normal_y=1.00 contacts=1[VillageTerrain] bounded=true
tick=540 phase=following reason=path_ready wp=2 dist_wp=1.75 bearing_deg=50.65 speed=0.000 pos=(54.234,0.001,-117.216) thr=0.00 steer=1.00 blocked=false attempts=0 stuck_s=0.00 pitch=-0.00 roll=0.00 normal_y=1.00 contacts=1[VillageTerrain] bounded=true
tick=570 phase=following reason=path_ready wp=2 dist_wp=1.75 bearing_deg=28.63 speed=0.000 pos=(54.234,0.001,-117.215) thr=0.00 steer=1.00 blocked=false attempts=0 stuck_s=0.00 pitch=-0.00 roll=0.00 normal_y=1.00 contacts=1[VillageTerrain] bounded=true
tick=600 phase=following reason=path_ready wp=2 dist_wp=1.75 bearing_deg=11.84 speed=0.000 pos=(54.234,0.001,-117.214) thr=0.11 steer=0.49 blocked=false attempts=0 stuck_s=0.23 pitch=-0.00 roll=0.00 normal_y=1.00 contacts=1[VillageTerrain] bounded=true
tick=630 phase=following reason=path_ready wp=2 dist_wp=1.75 bearing_deg=4.83 speed=0.000 pos=(54.234,0.001,-117.214) thr=0.11 steer=0.20 blocked=false attempts=0 stuck_s=0.73 pitch=-0.00 roll=0.00 normal_y=1.00 contacts=1[VillageTerrain] bounded=true
tick=660 phase=following reason=path_ready wp=2 dist_wp=1.75 bearing_deg=1.96 speed=0.000 pos=(54.234,0.001,-117.213) thr=0.11 steer=0.08 blocked=false attempts=0 stuck_s=1.23 pitch=-0.00 roll=0.00 normal_y=1.00 contacts=1[VillageTerrain] bounded=true
tick=690 phase=following reason=path_ready wp=2 dist_wp=1.75 bearing_deg=0.79 speed=0.000 pos=(54.234,0.001,-117.212) thr=0.11 steer=0.03 blocked=false attempts=0 stuck_s=1.73 pitch=-0.00 roll=0.00 normal_y=1.00 contacts=1[VillageTerrain] bounded=true
tick=720 phase=reverse reason=insufficient_actual_progress wp=2 dist_wp=1.87 bearing_deg=0.71 speed=-0.229 pos=(54.357,0.006,-117.225) thr=-0.75 steer=0.00 blocked=false attempts=1 stuck_s=0.00 pitch=-0.11 roll=0.00 normal_y=1.00 contacts=3[VillageTerrain,VillageTerrain,VillageTerrain] bounded=true
tick=750 phase=reverse reason=insufficient_actual_progress wp=2 dist_wp=3.03 bearing_deg=0.42 speed=-0.756 pos=(55.511,0.008,-117.349) thr=-0.75 steer=0.00 blocked=false attempts=1 stuck_s=0.00 pitch=-0.17 roll=0.00 normal_y=1.00 contacts=3[VillageTerrain,VillageTerrain,VillageTerrain] bounded=true
tick=780 phase=turn_recovery reason=reverse_complete wp=2 dist_wp=5.39 bearing_deg=-0.44 speed=-1.190 pos=(57.861,0.008,-117.604) thr=0.00 steer=1.00 blocked=false attempts=1 stuck_s=0.00 pitch=-0.16 roll=0.00 normal_y=1.00 contacts=3[VillageTerrain,VillageTerrain,VillageTerrain] bounded=true
tick=810 phase=turn_recovery reason=reverse_complete wp=2 dist_wp=6.16 bearing_deg=-21.37 speed=0.000 pos=(58.611,0.010,-117.752) thr=0.00 steer=1.00 blocked=false attempts=1 stuck_s=0.00 pitch=0.23 roll=0.00 normal_y=1.00 contacts=1[VillageTerrain] bounded=true
tick=840 phase=following reason=path_ready wp=0 dist_wp=5.33 bearing_deg=-12.57 speed=0.105 pos=(58.566,0.003,-117.727) thr=0.32 steer=-0.52 blocked=false attempts=1 stuck_s=0.20 pitch=0.05 roll=0.00 normal_y=1.00 contacts=3[VillageTerrain,VillageTerrain,VillageTerrain] bounded=true
tick=870 phase=following reason=path_ready wp=0 dist_wp=4.80 bearing_deg=-5.76 speed=0.351 pos=(58.062,0.004,-117.523) thr=0.30 steer=-0.24 blocked=false attempts=1 stuck_s=0.15 pitch=0.08 roll=0.00 normal_y=1.00 contacts=3[VillageTerrain,VillageTerrain,VillageTerrain] bounded=true
tick=900 phase=following reason=path_ready wp=0 dist_wp=3.75 bearing_deg=-3.05 speed=0.539 pos=(57.057,0.003,-117.214) thr=0.26 steer=-0.12 blocked=false attempts=1 stuck_s=0.07 pitch=0.06 roll=0.00 normal_y=1.00 contacts=3[VillageTerrain,VillageTerrain,VillageTerrain] bounded=true
tick=930 phase=following reason=path_ready wp=0 dist_wp=2.38 bearing_deg=-2.00 speed=0.620 pos=(55.732,0.002,-116.873) thr=0.17 steer=-0.08 blocked=false attempts=1 stuck_s=0.02 pitch=0.02 roll=0.00 normal_y=1.00 contacts=3[VillageTerrain,VillageTerrain,VillageTerrain] bounded=true
tick=960 phase=following reason=path_ready wp=1 dist_wp=17.47 bearing_deg=163.84 speed=0.091 pos=(54.541,0.011,-116.602) thr=0.00 steer=1.00 blocked=false attempts=1 stuck_s=0.00 pitch=-0.23 roll=0.00 normal_y=1.00 contacts=3[VillageTerrain,VillageTerrain,VillageTerrain] bounded=true
tick=990 phase=following reason=path_ready wp=1 dist_wp=17.47 bearing_deg=141.85 speed=0.000 pos=(54.539,0.002,-116.601) thr=0.00 steer=1.00 blocked=false attempts=1 stuck_s=0.00 pitch=-0.02 roll=0.00 normal_y=1.00 contacts=1[VillageTerrain] bounded=true
tick=1020 phase=following reason=path_ready wp=1 dist_wp=17.47 bearing_deg=119.85 speed=0.000 pos=(54.539,0.001,-116.600) thr=0.00 steer=1.00 blocked=false attempts=1 stuck_s=0.00 pitch=-0.00 roll=0.00 normal_y=1.00 contacts=1[VillageTerrain] bounded=true
tick=1050 phase=following reason=path_ready wp=1 dist_wp=17.47 bearing_deg=97.85 speed=0.000 pos=(54.539,0.001,-116.600) thr=0.00 steer=1.00 blocked=false attempts=1 stuck_s=0.00 pitch=-0.00 roll=0.00 normal_y=1.00 contacts=1[VillageTerrain] bounded=true
tick=1080 phase=following reason=path_ready wp=1 dist_wp=17.47 bearing_deg=75.86 speed=0.000 pos=(54.539,0.001,-116.599) thr=0.00 steer=1.00 blocked=false attempts=1 stuck_s=0.00 pitch=-0.00 roll=0.00 normal_y=1.00 contacts=1[VillageTerrain] bounded=true
tick=1110 phase=following reason=path_ready wp=1 dist_wp=17.47 bearing_deg=53.86 speed=0.000 pos=(54.539,0.001,-116.598) thr=0.00 steer=1.00 blocked=false attempts=1 stuck_s=0.00 pitch=-0.00 roll=0.00 normal_y=1.00 contacts=1[VillageTerrain] bounded=true
tick=1140 phase=following reason=path_ready wp=1 dist_wp=17.47 bearing_deg=31.86 speed=0.000 pos=(54.539,0.001,-116.598) thr=0.00 steer=1.00 blocked=false attempts=1 stuck_s=0.00 pitch=-0.00 roll=0.00 normal_y=1.00 contacts=1[VillageTerrain] bounded=true
tick=1170 phase=following reason=path_ready wp=1 dist_wp=17.38 bearing_deg=13.60 speed=0.238 pos=(54.627,0.006,-116.571) thr=0.65 steer=0.56 blocked=false attempts=1 stuck_s=0.15 pitch=0.11 roll=0.00 normal_y=1.00 contacts=3[VillageTerrain,VillageTerrain,VillageTerrain] bounded=true
tick=1200 phase=following reason=path_ready wp=1 dist_wp=15.92 bearing_deg=6.15 speed=1.010 pos=(56.086,0.011,-116.315) thr=0.62 steer=0.25 blocked=false attempts=1 stuck_s=0.00 pitch=0.24 roll=0.00 normal_y=1.00 contacts=3[VillageTerrain,VillageTerrain,VillageTerrain] bounded=true
tick=1230 phase=following reason=path_ready wp=1 dist_wp=12.75 bearing_deg=3.23 speed=1.697 pos=(59.251,0.010,-116.042) thr=0.55 steer=0.13 blocked=false attempts=1 stuck_s=0.00 pitch=0.22 roll=0.00 normal_y=1.00 contacts=3[VillageTerrain,VillageTerrain,VillageTerrain] bounded=true
tick=1260 phase=following reason=path_ready wp=1 dist_wp=8.16 bearing_deg=2.14 speed=2.226 pos=(63.840,0.008,-115.869) thr=0.43 steer=0.09 blocked=false attempts=1 stuck_s=0.00 pitch=0.16 roll=0.00 normal_y=1.00 contacts=3[VillageTerrain,VillageTerrain,VillageTerrain] bounded=true
tick=1290 phase=following reason=path_ready wp=1 dist_wp=2.60 bearing_deg=2.88 speed=2.543 pos=(69.408,0.005,-115.841) thr=0.20 steer=0.11 blocked=false attempts=1 stuck_s=0.02 pitch=0.09 roll=0.00 normal_y=1.00 contacts=3[VillageTerrain,VillageTerrain,VillageTerrain] bounded=true
tick=1320 phase=following reason=path_ready wp=1 dist_wp=1.33 bearing_deg=170.93 speed=0.784 pos=(73.321,0.025,-116.119) thr=0.00 steer=1.00 blocked=false attempts=1 stuck_s=0.00 pitch=-0.57 roll=0.00 normal_y=1.00 contacts=3[VillageTerrain,VillageTerrain,VillageTerrain] bounded=true
tick=1350 phase=following reason=path_ready wp=1 dist_wp=1.66 bearing_deg=151.50 speed=0.000 pos=(73.646,0.005,-116.221) thr=0.00 steer=1.00 blocked=false attempts=1 stuck_s=0.00 pitch=-0.13 roll=0.00 normal_y=1.00 contacts=1[VillageTerrain] bounded=true
tick=1380 phase=following reason=path_ready wp=1 dist_wp=1.66 bearing_deg=129.50 speed=0.000 pos=(73.646,0.001,-116.221) thr=0.00 steer=1.00 blocked=false attempts=1 stuck_s=0.00 pitch=-0.00 roll=0.00 normal_y=1.00 contacts=1[VillageTerrain] bounded=true
tick=1410 phase=following reason=path_ready wp=1 dist_wp=1.66 bearing_deg=107.50 speed=0.000 pos=(73.646,0.001,-116.221) thr=0.00 steer=1.00 blocked=false attempts=1 stuck_s=0.00 pitch=-0.00 roll=0.00 normal_y=1.00 contacts=1[VillageTerrain] bounded=true
tick=1440 phase=following reason=path_ready wp=1 dist_wp=1.66 bearing_deg=85.50 speed=0.000 pos=(73.646,0.001,-116.221) thr=0.00 steer=1.00 blocked=false attempts=1 stuck_s=0.00 pitch=-0.00 roll=0.00 normal_y=1.00 contacts=1[VillageTerrain] bounded=true
tick=1470 phase=following reason=path_ready wp=1 dist_wp=1.66 bearing_deg=63.50 speed=0.000 pos=(73.646,0.001,-116.221) thr=0.00 steer=1.00 blocked=false attempts=1 stuck_s=0.00 pitch=-0.00 roll=0.00 normal_y=1.00 contacts=1[VillageTerrain] bounded=true
tick=1500 phase=following reason=path_ready wp=1 dist_wp=1.66 bearing_deg=41.50 speed=0.000 pos=(73.646,0.001,-116.221) thr=0.00 steer=1.00 blocked=false attempts=1 stuck_s=0.00 pitch=-0.00 roll=0.00 normal_y=1.00 contacts=1[VillageTerrain] bounded=true
tick=1530 phase=following reason=path_ready wp=1 dist_wp=1.66 bearing_deg=20.00 speed=0.000 pos=(73.646,0.001,-116.221) thr=0.00 steer=0.82 blocked=false attempts=1 stuck_s=0.00 pitch=-0.00 roll=0.00 normal_y=1.00 contacts=1[VillageTerrain] bounded=true
tick=1560 phase=following reason=path_ready wp=1 dist_wp=1.66 bearing_deg=8.19 speed=0.000 pos=(73.646,0.001,-116.221) thr=0.10 steer=0.34 blocked=false attempts=1 stuck_s=0.00 pitch=-0.00 roll=0.00 normal_y=1.00 contacts=1[VillageTerrain] bounded=true
tick=1590 phase=following reason=path_ready wp=1 dist_wp=1.66 bearing_deg=3.35 speed=0.000 pos=(73.646,0.001,-116.221) thr=0.10 steer=0.14 blocked=false attempts=1 stuck_s=0.00 pitch=-0.00 roll=0.00 normal_y=1.00 contacts=1[VillageTerrain] bounded=true
tick=1620 phase=following reason=path_ready wp=1 dist_wp=1.66 bearing_deg=1.37 speed=0.000 pos=(73.646,0.001,-116.221) thr=0.10 steer=0.06 blocked=false attempts=1 stuck_s=0.00 pitch=-0.00 roll=0.00 normal_y=1.00 contacts=1[VillageTerrain] bounded=true
tick=1650 phase=following reason=path_ready wp=1 dist_wp=1.66 bearing_deg=0.78 speed=0.000 pos=(73.646,0.001,-116.221) thr=0.10 steer=0.00 blocked=false attempts=1 stuck_s=0.00 pitch=-0.00 roll=0.00 normal_y=1.00 contacts=1[VillageTerrain] bounded=true
tick=1680 phase=following reason=path_ready wp=1 dist_wp=1.66 bearing_deg=0.78 speed=0.000 pos=(73.646,0.001,-116.221) thr=0.10 steer=0.00 blocked=false attempts=1 stuck_s=0.00 pitch=-0.00 roll=0.00 normal_y=1.00 contacts=1[VillageTerrain] bounded=true
tick=1710 phase=following reason=path_ready wp=1 dist_wp=1.66 bearing_deg=0.78 speed=0.000 pos=(73.646,0.001,-116.221) thr=0.10 steer=0.00 blocked=false attempts=1 stuck_s=0.00 pitch=-0.00 roll=0.00 normal_y=1.00 contacts=1[VillageTerrain] bounded=true
tick=1740 phase=following reason=path_ready wp=1 dist_wp=1.66 bearing_deg=0.78 speed=0.000 pos=(73.646,0.001,-116.221) thr=0.10 steer=0.00 blocked=false attempts=1 stuck_s=0.00 pitch=-0.00 roll=0.00 normal_y=1.00 contacts=1[VillageTerrain] bounded=true
tick=1770 phase=following reason=path_ready wp=1 dist_wp=1.66 bearing_deg=0.78 speed=0.000 pos=(73.646,0.001,-116.221) thr=0.10 steer=0.00 blocked=false attempts=1 stuck_s=0.00 pitch=-0.00 roll=0.00 normal_y=1.00 contacts=1[VillageTerrain] bounded=true
tick=1800 phase=following reason=path_ready wp=1 dist_wp=1.66 bearing_deg=0.78 speed=0.000 pos=(73.646,0.001,-116.221) thr=0.10 steer=0.00 blocked=false attempts=1 stuck_s=0.00 pitch=-0.00 roll=0.00 normal_y=1.00 contacts=1[VillageTerrain] bounded=true
tick=1830 phase=following reason=path_ready wp=1 dist_wp=1.66 bearing_deg=0.78 speed=0.000 pos=(73.646,0.001,-116.221) thr=0.10 steer=0.00 blocked=false attempts=1 stuck_s=0.00 pitch=-0.00 roll=0.00 normal_y=1.00 contacts=1[VillageTerrain] bounded=true
tick=1860 phase=following reason=path_ready wp=1 dist_wp=1.66 bearing_deg=0.78 speed=0.000 pos=(73.646,0.001,-116.221) thr=0.10 steer=0.00 blocked=false attempts=1 stuck_s=0.00 pitch=-0.00 roll=0.00 normal_y=1.00 contacts=1[VillageTerrain] bounded=true
tick=1890 phase=following reason=path_ready wp=1 dist_wp=1.66 bearing_deg=0.78 speed=0.000 pos=(73.646,0.001,-116.221) thr=0.10 steer=0.00 blocked=false attempts=1 stuck_s=0.00 pitch=-0.00 roll=0.00 normal_y=1.00 contacts=1[VillageTerrain] bounded=true
tick=1920 phase=following reason=path_ready wp=1 dist_wp=1.66 bearing_deg=0.78 speed=0.000 pos=(73.646,0.001,-116.221) thr=0.10 steer=0.00 blocked=false attempts=1 stuck_s=0.00 pitch=-0.00 roll=0.00 normal_y=1.00 contacts=1[VillageTerrain] bounded=true
tick=1950 phase=following reason=path_ready wp=1 dist_wp=1.66 bearing_deg=0.78 speed=0.000 pos=(73.646,0.001,-116.221) thr=0.10 steer=0.00 blocked=false attempts=1 stuck_s=0.00 pitch=-0.00 roll=0.00 normal_y=1.00 contacts=1[VillageTerrain] bounded=true
tick=1980 phase=following reason=path_ready wp=1 dist_wp=1.66 bearing_deg=0.78 speed=0.000 pos=(73.646,0.001,-116.221) thr=0.10 steer=0.00 blocked=false attempts=1 stuck_s=0.00 pitch=-0.00 roll=0.00 normal_y=1.00 contacts=1[VillageTerrain] bounded=true
tick=2010 phase=following reason=path_ready wp=1 dist_wp=1.66 bearing_deg=0.78 speed=0.000 pos=(73.646,0.001,-116.221) thr=0.10 steer=0.00 blocked=false attempts=1 stuck_s=0.00 pitch=-0.00 roll=0.00 normal_y=1.00 contacts=1[VillageTerrain] bounded=true
tick=2040 phase=following reason=path_ready wp=1 dist_wp=1.66 bearing_deg=0.78 speed=0.000 pos=(73.646,0.001,-116.221) thr=0.10 steer=0.00 blocked=false attempts=1 stuck_s=0.00 pitch=-0.00 roll=0.00 normal_y=1.00 contacts=1[VillageTerrain] bounded=true
tick=2070 phase=following reason=path_ready wp=1 dist_wp=1.66 bearing_deg=0.78 speed=0.000 pos=(73.646,0.001,-116.221) thr=0.10 steer=0.00 blocked=false attempts=1 stuck_s=0.00 pitch=-0.00 roll=0.00 normal_y=1.00 contacts=1[VillageTerrain] bounded=true
tick=2100 phase=following reason=path_ready wp=1 dist_wp=1.66 bearing_deg=0.78 speed=0.000 pos=(73.646,0.001,-116.221) thr=0.10 steer=0.00 blocked=false attempts=1 stuck_s=0.00 pitch=-0.00 roll=0.00 normal_y=1.00 contacts=1[VillageTerrain] bounded=true
tick=2130 phase=following reason=path_ready wp=1 dist_wp=1.66 bearing_deg=0.78 speed=0.000 pos=(73.646,0.001,-116.221) thr=0.10 steer=0.00 blocked=false attempts=1 stuck_s=0.00 pitch=-0.00 roll=0.00 normal_y=1.00 contacts=1[VillageTerrain] bounded=true
tick=2160 phase=following reason=path_ready wp=1 dist_wp=1.66 bearing_deg=0.78 speed=0.000 pos=(73.646,0.001,-116.221) thr=0.10 steer=0.00 blocked=false attempts=1 stuck_s=0.00 pitch=-0.00 roll=0.00 normal_y=1.00 contacts=1[VillageTerrain] bounded=true
tick=2190 phase=following reason=path_ready wp=1 dist_wp=1.66 bearing_deg=0.78 speed=0.000 pos=(73.646,0.001,-116.221) thr=0.10 steer=0.00 blocked=false attempts=1 stuck_s=0.00 pitch=-0.00 roll=0.00 normal_y=1.00 contacts=1[VillageTerrain] bounded=true
tick=2220 phase=following reason=path_ready wp=1 dist_wp=1.66 bearing_deg=0.78 speed=0.000 pos=(73.646,0.001,-116.221) thr=0.10 steer=0.00 blocked=false attempts=1 stuck_s=0.00 pitch=-0.00 roll=0.00 normal_y=1.00 contacts=1[VillageTerrain] bounded=true
tick=2250 phase=following reason=path_ready wp=1 dist_wp=1.66 bearing_deg=0.78 speed=0.000 pos=(73.646,0.001,-116.221) thr=0.10 steer=0.00 blocked=false attempts=1 stuck_s=0.00 pitch=-0.00 roll=0.00 normal_y=1.00 contacts=1[VillageTerrain] bounded=true
tick=2280 phase=following reason=path_ready wp=1 dist_wp=1.66 bearing_deg=0.78 speed=0.000 pos=(73.646,0.001,-116.221) thr=0.10 steer=0.00 blocked=false attempts=1 stuck_s=0.00 pitch=-0.00 roll=0.00 normal_y=1.00 contacts=1[VillageTerrain] bounded=true
tick=2310 phase=following reason=path_ready wp=1 dist_wp=1.66 bearing_deg=0.78 speed=0.000 pos=(73.646,0.001,-116.221) thr=0.10 steer=0.00 blocked=false attempts=1 stuck_s=0.00 pitch=-0.00 roll=0.00 normal_y=1.00 contacts=1[VillageTerrain] bounded=true
tick=2340 phase=following reason=path_ready wp=1 dist_wp=1.66 bearing_deg=0.78 speed=0.000 pos=(73.646,0.001,-116.221) thr=0.10 steer=0.00 blocked=false attempts=1 stuck_s=0.00 pitch=-0.00 roll=0.00 normal_y=1.00 contacts=1[VillageTerrain] bounded=true
tick=2370 phase=following reason=path_ready wp=1 dist_wp=1.66 bearing_deg=0.78 speed=0.000 pos=(73.646,0.001,-116.221) thr=0.10 steer=0.00 blocked=false attempts=1 stuck_s=0.00 pitch=-0.00 roll=0.00 normal_y=1.00 contacts=1[VillageTerrain] bounded=true
tick=2400 phase=following reason=path_ready wp=1 dist_wp=1.66 bearing_deg=0.78 speed=0.000 pos=(73.646,0.001,-116.221) thr=0.10 steer=0.00 blocked=false attempts=1 stuck_s=0.00 pitch=-0.00 roll=0.00 normal_y=1.00 contacts=1[VillageTerrain] bounded=true
tick=2430 phase=following reason=path_ready wp=1 dist_wp=1.66 bearing_deg=0.78 speed=0.000 pos=(73.646,0.001,-116.221) thr=0.10 steer=0.00 blocked=false attempts=1 stuck_s=0.00 pitch=-0.00 roll=0.00 normal_y=1.00 contacts=1[VillageTerrain] bounded=true
tick=2460 phase=following reason=path_ready wp=1 dist_wp=1.66 bearing_deg=0.78 speed=0.000 pos=(73.646,0.001,-116.221) thr=0.10 steer=0.00 blocked=false attempts=1 stuck_s=0.00 pitch=-0.00 roll=0.00 normal_y=1.00 contacts=1[VillageTerrain] bounded=true
tick=2490 phase=following reason=path_ready wp=1 dist_wp=1.66 bearing_deg=0.78 speed=0.000 pos=(73.646,0.001,-116.221) thr=0.10 steer=0.00 blocked=false attempts=1 stuck_s=0.00 pitch=-0.00 roll=0.00 normal_y=1.00 contacts=1[VillageTerrain] bounded=true
tick=2520 phase=following reason=path_ready wp=1 dist_wp=1.66 bearing_deg=0.78 speed=0.000 pos=(73.646,0.001,-116.221) thr=0.10 steer=0.00 blocked=false attempts=1 stuck_s=0.00 pitch=-0.00 roll=0.00 normal_y=1.00 contacts=1[VillageTerrain] bounded=true
tick=2550 phase=following reason=path_ready wp=1 dist_wp=1.66 bearing_deg=0.78 speed=0.000 pos=(73.646,0.001,-116.221) thr=0.10 steer=0.00 blocked=false attempts=1 stuck_s=0.00 pitch=-0.00 roll=0.00 normal_y=1.00 contacts=1[VillageTerrain] bounded=true
tick=2580 phase=following reason=path_ready wp=1 dist_wp=1.66 bearing_deg=0.78 speed=0.000 pos=(73.646,0.001,-116.221) thr=0.10 steer=0.00 blocked=false attempts=1 stuck_s=0.00 pitch=-0.00 roll=0.00 normal_y=1.00 contacts=1[VillageTerrain] bounded=true
tick=2610 phase=following reason=path_ready wp=1 dist_wp=1.66 bearing_deg=0.78 speed=0.000 pos=(73.646,0.001,-116.221) thr=0.10 steer=0.00 blocked=false attempts=1 stuck_s=0.00 pitch=-0.00 roll=0.00 normal_y=1.00 contacts=1[VillageTerrain] bounded=true
tick=2640 phase=following reason=path_ready wp=1 dist_wp=1.66 bearing_deg=0.78 speed=0.000 pos=(73.646,0.001,-116.221) thr=0.10 steer=0.00 blocked=false attempts=1 stuck_s=0.00 pitch=-0.00 roll=0.00 normal_y=1.00 contacts=1[VillageTerrain] bounded=true
tick=2670 phase=following reason=path_ready wp=1 dist_wp=1.66 bearing_deg=0.78 speed=0.000 pos=(73.646,0.001,-116.221) thr=0.10 steer=0.00 blocked=false attempts=1 stuck_s=0.00 pitch=-0.00 roll=0.00 normal_y=1.00 contacts=1[VillageTerrain] bounded=true
tick=2700 phase=following reason=path_ready wp=1 dist_wp=1.66 bearing_deg=0.78 speed=0.000 pos=(73.646,0.001,-116.221) thr=0.10 steer=0.00 blocked=false attempts=1 stuck_s=0.00 pitch=-0.00 roll=0.00 normal_y=1.00 contacts=1[VillageTerrain] bounded=true
tick=2730 phase=following reason=path_ready wp=1 dist_wp=1.66 bearing_deg=0.78 speed=0.000 pos=(73.646,0.001,-116.221) thr=0.10 steer=0.00 blocked=false attempts=1 stuck_s=0.00 pitch=-0.00 roll=0.00 normal_y=1.00 contacts=1[VillageTerrain] bounded=true
tick=2760 phase=following reason=path_ready wp=1 dist_wp=1.66 bearing_deg=0.78 speed=0.000 pos=(73.646,0.001,-116.221) thr=0.10 steer=0.00 blocked=false attempts=1 stuck_s=0.00 pitch=-0.00 roll=0.00 normal_y=1.00 contacts=1[VillageTerrain] bounded=true
tick=2790 phase=following reason=path_ready wp=1 dist_wp=1.66 bearing_deg=0.78 speed=0.000 pos=(73.646,0.001,-116.221) thr=0.10 steer=0.00 blocked=false attempts=1 stuck_s=0.00 pitch=-0.00 roll=0.00 normal_y=1.00 contacts=1[VillageTerrain] bounded=true
tick=2820 phase=following reason=path_ready wp=1 dist_wp=1.66 bearing_deg=0.78 speed=0.000 pos=(73.646,0.001,-116.221) thr=0.10 steer=0.00 blocked=false attempts=1 stuck_s=0.00 pitch=-0.00 roll=0.00 normal_y=1.00 contacts=1[VillageTerrain] bounded=true
tick=2850 phase=following reason=path_ready wp=1 dist_wp=1.66 bearing_deg=0.78 speed=0.000 pos=(73.646,0.001,-116.221) thr=0.10 steer=0.00 blocked=false attempts=1 stuck_s=0.00 pitch=-0.00 roll=0.00 normal_y=1.00 contacts=1[VillageTerrain] bounded=true
tick=2880 phase=following reason=path_ready wp=1 dist_wp=1.66 bearing_deg=0.78 speed=0.000 pos=(73.646,0.001,-116.221) thr=0.10 steer=0.00 blocked=false attempts=1 stuck_s=0.00 pitch=-0.00 roll=0.00 normal_y=1.00 contacts=1[VillageTerrain] bounded=true
tick=2910 phase=following reason=path_ready wp=1 dist_wp=1.66 bearing_deg=0.78 speed=0.000 pos=(73.646,0.001,-116.221) thr=0.10 steer=0.00 blocked=false attempts=1 stuck_s=0.00 pitch=-0.00 roll=0.00 normal_y=1.00 contacts=1[VillageTerrain] bounded=true
tick=2940 phase=following reason=path_ready wp=1 dist_wp=1.66 bearing_deg=0.78 speed=0.000 pos=(73.646,0.001,-116.221) thr=0.10 steer=0.00 blocked=false attempts=1 stuck_s=0.00 pitch=-0.00 roll=0.00 normal_y=1.00 contacts=1[VillageTerrain] bounded=true
tick=2970 phase=following reason=path_ready wp=1 dist_wp=1.66 bearing_deg=0.78 speed=0.000 pos=(73.646,0.001,-116.221) thr=0.10 steer=0.00 blocked=false attempts=1 stuck_s=0.00 pitch=-0.00 roll=0.00 normal_y=1.00 contacts=1[VillageTerrain] bounded=true
tick=3000 phase=following reason=path_ready wp=1 dist_wp=1.66 bearing_deg=0.78 speed=0.000 pos=(73.646,0.001,-116.221) thr=0.10 steer=0.00 blocked=false attempts=1 stuck_s=0.00 pitch=-0.00 roll=0.00 normal_y=1.00 contacts=1[VillageTerrain] bounded=true
tick=3030 phase=following reason=path_ready wp=1 dist_wp=1.66 bearing_deg=0.78 speed=0.000 pos=(73.646,0.001,-116.221) thr=0.10 steer=0.00 blocked=false attempts=1 stuck_s=0.00 pitch=-0.00 roll=0.00 normal_y=1.00 contacts=1[VillageTerrain] bounded=true
tick=3060 phase=following reason=path_ready wp=1 dist_wp=1.66 bearing_deg=0.78 speed=0.000 pos=(73.646,0.001,-116.221) thr=0.10 steer=0.00 blocked=false attempts=1 stuck_s=0.00 pitch=-0.00 roll=0.00 normal_y=1.00 contacts=1[VillageTerrain] bounded=true
tick=3090 phase=following reason=path_ready wp=1 dist_wp=1.66 bearing_deg=0.78 speed=0.000 pos=(73.646,0.001,-116.221) thr=0.10 steer=0.00 blocked=false attempts=1 stuck_s=0.00 pitch=-0.00 roll=0.00 normal_y=1.00 contacts=1[VillageTerrain] bounded=true
tick=3120 phase=following reason=path_ready wp=1 dist_wp=1.66 bearing_deg=0.78 speed=0.000 pos=(73.646,0.001,-116.221) thr=0.10 steer=0.00 blocked=false attempts=1 stuck_s=0.00 pitch=-0.00 roll=0.00 normal_y=1.00 contacts=1[VillageTerrain] bounded=true
tick=3150 phase=following reason=path_ready wp=1 dist_wp=1.66 bearing_deg=0.78 speed=0.000 pos=(73.646,0.001,-116.221) thr=0.10 steer=0.00 blocked=false attempts=1 stuck_s=0.00 pitch=-0.00 roll=0.00 normal_y=1.00 contacts=1[VillageTerrain] bounded=true
tick=3180 phase=following reason=path_ready wp=1 dist_wp=1.66 bearing_deg=0.78 speed=0.000 pos=(73.646,0.001,-116.221) thr=0.10 steer=0.00 blocked=false attempts=1 stuck_s=0.00 pitch=-0.00 roll=0.00 normal_y=1.00 contacts=1[VillageTerrain] bounded=true
tick=3210 phase=following reason=path_ready wp=1 dist_wp=1.66 bearing_deg=0.78 speed=0.000 pos=(73.646,0.001,-116.221) thr=0.10 steer=0.00 blocked=false attempts=1 stuck_s=0.00 pitch=-0.00 roll=0.00 normal_y=1.00 contacts=1[VillageTerrain] bounded=true
tick=3240 phase=following reason=path_ready wp=1 dist_wp=1.66 bearing_deg=0.78 speed=0.000 pos=(73.646,0.001,-116.221) thr=0.10 steer=0.00 blocked=false attempts=1 stuck_s=0.00 pitch=-0.00 roll=0.00 normal_y=1.00 contacts=1[VillageTerrain] bounded=true
tick=3270 phase=following reason=path_ready wp=1 dist_wp=1.66 bearing_deg=0.78 speed=0.000 pos=(73.646,0.001,-116.221) thr=0.10 steer=0.00 blocked=false attempts=1 stuck_s=0.00 pitch=-0.00 roll=0.00 normal_y=1.00 contacts=1[VillageTerrain] bounded=true
tick=3300 phase=following reason=path_ready wp=1 dist_wp=1.66 bearing_deg=0.78 speed=0.000 pos=(73.646,0.001,-116.221) thr=0.10 steer=0.00 blocked=false attempts=1 stuck_s=0.00 pitch=-0.00 roll=0.00 normal_y=1.00 contacts=1[VillageTerrain] bounded=true
tick=3330 phase=following reason=path_ready wp=1 dist_wp=1.66 bearing_deg=0.78 speed=0.000 pos=(73.646,0.001,-116.221) thr=0.10 steer=0.00 blocked=false attempts=1 stuck_s=0.00 pitch=-0.00 roll=0.00 normal_y=1.00 contacts=1[VillageTerrain] bounded=true
tick=3360 phase=following reason=path_ready wp=1 dist_wp=1.66 bearing_deg=0.78 speed=0.000 pos=(73.646,0.001,-116.221) thr=0.10 steer=0.00 blocked=false attempts=1 stuck_s=0.00 pitch=-0.00 roll=0.00 normal_y=1.00 contacts=1[VillageTerrain] bounded=true
tick=3390 phase=following reason=path_ready wp=1 dist_wp=1.66 bearing_deg=0.78 speed=0.000 pos=(73.646,0.001,-116.221) thr=0.10 steer=0.00 blocked=false attempts=1 stuck_s=0.00 pitch=-0.00 roll=0.00 normal_y=1.00 contacts=1[VillageTerrain] bounded=true
tick=3420 phase=following reason=path_ready wp=1 dist_wp=1.66 bearing_deg=0.78 speed=0.000 pos=(73.646,0.001,-116.221) thr=0.10 steer=0.00 blocked=false attempts=1 stuck_s=0.00 pitch=-0.00 roll=0.00 normal_y=1.00 contacts=1[VillageTerrain] bounded=true
tick=3450 phase=following reason=path_ready wp=1 dist_wp=1.66 bearing_deg=0.78 speed=0.000 pos=(73.646,0.001,-116.221) thr=0.10 steer=0.00 blocked=false attempts=1 stuck_s=0.00 pitch=-0.00 roll=0.00 normal_y=1.00 contacts=1[VillageTerrain] bounded=true
tick=3480 phase=following reason=path_ready wp=1 dist_wp=1.66 bearing_deg=0.78 speed=0.000 pos=(73.646,0.001,-116.221) thr=0.10 steer=0.00 blocked=false attempts=1 stuck_s=0.00 pitch=-0.00 roll=0.00 normal_y=1.00 contacts=1[VillageTerrain] bounded=true
tick=3510 phase=following reason=path_ready wp=1 dist_wp=1.66 bearing_deg=0.78 speed=0.000 pos=(73.646,0.001,-116.221) thr=0.10 steer=0.00 blocked=false attempts=1 stuck_s=0.00 pitch=-0.00 roll=0.00 normal_y=1.00 contacts=1[VillageTerrain] bounded=true
tick=3540 phase=following reason=path_ready wp=1 dist_wp=1.66 bearing_deg=0.78 speed=0.000 pos=(73.646,0.001,-116.221) thr=0.10 steer=0.00 blocked=false attempts=1 stuck_s=0.00 pitch=-0.00 roll=0.00 normal_y=1.00 contacts=1[VillageTerrain] bounded=true
tick=3570 phase=following reason=path_ready wp=1 dist_wp=1.66 bearing_deg=0.78 speed=0.000 pos=(73.646,0.001,-116.221) thr=0.10 steer=0.00 blocked=false attempts=1 stuck_s=0.00 pitch=-0.00 roll=0.00 normal_y=1.00 contacts=1[VillageTerrain] bounded=true
tick=3600 phase=following reason=path_ready wp=1 dist_wp=1.66 bearing_deg=0.78 speed=0.000 pos=(73.646,0.001,-116.221) thr=0.10 steer=0.00 blocked=false attempts=1 stuck_s=0.00 pitch=-0.00 roll=0.00 normal_y=1.00 contacts=1[VillageTerrain] bounded=true
tick=3630 phase=following reason=path_ready wp=1 dist_wp=1.66 bearing_deg=0.78 speed=0.000 pos=(73.646,0.001,-116.221) thr=0.10 steer=0.00 blocked=false attempts=1 stuck_s=0.00 pitch=-0.00 roll=0.00 normal_y=1.00 contacts=1[VillageTerrain] bounded=true
tick=3660 phase=following reason=path_ready wp=1 dist_wp=1.66 bearing_deg=0.78 speed=0.000 pos=(73.646,0.001,-116.221) thr=0.10 steer=0.00 blocked=false attempts=1 stuck_s=0.00 pitch=-0.00 roll=0.00 normal_y=1.00 contacts=1[VillageTerrain] bounded=true
tick=3690 phase=following reason=path_ready wp=1 dist_wp=1.66 bearing_deg=0.78 speed=0.000 pos=(73.646,0.001,-116.221) thr=0.10 steer=0.00 blocked=false attempts=1 stuck_s=0.00 pitch=-0.00 roll=0.00 normal_y=1.00 contacts=1[VillageTerrain] bounded=true
tick=3720 phase=following reason=path_ready wp=1 dist_wp=1.66 bearing_deg=0.78 speed=0.000 pos=(73.646,0.001,-116.221) thr=0.10 steer=0.00 blocked=false attempts=1 stuck_s=0.00 pitch=-0.00 roll=0.00 normal_y=1.00 contacts=1[VillageTerrain] bounded=true
tick=3750 phase=following reason=path_ready wp=1 dist_wp=1.66 bearing_deg=0.78 speed=0.000 pos=(73.646,0.001,-116.221) thr=0.10 steer=0.00 blocked=false attempts=1 stuck_s=0.00 pitch=-0.00 roll=0.00 normal_y=1.00 contacts=1[VillageTerrain] bounded=true
tick=3780 phase=following reason=path_ready wp=1 dist_wp=1.66 bearing_deg=0.78 speed=0.000 pos=(73.646,0.001,-116.221) thr=0.10 steer=0.00 blocked=false attempts=1 stuck_s=0.00 pitch=-0.00 roll=0.00 normal_y=1.00 contacts=1[VillageTerrain] bounded=true
tick=3810 phase=following reason=path_ready wp=1 dist_wp=1.66 bearing_deg=0.78 speed=0.000 pos=(73.646,0.001,-116.221) thr=0.10 steer=0.00 blocked=false attempts=1 stuck_s=0.00 pitch=-0.00 roll=0.00 normal_y=1.00 contacts=1[VillageTerrain] bounded=true
tick=3840 phase=following reason=path_ready wp=1 dist_wp=1.66 bearing_deg=0.78 speed=0.000 pos=(73.646,0.001,-116.221) thr=0.10 steer=0.00 blocked=false attempts=1 stuck_s=0.00 pitch=-0.00 roll=0.00 normal_y=1.00 contacts=1[VillageTerrain] bounded=true
tick=3870 phase=following reason=path_ready wp=1 dist_wp=1.66 bearing_deg=0.78 speed=0.000 pos=(73.646,0.001,-116.221) thr=0.10 steer=0.00 blocked=false attempts=1 stuck_s=0.00 pitch=-0.00 roll=0.00 normal_y=1.00 contacts=1[VillageTerrain] bounded=true
tick=3900 phase=following reason=path_ready wp=1 dist_wp=1.66 bearing_deg=0.78 speed=0.000 pos=(73.646,0.001,-116.221) thr=0.10 steer=0.00 blocked=false attempts=1 stuck_s=0.00 pitch=-0.00 roll=0.00 normal_y=1.00 contacts=1[VillageTerrain] bounded=true
tick=3930 phase=following reason=path_ready wp=1 dist_wp=1.66 bearing_deg=0.78 speed=0.000 pos=(73.646,0.001,-116.221) thr=0.10 steer=0.00 blocked=false attempts=1 stuck_s=0.00 pitch=-0.00 roll=0.00 normal_y=1.00 contacts=1[VillageTerrain] bounded=true
tick=3960 phase=following reason=path_ready wp=1 dist_wp=1.66 bearing_deg=0.78 speed=0.000 pos=(73.646,0.001,-116.221) thr=0.10 steer=0.00 blocked=false attempts=1 stuck_s=0.00 pitch=-0.00 roll=0.00 normal_y=1.00 contacts=1[VillageTerrain] bounded=true
tick=3990 phase=following reason=path_ready wp=1 dist_wp=1.66 bearing_deg=0.78 speed=0.000 pos=(73.646,0.001,-116.221) thr=0.10 steer=0.00 blocked=false attempts=1 stuck_s=0.00 pitch=-0.00 roll=0.00 normal_y=1.00 contacts=1[VillageTerrain] bounded=true
tick=4020 phase=following reason=path_ready wp=1 dist_wp=1.66 bearing_deg=0.78 speed=0.000 pos=(73.646,0.001,-116.221) thr=0.10 steer=0.00 blocked=false attempts=1 stuck_s=0.00 pitch=-0.00 roll=0.00 normal_y=1.00 contacts=1[VillageTerrain] bounded=true
tick=4050 phase=following reason=path_ready wp=1 dist_wp=1.66 bearing_deg=0.78 speed=0.000 pos=(73.646,0.001,-116.221) thr=0.10 steer=0.00 blocked=false attempts=1 stuck_s=0.00 pitch=-0.00 roll=0.00 normal_y=1.00 contacts=1[VillageTerrain] bounded=true
tick=4080 phase=following reason=path_ready wp=1 dist_wp=1.66 bearing_deg=0.78 speed=0.000 pos=(73.646,0.001,-116.221) thr=0.10 steer=0.00 blocked=false attempts=1 stuck_s=0.00 pitch=-0.00 roll=0.00 normal_y=1.00 contacts=1[VillageTerrain] bounded=true
tick=4110 phase=following reason=path_ready wp=1 dist_wp=1.66 bearing_deg=0.78 speed=0.000 pos=(73.646,0.001,-116.221) thr=0.10 steer=0.00 blocked=false attempts=1 stuck_s=0.00 pitch=-0.00 roll=0.00 normal_y=1.00 contacts=1[VillageTerrain] bounded=true
tick=4140 phase=following reason=path_ready wp=1 dist_wp=1.66 bearing_deg=0.78 speed=0.000 pos=(73.646,0.001,-116.221) thr=0.10 steer=0.00 blocked=false attempts=1 stuck_s=0.00 pitch=-0.00 roll=0.00 normal_y=1.00 contacts=1[VillageTerrain] bounded=true
tick=4170 phase=following reason=path_ready wp=1 dist_wp=1.66 bearing_deg=0.78 speed=0.000 pos=(73.646,0.001,-116.221) thr=0.10 steer=0.00 blocked=false attempts=1 stuck_s=0.00 pitch=-0.00 roll=0.00 normal_y=1.00 contacts=1[VillageTerrain] bounded=true
tick=4200 phase=following reason=path_ready wp=1 dist_wp=1.66 bearing_deg=0.78 speed=0.000 pos=(73.646,0.001,-116.221) thr=0.10 steer=0.00 blocked=false attempts=1 stuck_s=0.00 pitch=-0.00 roll=0.00 normal_y=1.00 contacts=1[VillageTerrain] bounded=true
tick=4230 phase=following reason=path_ready wp=1 dist_wp=1.66 bearing_deg=0.78 speed=0.000 pos=(73.646,0.001,-116.221) thr=0.10 steer=0.00 blocked=false attempts=1 stuck_s=0.00 pitch=-0.00 roll=0.00 normal_y=1.00 contacts=1[VillageTerrain] bounded=true
tick=4260 phase=following reason=path_ready wp=1 dist_wp=1.66 bearing_deg=0.78 speed=0.000 pos=(73.646,0.001,-116.221) thr=0.10 steer=0.00 blocked=false attempts=1 stuck_s=0.00 pitch=-0.00 roll=0.00 normal_y=1.00 contacts=1[VillageTerrain] bounded=true
tick=4290 phase=following reason=path_ready wp=1 dist_wp=1.66 bearing_deg=0.78 speed=0.000 pos=(73.646,0.001,-116.221) thr=0.10 steer=0.00 blocked=false attempts=1 stuck_s=0.00 pitch=-0.00 roll=0.00 normal_y=1.00 contacts=1[VillageTerrain] bounded=true
tick=4320 phase=following reason=path_ready wp=1 dist_wp=1.66 bearing_deg=0.78 speed=0.000 pos=(73.646,0.001,-116.221) thr=0.10 steer=0.00 blocked=false attempts=1 stuck_s=0.00 pitch=-0.00 roll=0.00 normal_y=1.00 contacts=1[VillageTerrain] bounded=true
tick=4350 phase=following reason=path_ready wp=1 dist_wp=1.66 bearing_deg=0.78 speed=0.000 pos=(73.646,0.001,-116.221) thr=0.10 steer=0.00 blocked=false attempts=1 stuck_s=0.00 pitch=-0.00 roll=0.00 normal_y=1.00 contacts=1[VillageTerrain] bounded=true
tick=4380 phase=following reason=path_ready wp=1 dist_wp=1.66 bearing_deg=0.78 speed=0.000 pos=(73.646,0.001,-116.221) thr=0.10 steer=0.00 blocked=false attempts=1 stuck_s=0.00 pitch=-0.00 roll=0.00 normal_y=1.00 contacts=1[VillageTerrain] bounded=true
tick=4410 phase=following reason=path_ready wp=1 dist_wp=1.66 bearing_deg=0.78 speed=0.000 pos=(73.646,0.001,-116.221) thr=0.10 steer=0.00 blocked=false attempts=1 stuck_s=0.00 pitch=-0.00 roll=0.00 normal_y=1.00 contacts=1[VillageTerrain] bounded=true
tick=4440 phase=following reason=path_ready wp=1 dist_wp=1.66 bearing_deg=0.78 speed=0.000 pos=(73.646,0.001,-116.221) thr=0.10 steer=0.00 blocked=false attempts=1 stuck_s=0.00 pitch=-0.00 roll=0.00 normal_y=1.00 contacts=1[VillageTerrain] bounded=true
tick=4470 phase=following reason=path_ready wp=1 dist_wp=1.66 bearing_deg=0.78 speed=0.000 pos=(73.646,0.001,-116.221) thr=0.10 steer=0.00 blocked=false attempts=1 stuck_s=0.00 pitch=-0.00 roll=0.00 normal_y=1.00 contacts=1[VillageTerrain] bounded=true
tick=4500 phase=following reason=path_ready wp=1 dist_wp=1.66 bearing_deg=0.78 speed=0.000 pos=(73.646,0.001,-116.221) thr=0.10 steer=0.00 blocked=false attempts=1 stuck_s=0.00 pitch=-0.00 roll=0.00 normal_y=1.00 contacts=1[VillageTerrain] bounded=true
tick=4530 phase=following reason=path_ready wp=1 dist_wp=1.66 bearing_deg=0.78 speed=0.000 pos=(73.646,0.001,-116.221) thr=0.10 steer=0.00 blocked=false attempts=1 stuck_s=0.00 pitch=-0.00 roll=0.00 normal_y=1.00 contacts=1[VillageTerrain] bounded=true
tick=4560 phase=following reason=path_ready wp=1 dist_wp=1.66 bearing_deg=0.78 speed=0.000 pos=(73.646,0.001,-116.221) thr=0.10 steer=0.00 blocked=false attempts=1 stuck_s=0.00 pitch=-0.00 roll=0.00 normal_y=1.00 contacts=1[VillageTerrain] bounded=true
tick=4590 phase=following reason=path_ready wp=1 dist_wp=1.66 bearing_deg=0.78 speed=0.000 pos=(73.646,0.001,-116.221) thr=0.10 steer=0.00 blocked=false attempts=1 stuck_s=0.00 pitch=-0.00 roll=0.00 normal_y=1.00 contacts=1[VillageTerrain] bounded=true
tick=4620 phase=following reason=path_ready wp=1 dist_wp=1.66 bearing_deg=0.78 speed=0.000 pos=(73.646,0.001,-116.221) thr=0.10 steer=0.00 blocked=false attempts=1 stuck_s=0.00 pitch=-0.00 roll=0.00 normal_y=1.00 contacts=1[VillageTerrain] bounded=true
tick=4650 phase=following reason=path_ready wp=1 dist_wp=1.66 bearing_deg=0.78 speed=0.000 pos=(73.646,0.001,-116.221) thr=0.10 steer=0.00 blocked=false attempts=1 stuck_s=0.00 pitch=-0.00 roll=0.00 normal_y=1.00 contacts=1[VillageTerrain] bounded=true
tick=4680 phase=following reason=path_ready wp=1 dist_wp=1.66 bearing_deg=0.78 speed=0.000 pos=(73.646,0.001,-116.221) thr=0.10 steer=0.00 blocked=false attempts=1 stuck_s=0.00 pitch=-0.00 roll=0.00 normal_y=1.00 contacts=1[VillageTerrain] bounded=true
tick=4710 phase=following reason=path_ready wp=1 dist_wp=1.66 bearing_deg=0.78 speed=0.000 pos=(73.646,0.001,-116.221) thr=0.10 steer=0.00 blocked=false attempts=1 stuck_s=0.00 pitch=-0.00 roll=0.00 normal_y=1.00 contacts=1[VillageTerrain] bounded=true
tick=4740 phase=following reason=path_ready wp=1 dist_wp=1.66 bearing_deg=0.78 speed=0.000 pos=(73.646,0.001,-116.221) thr=0.10 steer=0.00 blocked=false attempts=1 stuck_s=0.00 pitch=-0.00 roll=0.00 normal_y=1.00 contacts=1[VillageTerrain] bounded=true
tick=4770 phase=following reason=path_ready wp=1 dist_wp=1.66 bearing_deg=0.78 speed=0.000 pos=(73.646,0.001,-116.221) thr=0.10 steer=0.00 blocked=false attempts=1 stuck_s=0.00 pitch=-0.00 roll=0.00 normal_y=1.00 contacts=1[VillageTerrain] bounded=true
tick=4800 phase=following reason=path_ready wp=1 dist_wp=1.66 bearing_deg=0.78 speed=0.000 pos=(73.646,0.001,-116.221) thr=0.10 steer=0.00 blocked=false attempts=1 stuck_s=0.00 pitch=-0.00 roll=0.00 normal_y=1.00 contacts=1[VillageTerrain] bounded=true
tick=4830 phase=following reason=path_ready wp=1 dist_wp=1.66 bearing_deg=0.78 speed=0.000 pos=(73.646,0.001,-116.221) thr=0.10 steer=0.00 blocked=false attempts=1 stuck_s=0.00 pitch=-0.00 roll=0.00 normal_y=1.00 contacts=1[VillageTerrain] bounded=true
tick=4860 phase=following reason=path_ready wp=1 dist_wp=1.66 bearing_deg=0.78 speed=0.000 pos=(73.646,0.001,-116.221) thr=0.10 steer=0.00 blocked=false attempts=1 stuck_s=0.00 pitch=-0.00 roll=0.00 normal_y=1.00 contacts=1[VillageTerrain] bounded=true
tick=4890 phase=following reason=path_ready wp=1 dist_wp=1.66 bearing_deg=0.78 speed=0.000 pos=(73.646,0.001,-116.221) thr=0.10 steer=0.00 blocked=false attempts=1 stuck_s=0.00 pitch=-0.00 roll=0.00 normal_y=1.00 contacts=1[VillageTerrain] bounded=true
tick=4920 phase=following reason=path_ready wp=1 dist_wp=1.66 bearing_deg=0.78 speed=0.000 pos=(73.646,0.001,-116.221) thr=0.10 steer=0.00 blocked=false attempts=1 stuck_s=0.00 pitch=-0.00 roll=0.00 normal_y=1.00 contacts=1[VillageTerrain] bounded=true
tick=4950 phase=following reason=path_ready wp=1 dist_wp=1.66 bearing_deg=0.78 speed=0.000 pos=(73.646,0.001,-116.221) thr=0.10 steer=0.00 blocked=false attempts=1 stuck_s=0.00 pitch=-0.00 roll=0.00 normal_y=1.00 contacts=1[VillageTerrain] bounded=true
tick=4980 phase=following reason=path_ready wp=1 dist_wp=1.66 bearing_deg=0.78 speed=0.000 pos=(73.646,0.001,-116.221) thr=0.10 steer=0.00 blocked=false attempts=1 stuck_s=0.00 pitch=-0.00 roll=0.00 normal_y=1.00 contacts=1[VillageTerrain] bounded=true
tick=5010 phase=following reason=path_ready wp=1 dist_wp=1.66 bearing_deg=0.78 speed=0.000 pos=(73.646,0.001,-116.221) thr=0.10 steer=0.00 blocked=false attempts=1 stuck_s=0.00 pitch=-0.00 roll=0.00 normal_y=1.00 contacts=1[VillageTerrain] bounded=true
tick=5040 phase=following reason=path_ready wp=1 dist_wp=1.66 bearing_deg=0.78 speed=0.000 pos=(73.646,0.001,-116.221) thr=0.10 steer=0.00 blocked=false attempts=1 stuck_s=0.00 pitch=-0.00 roll=0.00 normal_y=1.00 contacts=1[VillageTerrain] bounded=true
tick=5070 phase=following reason=path_ready wp=1 dist_wp=1.66 bearing_deg=0.78 speed=0.000 pos=(73.646,0.001,-116.221) thr=0.10 steer=0.00 blocked=false attempts=1 stuck_s=0.00 pitch=-0.00 roll=0.00 normal_y=1.00 contacts=1[VillageTerrain] bounded=true
tick=5100 phase=following reason=path_ready wp=1 dist_wp=1.66 bearing_deg=0.78 speed=0.000 pos=(73.646,0.001,-116.221) thr=0.10 steer=0.00 blocked=false attempts=1 stuck_s=0.00 pitch=-0.00 roll=0.00 normal_y=1.00 contacts=1[VillageTerrain] bounded=true
tick=5130 phase=following reason=path_ready wp=1 dist_wp=1.66 bearing_deg=0.78 speed=0.000 pos=(73.646,0.001,-116.221) thr=0.10 steer=0.00 blocked=false attempts=1 stuck_s=0.00 pitch=-0.00 roll=0.00 normal_y=1.00 contacts=1[VillageTerrain] bounded=true
tick=5160 phase=following reason=path_ready wp=1 dist_wp=1.66 bearing_deg=0.78 speed=0.000 pos=(73.646,0.001,-116.221) thr=0.10 steer=0.00 blocked=false attempts=1 stuck_s=0.00 pitch=-0.00 roll=0.00 normal_y=1.00 contacts=1[VillageTerrain] bounded=true
tick=5190 phase=following reason=path_ready wp=1 dist_wp=1.66 bearing_deg=0.78 speed=0.000 pos=(73.646,0.001,-116.221) thr=0.10 steer=0.00 blocked=false attempts=1 stuck_s=0.00 pitch=-0.00 roll=0.00 normal_y=1.00 contacts=1[VillageTerrain] bounded=true
tick=5220 phase=following reason=path_ready wp=1 dist_wp=1.66 bearing_deg=0.78 speed=0.000 pos=(73.646,0.001,-116.221) thr=0.10 steer=0.00 blocked=false attempts=1 stuck_s=0.00 pitch=-0.00 roll=0.00 normal_y=1.00 contacts=1[VillageTerrain] bounded=true
tick=5250 phase=following reason=path_ready wp=1 dist_wp=1.66 bearing_deg=0.78 speed=0.000 pos=(73.646,0.001,-116.221) thr=0.10 steer=0.00 blocked=false attempts=1 stuck_s=0.00 pitch=-0.00 roll=0.00 normal_y=1.00 contacts=1[VillageTerrain] bounded=true
tick=5280 phase=following reason=path_ready wp=1 dist_wp=1.66 bearing_deg=0.78 speed=0.000 pos=(73.646,0.001,-116.221) thr=0.10 steer=0.00 blocked=false attempts=1 stuck_s=0.00 pitch=-0.00 roll=0.00 normal_y=1.00 contacts=1[VillageTerrain] bounded=true
tick=5310 phase=following reason=path_ready wp=1 dist_wp=1.66 bearing_deg=0.78 speed=0.000 pos=(73.646,0.001,-116.221) thr=0.10 steer=0.00 blocked=false attempts=1 stuck_s=0.00 pitch=-0.00 roll=0.00 normal_y=1.00 contacts=1[VillageTerrain] bounded=true
tick=5340 phase=following reason=path_ready wp=1 dist_wp=1.66 bearing_deg=0.78 speed=0.000 pos=(73.646,0.001,-116.221) thr=0.10 steer=0.00 blocked=false attempts=1 stuck_s=0.00 pitch=-0.00 roll=0.00 normal_y=1.00 contacts=1[VillageTerrain] bounded=true
tick=5370 phase=following reason=path_ready wp=1 dist_wp=1.66 bearing_deg=0.78 speed=0.000 pos=(73.646,0.001,-116.221) thr=0.10 steer=0.00 blocked=false attempts=1 stuck_s=0.00 pitch=-0.00 roll=0.00 normal_y=1.00 contacts=1[VillageTerrain] bounded=true
tick=5400 phase=following reason=path_ready wp=1 dist_wp=1.66 bearing_deg=0.78 speed=0.000 pos=(73.646,0.001,-116.221) thr=0.10 steer=0.00 blocked=false attempts=1 stuck_s=0.00 pitch=-0.00 roll=0.00 normal_y=1.00 contacts=1[VillageTerrain] bounded=true
tick=5430 phase=following reason=path_ready wp=1 dist_wp=1.66 bearing_deg=0.78 speed=0.000 pos=(73.646,0.001,-116.221) thr=0.10 steer=0.00 blocked=false attempts=1 stuck_s=0.00 pitch=-0.00 roll=0.00 normal_y=1.00 contacts=1[VillageTerrain] bounded=true
tick=5460 phase=following reason=path_ready wp=1 dist_wp=1.66 bearing_deg=0.78 speed=0.000 pos=(73.646,0.001,-116.221) thr=0.10 steer=0.00 blocked=false attempts=1 stuck_s=0.00 pitch=-0.00 roll=0.00 normal_y=1.00 contacts=1[VillageTerrain] bounded=true
tick=5490 phase=following reason=path_ready wp=1 dist_wp=1.66 bearing_deg=0.78 speed=0.000 pos=(73.646,0.001,-116.221) thr=0.10 steer=0.00 blocked=false attempts=1 stuck_s=0.00 pitch=-0.00 roll=0.00 normal_y=1.00 contacts=1[VillageTerrain] bounded=true
tick=5520 phase=following reason=path_ready wp=1 dist_wp=1.66 bearing_deg=0.78 speed=0.000 pos=(73.646,0.001,-116.221) thr=0.10 steer=0.00 blocked=false attempts=1 stuck_s=0.00 pitch=-0.00 roll=0.00 normal_y=1.00 contacts=1[VillageTerrain] bounded=true
tick=5550 phase=following reason=path_ready wp=1 dist_wp=1.66 bearing_deg=0.78 speed=0.000 pos=(73.646,0.001,-116.221) thr=0.10 steer=0.00 blocked=false attempts=1 stuck_s=0.00 pitch=-0.00 roll=0.00 normal_y=1.00 contacts=1[VillageTerrain] bounded=true
tick=5580 phase=following reason=path_ready wp=1 dist_wp=1.66 bearing_deg=0.78 speed=0.000 pos=(73.646,0.001,-116.221) thr=0.10 steer=0.00 blocked=false attempts=1 stuck_s=0.00 pitch=-0.00 roll=0.00 normal_y=1.00 contacts=1[VillageTerrain] bounded=true
tick=5610 phase=following reason=path_ready wp=1 dist_wp=1.66 bearing_deg=0.78 speed=0.000 pos=(73.646,0.001,-116.221) thr=0.10 steer=0.00 blocked=false attempts=1 stuck_s=0.00 pitch=-0.00 roll=0.00 normal_y=1.00 contacts=1[VillageTerrain] bounded=true
tick=5640 phase=following reason=path_ready wp=1 dist_wp=1.66 bearing_deg=0.78 speed=0.000 pos=(73.646,0.001,-116.221) thr=0.10 steer=0.00 blocked=false attempts=1 stuck_s=0.00 pitch=-0.00 roll=0.00 normal_y=1.00 contacts=1[VillageTerrain] bounded=true
tick=5670 phase=following reason=path_ready wp=1 dist_wp=1.66 bearing_deg=0.78 speed=0.000 pos=(73.646,0.001,-116.221) thr=0.10 steer=0.00 blocked=false attempts=1 stuck_s=0.00 pitch=-0.00 roll=0.00 normal_y=1.00 contacts=1[VillageTerrain] bounded=true
tick=5700 phase=following reason=path_ready wp=1 dist_wp=1.66 bearing_deg=0.78 speed=0.000 pos=(73.646,0.001,-116.221) thr=0.10 steer=0.00 blocked=false attempts=1 stuck_s=0.00 pitch=-0.00 roll=0.00 normal_y=1.00 contacts=1[VillageTerrain] bounded=true
tick=5730 phase=following reason=path_ready wp=1 dist_wp=1.66 bearing_deg=0.78 speed=0.000 pos=(73.646,0.001,-116.221) thr=0.10 steer=0.00 blocked=false attempts=1 stuck_s=0.00 pitch=-0.00 roll=0.00 normal_y=1.00 contacts=1[VillageTerrain] bounded=true
tick=5760 phase=following reason=path_ready wp=1 dist_wp=1.66 bearing_deg=0.78 speed=0.000 pos=(73.646,0.001,-116.221) thr=0.10 steer=0.00 blocked=false attempts=1 stuck_s=0.00 pitch=-0.00 roll=0.00 normal_y=1.00 contacts=1[VillageTerrain] bounded=true
tick=5790 phase=following reason=path_ready wp=1 dist_wp=1.66 bearing_deg=0.78 speed=0.000 pos=(73.646,0.001,-116.221) thr=0.10 steer=0.00 blocked=false attempts=1 stuck_s=0.00 pitch=-0.00 roll=0.00 normal_y=1.00 contacts=1[VillageTerrain] bounded=true
tick=5820 phase=following reason=path_ready wp=1 dist_wp=1.66 bearing_deg=0.78 speed=0.000 pos=(73.646,0.001,-116.221) thr=0.10 steer=0.00 blocked=false attempts=1 stuck_s=0.00 pitch=-0.00 roll=0.00 normal_y=1.00 contacts=1[VillageTerrain] bounded=true
tick=5850 phase=following reason=path_ready wp=1 dist_wp=1.66 bearing_deg=0.78 speed=0.000 pos=(73.646,0.001,-116.221) thr=0.10 steer=0.00 blocked=false attempts=1 stuck_s=0.00 pitch=-0.00 roll=0.00 normal_y=1.00 contacts=1[VillageTerrain] bounded=true
tick=5880 phase=following reason=path_ready wp=1 dist_wp=1.66 bearing_deg=0.78 speed=0.000 pos=(73.646,0.001,-116.221) thr=0.10 steer=0.00 blocked=false attempts=1 stuck_s=0.00 pitch=-0.00 roll=0.00 normal_y=1.00 contacts=1[VillageTerrain] bounded=true
tick=5910 phase=following reason=path_ready wp=1 dist_wp=1.66 bearing_deg=0.78 speed=0.000 pos=(73.646,0.001,-116.221) thr=0.10 steer=0.00 blocked=false attempts=1 stuck_s=0.00 pitch=-0.00 roll=0.00 normal_y=1.00 contacts=1[VillageTerrain] bounded=true
tick=5940 phase=following reason=path_ready wp=1 dist_wp=1.66 bearing_deg=0.78 speed=0.000 pos=(73.646,0.001,-116.221) thr=0.10 steer=0.00 blocked=false attempts=1 stuck_s=0.00 pitch=-0.00 roll=0.00 normal_y=1.00 contacts=1[VillageTerrain] bounded=true
tick=5970 phase=following reason=path_ready wp=1 dist_wp=1.66 bearing_deg=0.78 speed=0.000 pos=(73.646,0.001,-116.221) thr=0.10 steer=0.00 blocked=false attempts=1 stuck_s=0.00 pitch=-0.00 roll=0.00 normal_y=1.00 contacts=1[VillageTerrain] bounded=true
tick=6000 phase=following reason=path_ready wp=1 dist_wp=1.66 bearing_deg=0.78 speed=0.000 pos=(73.646,0.001,-116.221) thr=0.10 steer=0.00 blocked=false attempts=1 stuck_s=0.00 pitch=-0.00 roll=0.00 normal_y=1.00 contacts=1[VillageTerrain] bounded=true
tick=6030 phase=following reason=path_ready wp=1 dist_wp=1.66 bearing_deg=0.78 speed=0.000 pos=(73.646,0.001,-116.221) thr=0.10 steer=0.00 blocked=false attempts=1 stuck_s=0.00 pitch=-0.00 roll=0.00 normal_y=1.00 contacts=1[VillageTerrain] bounded=true
tick=6060 phase=following reason=path_ready wp=1 dist_wp=1.66 bearing_deg=0.78 speed=0.000 pos=(73.646,0.001,-116.221) thr=0.10 steer=0.00 blocked=false attempts=1 stuck_s=0.00 pitch=-0.00 roll=0.00 normal_y=1.00 contacts=1[VillageTerrain] bounded=true
tick=6090 phase=following reason=path_ready wp=1 dist_wp=1.66 bearing_deg=0.78 speed=0.000 pos=(73.646,0.001,-116.221) thr=0.10 steer=0.00 blocked=false attempts=1 stuck_s=0.00 pitch=-0.00 roll=0.00 normal_y=1.00 contacts=1[VillageTerrain] bounded=true
tick=6120 phase=following reason=path_ready wp=1 dist_wp=1.66 bearing_deg=0.78 speed=0.000 pos=(73.646,0.001,-116.221) thr=0.10 steer=0.00 blocked=false attempts=1 stuck_s=0.00 pitch=-0.00 roll=0.00 normal_y=1.00 contacts=1[VillageTerrain] bounded=true
tick=6150 phase=following reason=path_ready wp=1 dist_wp=1.66 bearing_deg=0.78 speed=0.000 pos=(73.646,0.001,-116.221) thr=0.10 steer=0.00 blocked=false attempts=1 stuck_s=0.00 pitch=-0.00 roll=0.00 normal_y=1.00 contacts=1[VillageTerrain] bounded=true
tick=6180 phase=following reason=path_ready wp=1 dist_wp=1.66 bearing_deg=0.78 speed=0.000 pos=(73.646,0.001,-116.221) thr=0.10 steer=0.00 blocked=false attempts=1 stuck_s=0.00 pitch=-0.00 roll=0.00 normal_y=1.00 contacts=1[VillageTerrain] bounded=true
tick=6210 phase=following reason=path_ready wp=1 dist_wp=1.66 bearing_deg=0.78 speed=0.000 pos=(73.646,0.001,-116.221) thr=0.10 steer=0.00 blocked=false attempts=1 stuck_s=0.00 pitch=-0.00 roll=0.00 normal_y=1.00 contacts=1[VillageTerrain] bounded=true
tick=6240 phase=following reason=path_ready wp=1 dist_wp=1.66 bearing_deg=0.78 speed=0.000 pos=(73.646,0.001,-116.221) thr=0.10 steer=0.00 blocked=false attempts=1 stuck_s=0.00 pitch=-0.00 roll=0.00 normal_y=1.00 contacts=1[VillageTerrain] bounded=true
tick=6270 phase=following reason=path_ready wp=1 dist_wp=1.66 bearing_deg=0.78 speed=0.000 pos=(73.646,0.001,-116.221) thr=0.10 steer=0.00 blocked=false attempts=1 stuck_s=0.00 pitch=-0.00 roll=0.00 normal_y=1.00 contacts=1[VillageTerrain] bounded=true
tick=6300 phase=following reason=path_ready wp=1 dist_wp=1.66 bearing_deg=0.78 speed=0.000 pos=(73.646,0.001,-116.221) thr=0.10 steer=0.00 blocked=false attempts=1 stuck_s=0.00 pitch=-0.00 roll=0.00 normal_y=1.00 contacts=1[VillageTerrain] bounded=true
tick=6330 phase=following reason=path_ready wp=1 dist_wp=1.66 bearing_deg=0.78 speed=0.000 pos=(73.646,0.001,-116.221) thr=0.10 steer=0.00 blocked=false attempts=1 stuck_s=0.00 pitch=-0.00 roll=0.00 normal_y=1.00 contacts=1[VillageTerrain] bounded=true
tick=6360 phase=following reason=path_ready wp=1 dist_wp=1.66 bearing_deg=0.78 speed=0.000 pos=(73.646,0.001,-116.221) thr=0.10 steer=0.00 blocked=false attempts=1 stuck_s=0.00 pitch=-0.00 roll=0.00 normal_y=1.00 contacts=1[VillageTerrain] bounded=true
tick=6390 phase=following reason=path_ready wp=1 dist_wp=1.66 bearing_deg=0.78 speed=0.000 pos=(73.646,0.001,-116.221) thr=0.10 steer=0.00 blocked=false attempts=1 stuck_s=0.00 pitch=-0.00 roll=0.00 normal_y=1.00 contacts=1[VillageTerrain] bounded=true
tick=6420 phase=following reason=path_ready wp=1 dist_wp=1.66 bearing_deg=0.78 speed=0.000 pos=(73.646,0.001,-116.221) thr=0.10 steer=0.00 blocked=false attempts=1 stuck_s=0.00 pitch=-0.00 roll=0.00 normal_y=1.00 contacts=1[VillageTerrain] bounded=true
tick=6450 phase=following reason=path_ready wp=1 dist_wp=1.66 bearing_deg=0.78 speed=0.000 pos=(73.646,0.001,-116.221) thr=0.10 steer=0.00 blocked=false attempts=1 stuck_s=0.00 pitch=-0.00 roll=0.00 normal_y=1.00 contacts=1[VillageTerrain] bounded=true
tick=6480 phase=following reason=path_ready wp=1 dist_wp=1.66 bearing_deg=0.78 speed=0.000 pos=(73.646,0.001,-116.221) thr=0.10 steer=0.00 blocked=false attempts=1 stuck_s=0.00 pitch=-0.00 roll=0.00 normal_y=1.00 contacts=1[VillageTerrain] bounded=true
tick=6510 phase=following reason=path_ready wp=1 dist_wp=1.66 bearing_deg=0.78 speed=0.000 pos=(73.646,0.001,-116.221) thr=0.10 steer=0.00 blocked=false attempts=1 stuck_s=0.00 pitch=-0.00 roll=0.00 normal_y=1.00 contacts=1[VillageTerrain] bounded=true
tick=6540 phase=following reason=path_ready wp=1 dist_wp=1.66 bearing_deg=0.78 speed=0.000 pos=(73.646,0.001,-116.221) thr=0.10 steer=0.00 blocked=false attempts=1 stuck_s=0.00 pitch=-0.00 roll=0.00 normal_y=1.00 contacts=1[VillageTerrain] bounded=true
tick=6570 phase=following reason=path_ready wp=1 dist_wp=1.66 bearing_deg=0.78 speed=0.000 pos=(73.646,0.001,-116.221) thr=0.10 steer=0.00 blocked=false attempts=1 stuck_s=0.00 pitch=-0.00 roll=0.00 normal_y=1.00 contacts=1[VillageTerrain] bounded=true
tick=6600 phase=following reason=path_ready wp=1 dist_wp=1.66 bearing_deg=0.78 speed=0.000 pos=(73.646,0.001,-116.221) thr=0.10 steer=0.00 blocked=false attempts=1 stuck_s=0.00 pitch=-0.00 roll=0.00 normal_y=1.00 contacts=1[VillageTerrain] bounded=true
tick=6630 phase=following reason=path_ready wp=1 dist_wp=1.66 bearing_deg=0.78 speed=0.000 pos=(73.646,0.001,-116.221) thr=0.10 steer=0.00 blocked=false attempts=1 stuck_s=0.00 pitch=-0.00 roll=0.00 normal_y=1.00 contacts=1[VillageTerrain] bounded=true
tick=6660 phase=following reason=path_ready wp=1 dist_wp=1.66 bearing_deg=0.78 speed=0.000 pos=(73.646,0.001,-116.221) thr=0.10 steer=0.00 blocked=false attempts=1 stuck_s=0.00 pitch=-0.00 roll=0.00 normal_y=1.00 contacts=1[VillageTerrain] bounded=true
tick=6690 phase=following reason=path_ready wp=1 dist_wp=1.66 bearing_deg=0.78 speed=0.000 pos=(73.646,0.001,-116.221) thr=0.10 steer=0.00 blocked=false attempts=1 stuck_s=0.00 pitch=-0.00 roll=0.00 normal_y=1.00 contacts=1[VillageTerrain] bounded=true
tick=6720 phase=following reason=path_ready wp=1 dist_wp=1.66 bearing_deg=0.78 speed=0.000 pos=(73.646,0.001,-116.221) thr=0.10 steer=0.00 blocked=false attempts=1 stuck_s=0.00 pitch=-0.00 roll=0.00 normal_y=1.00 contacts=1[VillageTerrain] bounded=true
tick=6750 phase=following reason=path_ready wp=1 dist_wp=1.66 bearing_deg=0.78 speed=0.000 pos=(73.646,0.001,-116.221) thr=0.10 steer=0.00 blocked=false attempts=1 stuck_s=0.00 pitch=-0.00 roll=0.00 normal_y=1.00 contacts=1[VillageTerrain] bounded=true
tick=6780 phase=following reason=path_ready wp=1 dist_wp=1.66 bearing_deg=0.78 speed=0.000 pos=(73.646,0.001,-116.221) thr=0.10 steer=0.00 blocked=false attempts=1 stuck_s=0.00 pitch=-0.00 roll=0.00 normal_y=1.00 contacts=1[VillageTerrain] bounded=true
tick=6810 phase=following reason=path_ready wp=1 dist_wp=1.66 bearing_deg=0.78 speed=0.000 pos=(73.646,0.001,-116.221) thr=0.10 steer=0.00 blocked=false attempts=1 stuck_s=0.00 pitch=-0.00 roll=0.00 normal_y=1.00 contacts=1[VillageTerrain] bounded=true
tick=6840 phase=following reason=path_ready wp=1 dist_wp=1.66 bearing_deg=0.78 speed=0.000 pos=(73.646,0.001,-116.221) thr=0.10 steer=0.00 blocked=false attempts=1 stuck_s=0.00 pitch=-0.00 roll=0.00 normal_y=1.00 contacts=1[VillageTerrain] bounded=true
tick=6870 phase=following reason=path_ready wp=1 dist_wp=1.66 bearing_deg=0.78 speed=0.000 pos=(73.646,0.001,-116.221) thr=0.10 steer=0.00 blocked=false attempts=1 stuck_s=0.00 pitch=-0.00 roll=0.00 normal_y=1.00 contacts=1[VillageTerrain] bounded=true
tick=6900 phase=following reason=path_ready wp=1 dist_wp=1.66 bearing_deg=0.78 speed=0.000 pos=(73.646,0.001,-116.221) thr=0.10 steer=0.00 blocked=false attempts=1 stuck_s=0.00 pitch=-0.00 roll=0.00 normal_y=1.00 contacts=1[VillageTerrain] bounded=true
tick=6930 phase=following reason=path_ready wp=1 dist_wp=1.66 bearing_deg=0.78 speed=0.000 pos=(73.646,0.001,-116.221) thr=0.10 steer=0.00 blocked=false attempts=1 stuck_s=0.00 pitch=-0.00 roll=0.00 normal_y=1.00 contacts=1[VillageTerrain] bounded=true
tick=6960 phase=following reason=path_ready wp=1 dist_wp=1.66 bearing_deg=0.78 speed=0.000 pos=(73.646,0.001,-116.221) thr=0.10 steer=0.00 blocked=false attempts=1 stuck_s=0.00 pitch=-0.00 roll=0.00 normal_y=1.00 contacts=1[VillageTerrain] bounded=true
tick=6990 phase=following reason=path_ready wp=1 dist_wp=1.66 bearing_deg=0.78 speed=0.000 pos=(73.646,0.001,-116.221) thr=0.10 steer=0.00 blocked=false attempts=1 stuck_s=0.00 pitch=-0.00 roll=0.00 normal_y=1.00 contacts=1[VillageTerrain] bounded=true
tick=7020 phase=following reason=path_ready wp=1 dist_wp=1.66 bearing_deg=0.78 speed=0.000 pos=(73.646,0.001,-116.221) thr=0.10 steer=0.00 blocked=false attempts=1 stuck_s=0.00 pitch=-0.00 roll=0.00 normal_y=1.00 contacts=1[VillageTerrain] bounded=true
tick=7050 phase=following reason=path_ready wp=1 dist_wp=1.66 bearing_deg=0.78 speed=0.000 pos=(73.646,0.001,-116.221) thr=0.10 steer=0.00 blocked=false attempts=1 stuck_s=0.00 pitch=-0.00 roll=0.00 normal_y=1.00 contacts=1[VillageTerrain] bounded=true
tick=7080 phase=following reason=path_ready wp=1 dist_wp=1.66 bearing_deg=0.78 speed=0.000 pos=(73.646,0.001,-116.221) thr=0.10 steer=0.00 blocked=false attempts=1 stuck_s=0.00 pitch=-0.00 roll=0.00 normal_y=1.00 contacts=1[VillageTerrain] bounded=true
tick=7110 phase=following reason=path_ready wp=1 dist_wp=1.66 bearing_deg=0.78 speed=0.000 pos=(73.646,0.001,-116.221) thr=0.10 steer=0.00 blocked=false attempts=1 stuck_s=0.00 pitch=-0.00 roll=0.00 normal_y=1.00 contacts=1[VillageTerrain] bounded=true
tick=7140 phase=following reason=path_ready wp=1 dist_wp=1.66 bearing_deg=0.78 speed=0.000 pos=(73.646,0.001,-116.221) thr=0.10 steer=0.00 blocked=false attempts=1 stuck_s=0.00 pitch=-0.00 roll=0.00 normal_y=1.00 contacts=1[VillageTerrain] bounded=true
tick=7170 phase=following reason=path_ready wp=1 dist_wp=1.66 bearing_deg=0.78 speed=0.000 pos=(73.646,0.001,-116.221) thr=0.10 steer=0.00 blocked=false attempts=1 stuck_s=0.00 pitch=-0.00 roll=0.00 normal_y=1.00 contacts=1[VillageTerrain] bounded=true
tick=7200 phase=following reason=path_ready wp=1 dist_wp=1.66 bearing_deg=0.78 speed=0.000 pos=(73.646,0.001,-116.221) thr=0.10 steer=0.00 blocked=false attempts=1 stuck_s=0.00 pitch=-0.00 roll=0.00 normal_y=1.00 contacts=1[VillageTerrain] bounded=true
tick=7230 phase=following reason=path_ready wp=1 dist_wp=1.66 bearing_deg=0.78 speed=0.000 pos=(73.646,0.001,-116.221) thr=0.10 steer=0.00 blocked=false attempts=1 stuck_s=0.00 pitch=-0.00 roll=0.00 normal_y=1.00 contacts=1[VillageTerrain] bounded=true
tick=7260 phase=following reason=path_ready wp=1 dist_wp=1.66 bearing_deg=0.78 speed=0.000 pos=(73.646,0.001,-116.221) thr=0.10 steer=0.00 blocked=false attempts=1 stuck_s=0.00 pitch=-0.00 roll=0.00 normal_y=1.00 contacts=1[VillageTerrain] bounded=true
tick=7290 phase=following reason=path_ready wp=1 dist_wp=1.66 bearing_deg=0.78 speed=0.000 pos=(73.646,0.001,-116.221) thr=0.10 steer=0.00 blocked=false attempts=1 stuck_s=0.00 pitch=-0.00 roll=0.00 normal_y=1.00 contacts=1[VillageTerrain] bounded=true
tick=7320 phase=following reason=path_ready wp=1 dist_wp=1.66 bearing_deg=0.78 speed=0.000 pos=(73.646,0.001,-116.221) thr=0.10 steer=0.00 blocked=false attempts=1 stuck_s=0.00 pitch=-0.00 roll=0.00 normal_y=1.00 contacts=1[VillageTerrain] bounded=true
tick=7350 phase=following reason=path_ready wp=1 dist_wp=1.66 bearing_deg=0.78 speed=0.000 pos=(73.646,0.001,-116.221) thr=0.10 steer=0.00 blocked=false attempts=1 stuck_s=0.00 pitch=-0.00 roll=0.00 normal_y=1.00 contacts=1[VillageTerrain] bounded=true
tick=7380 phase=following reason=path_ready wp=1 dist_wp=1.66 bearing_deg=0.78 speed=0.000 pos=(73.646,0.001,-116.221) thr=0.10 steer=0.00 blocked=false attempts=1 stuck_s=0.00 pitch=-0.00 roll=0.00 normal_y=1.00 contacts=1[VillageTerrain] bounded=true
tick=7410 phase=following reason=path_ready wp=1 dist_wp=1.66 bearing_deg=0.78 speed=0.000 pos=(73.646,0.001,-116.221) thr=0.10 steer=0.00 blocked=false attempts=1 stuck_s=0.00 pitch=-0.00 roll=0.00 normal_y=1.00 contacts=1[VillageTerrain] bounded=true
tick=7440 phase=following reason=path_ready wp=1 dist_wp=1.66 bearing_deg=0.78 speed=0.000 pos=(73.646,0.001,-116.221) thr=0.10 steer=0.00 blocked=false attempts=1 stuck_s=0.00 pitch=-0.00 roll=0.00 normal_y=1.00 contacts=1[VillageTerrain] bounded=true
tick=7470 phase=following reason=path_ready wp=1 dist_wp=1.66 bearing_deg=0.78 speed=0.000 pos=(73.646,0.001,-116.221) thr=0.10 steer=0.00 blocked=false attempts=1 stuck_s=0.00 pitch=-0.00 roll=0.00 normal_y=1.00 contacts=1[VillageTerrain] bounded=true
tick=7500 phase=following reason=path_ready wp=1 dist_wp=1.66 bearing_deg=0.78 speed=0.000 pos=(73.646,0.001,-116.221) thr=0.10 steer=0.00 blocked=false attempts=1 stuck_s=0.00 pitch=-0.00 roll=0.00 normal_y=1.00 contacts=1[VillageTerrain] bounded=true
tick=7530 phase=following reason=path_ready wp=1 dist_wp=1.66 bearing_deg=0.78 speed=0.000 pos=(73.646,0.001,-116.221) thr=0.10 steer=0.00 blocked=false attempts=1 stuck_s=0.00 pitch=-0.00 roll=0.00 normal_y=1.00 contacts=1[VillageTerrain] bounded=true
tick=7560 phase=following reason=path_ready wp=1 dist_wp=1.66 bearing_deg=0.78 speed=0.000 pos=(73.646,0.001,-116.221) thr=0.10 steer=0.00 blocked=false attempts=1 stuck_s=0.00 pitch=-0.00 roll=0.00 normal_y=1.00 contacts=1[VillageTerrain] bounded=true
tick=7590 phase=following reason=path_ready wp=1 dist_wp=1.66 bearing_deg=0.78 speed=0.000 pos=(73.646,0.001,-116.221) thr=0.10 steer=0.00 blocked=false attempts=1 stuck_s=0.00 pitch=-0.00 roll=0.00 normal_y=1.00 contacts=1[VillageTerrain] bounded=true
tick=7620 phase=following reason=path_ready wp=1 dist_wp=1.66 bearing_deg=0.78 speed=0.000 pos=(73.646,0.001,-116.221) thr=0.10 steer=0.00 blocked=false attempts=1 stuck_s=0.00 pitch=-0.00 roll=0.00 normal_y=1.00 contacts=1[VillageTerrain] bounded=true
tick=7650 phase=following reason=path_ready wp=1 dist_wp=1.66 bearing_deg=0.78 speed=0.000 pos=(73.646,0.001,-116.221) thr=0.10 steer=0.00 blocked=false attempts=1 stuck_s=0.00 pitch=-0.00 roll=0.00 normal_y=1.00 contacts=1[VillageTerrain] bounded=true
tick=7680 phase=following reason=path_ready wp=1 dist_wp=1.66 bearing_deg=0.78 speed=0.000 pos=(73.646,0.001,-116.221) thr=0.10 steer=0.00 blocked=false attempts=1 stuck_s=0.00 pitch=-0.00 roll=0.00 normal_y=1.00 contacts=1[VillageTerrain] bounded=true
tick=7710 phase=following reason=path_ready wp=1 dist_wp=1.66 bearing_deg=0.78 speed=0.000 pos=(73.646,0.001,-116.221) thr=0.10 steer=0.00 blocked=false attempts=1 stuck_s=0.00 pitch=-0.00 roll=0.00 normal_y=1.00 contacts=1[VillageTerrain] bounded=true
tick=7740 phase=following reason=path_ready wp=1 dist_wp=1.66 bearing_deg=0.78 speed=0.000 pos=(73.646,0.001,-116.221) thr=0.10 steer=0.00 blocked=false attempts=1 stuck_s=0.00 pitch=-0.00 roll=0.00 normal_y=1.00 contacts=1[VillageTerrain] bounded=true
tick=7770 phase=following reason=path_ready wp=1 dist_wp=1.66 bearing_deg=0.78 speed=0.000 pos=(73.646,0.001,-116.221) thr=0.10 steer=0.00 blocked=false attempts=1 stuck_s=0.00 pitch=-0.00 roll=0.00 normal_y=1.00 contacts=1[VillageTerrain] bounded=true
tick=7800 phase=following reason=path_ready wp=1 dist_wp=1.66 bearing_deg=0.78 speed=0.000 pos=(73.646,0.001,-116.221) thr=0.10 steer=0.00 blocked=false attempts=1 stuck_s=0.00 pitch=-0.00 roll=0.00 normal_y=1.00 contacts=1[VillageTerrain] bounded=true
tick=7830 phase=following reason=path_ready wp=1 dist_wp=1.66 bearing_deg=0.78 speed=0.000 pos=(73.646,0.001,-116.221) thr=0.10 steer=0.00 blocked=false attempts=1 stuck_s=0.00 pitch=-0.00 roll=0.00 normal_y=1.00 contacts=1[VillageTerrain] bounded=true
tick=7860 phase=following reason=path_ready wp=1 dist_wp=1.66 bearing_deg=0.78 speed=0.000 pos=(73.646,0.001,-116.221) thr=0.10 steer=0.00 blocked=false attempts=1 stuck_s=0.00 pitch=-0.00 roll=0.00 normal_y=1.00 contacts=1[VillageTerrain] bounded=true
tick=7890 phase=following reason=path_ready wp=1 dist_wp=1.66 bearing_deg=0.78 speed=0.000 pos=(73.646,0.001,-116.221) thr=0.10 steer=0.00 blocked=false attempts=1 stuck_s=0.00 pitch=-0.00 roll=0.00 normal_y=1.00 contacts=1[VillageTerrain] bounded=true
tick=7920 phase=following reason=path_ready wp=1 dist_wp=1.66 bearing_deg=0.78 speed=0.000 pos=(73.646,0.001,-116.221) thr=0.10 steer=0.00 blocked=false attempts=1 stuck_s=0.00 pitch=-0.00 roll=0.00 normal_y=1.00 contacts=1[VillageTerrain] bounded=true
tick=7950 phase=following reason=path_ready wp=1 dist_wp=1.66 bearing_deg=0.78 speed=0.000 pos=(73.646,0.001,-116.221) thr=0.10 steer=0.00 blocked=false attempts=1 stuck_s=0.00 pitch=-0.00 roll=0.00 normal_y=1.00 contacts=1[VillageTerrain] bounded=true
tick=7980 phase=following reason=path_ready wp=1 dist_wp=1.66 bearing_deg=0.78 speed=0.000 pos=(73.646,0.001,-116.221) thr=0.10 steer=0.00 blocked=false attempts=1 stuck_s=0.00 pitch=-0.00 roll=0.00 normal_y=1.00 contacts=1[VillageTerrain] bounded=true
tick=8010 phase=following reason=path_ready wp=1 dist_wp=1.66 bearing_deg=0.78 speed=0.000 pos=(73.646,0.001,-116.221) thr=0.10 steer=0.00 blocked=false attempts=1 stuck_s=0.00 pitch=-0.00 roll=0.00 normal_y=1.00 contacts=1[VillageTerrain] bounded=true
tick=8040 phase=following reason=path_ready wp=1 dist_wp=1.66 bearing_deg=0.78 speed=0.000 pos=(73.646,0.001,-116.221) thr=0.10 steer=0.00 blocked=false attempts=1 stuck_s=0.00 pitch=-0.00 roll=0.00 normal_y=1.00 contacts=1[VillageTerrain] bounded=true
tick=8070 phase=following reason=path_ready wp=1 dist_wp=1.66 bearing_deg=0.78 speed=0.000 pos=(73.646,0.001,-116.221) thr=0.10 steer=0.00 blocked=false attempts=1 stuck_s=0.00 pitch=-0.00 roll=0.00 normal_y=1.00 contacts=1[VillageTerrain] bounded=true
tick=8100 phase=following reason=path_ready wp=1 dist_wp=1.66 bearing_deg=0.78 speed=0.000 pos=(73.646,0.001,-116.221) thr=0.10 steer=0.00 blocked=false attempts=1 stuck_s=0.00 pitch=-0.00 roll=0.00 normal_y=1.00 contacts=1[VillageTerrain] bounded=true
tick=8130 phase=following reason=path_ready wp=1 dist_wp=1.66 bearing_deg=0.78 speed=0.000 pos=(73.646,0.001,-116.221) thr=0.10 steer=0.00 blocked=false attempts=1 stuck_s=0.00 pitch=-0.00 roll=0.00 normal_y=1.00 contacts=1[VillageTerrain] bounded=true
tick=8160 phase=following reason=path_ready wp=1 dist_wp=1.66 bearing_deg=0.78 speed=0.000 pos=(73.646,0.001,-116.221) thr=0.10 steer=0.00 blocked=false attempts=1 stuck_s=0.00 pitch=-0.00 roll=0.00 normal_y=1.00 contacts=1[VillageTerrain] bounded=true
tick=8190 phase=following reason=path_ready wp=1 dist_wp=1.66 bearing_deg=0.78 speed=0.000 pos=(73.646,0.001,-116.221) thr=0.10 steer=0.00 blocked=false attempts=1 stuck_s=0.00 pitch=-0.00 roll=0.00 normal_y=1.00 contacts=1[VillageTerrain] bounded=true
tick=8220 phase=following reason=path_ready wp=1 dist_wp=1.66 bearing_deg=0.78 speed=0.000 pos=(73.646,0.001,-116.221) thr=0.10 steer=0.00 blocked=false attempts=1 stuck_s=0.00 pitch=-0.00 roll=0.00 normal_y=1.00 contacts=1[VillageTerrain] bounded=true
tick=8250 phase=following reason=path_ready wp=1 dist_wp=1.66 bearing_deg=0.78 speed=0.000 pos=(73.646,0.001,-116.221) thr=0.10 steer=0.00 blocked=false attempts=1 stuck_s=0.00 pitch=-0.00 roll=0.00 normal_y=1.00 contacts=1[VillageTerrain] bounded=true
tick=8280 phase=following reason=path_ready wp=1 dist_wp=1.66 bearing_deg=0.78 speed=0.000 pos=(73.646,0.001,-116.221) thr=0.10 steer=0.00 blocked=false attempts=1 stuck_s=0.00 pitch=-0.00 roll=0.00 normal_y=1.00 contacts=1[VillageTerrain] bounded=true
tick=8310 phase=following reason=path_ready wp=1 dist_wp=1.66 bearing_deg=0.78 speed=0.000 pos=(73.646,0.001,-116.221) thr=0.10 steer=0.00 blocked=false attempts=1 stuck_s=0.00 pitch=-0.00 roll=0.00 normal_y=1.00 contacts=1[VillageTerrain] bounded=true
tick=8340 phase=following reason=path_ready wp=1 dist_wp=1.66 bearing_deg=0.78 speed=0.000 pos=(73.646,0.001,-116.221) thr=0.10 steer=0.00 blocked=false attempts=1 stuck_s=0.00 pitch=-0.00 roll=0.00 normal_y=1.00 contacts=1[VillageTerrain] bounded=true
tick=8370 phase=following reason=path_ready wp=1 dist_wp=1.66 bearing_deg=0.78 speed=0.000 pos=(73.646,0.001,-116.221) thr=0.10 steer=0.00 blocked=false attempts=1 stuck_s=0.00 pitch=-0.00 roll=0.00 normal_y=1.00 contacts=1[VillageTerrain] bounded=true
tick=8400 phase=following reason=path_ready wp=1 dist_wp=1.66 bearing_deg=0.78 speed=0.000 pos=(73.646,0.001,-116.221) thr=0.10 steer=0.00 blocked=false attempts=1 stuck_s=0.00 pitch=-0.00 roll=0.00 normal_y=1.00 contacts=1[VillageTerrain] bounded=true
tick=8430 phase=following reason=path_ready wp=1 dist_wp=1.66 bearing_deg=0.78 speed=0.000 pos=(73.646,0.001,-116.221) thr=0.10 steer=0.00 blocked=false attempts=1 stuck_s=0.00 pitch=-0.00 roll=0.00 normal_y=1.00 contacts=1[VillageTerrain] bounded=true
tick=8460 phase=following reason=path_ready wp=1 dist_wp=1.66 bearing_deg=0.78 speed=0.000 pos=(73.646,0.001,-116.221) thr=0.10 steer=0.00 blocked=false attempts=1 stuck_s=0.00 pitch=-0.00 roll=0.00 normal_y=1.00 contacts=1[VillageTerrain] bounded=true
tick=8490 phase=following reason=path_ready wp=1 dist_wp=1.66 bearing_deg=0.78 speed=0.000 pos=(73.646,0.001,-116.221) thr=0.10 steer=0.00 blocked=false attempts=1 stuck_s=0.00 pitch=-0.00 roll=0.00 normal_y=1.00 contacts=1[VillageTerrain] bounded=true
tick=8520 phase=following reason=path_ready wp=1 dist_wp=1.66 bearing_deg=0.78 speed=0.000 pos=(73.646,0.001,-116.221) thr=0.10 steer=0.00 blocked=false attempts=1 stuck_s=0.00 pitch=-0.00 roll=0.00 normal_y=1.00 contacts=1[VillageTerrain] bounded=true
tick=8550 phase=following reason=path_ready wp=1 dist_wp=1.66 bearing_deg=0.78 speed=0.000 pos=(73.646,0.001,-116.221) thr=0.10 steer=0.00 blocked=false attempts=1 stuck_s=0.00 pitch=-0.00 roll=0.00 normal_y=1.00 contacts=1[VillageTerrain] bounded=true
tick=8580 phase=following reason=path_ready wp=1 dist_wp=1.66 bearing_deg=0.78 speed=0.000 pos=(73.646,0.001,-116.221) thr=0.10 steer=0.00 blocked=false attempts=1 stuck_s=0.00 pitch=-0.00 roll=0.00 normal_y=1.00 contacts=1[VillageTerrain] bounded=true
tick=8610 phase=following reason=path_ready wp=1 dist_wp=1.66 bearing_deg=0.78 speed=0.000 pos=(73.646,0.001,-116.221) thr=0.10 steer=0.00 blocked=false attempts=1 stuck_s=0.00 pitch=-0.00 roll=0.00 normal_y=1.00 contacts=1[VillageTerrain] bounded=true
tick=8640 phase=following reason=path_ready wp=1 dist_wp=1.66 bearing_deg=0.78 speed=0.000 pos=(73.646,0.001,-116.221) thr=0.10 steer=0.00 blocked=false attempts=1 stuck_s=0.00 pitch=-0.00 roll=0.00 normal_y=1.00 contacts=1[VillageTerrain] bounded=true
tick=8670 phase=following reason=path_ready wp=1 dist_wp=1.66 bearing_deg=0.78 speed=0.000 pos=(73.646,0.001,-116.221) thr=0.10 steer=0.00 blocked=false attempts=1 stuck_s=0.00 pitch=-0.00 roll=0.00 normal_y=1.00 contacts=1[VillageTerrain] bounded=true
tick=8700 phase=following reason=path_ready wp=1 dist_wp=1.66 bearing_deg=0.78 speed=0.000 pos=(73.646,0.001,-116.221) thr=0.10 steer=0.00 blocked=false attempts=1 stuck_s=0.00 pitch=-0.00 roll=0.00 normal_y=1.00 contacts=1[VillageTerrain] bounded=true
tick=8730 phase=following reason=path_ready wp=1 dist_wp=1.66 bearing_deg=0.78 speed=0.000 pos=(73.646,0.001,-116.221) thr=0.10 steer=0.00 blocked=false attempts=1 stuck_s=0.00 pitch=-0.00 roll=0.00 normal_y=1.00 contacts=1[VillageTerrain] bounded=true
tick=8760 phase=following reason=path_ready wp=1 dist_wp=1.66 bearing_deg=0.78 speed=0.000 pos=(73.646,0.001,-116.221) thr=0.10 steer=0.00 blocked=false attempts=1 stuck_s=0.00 pitch=-0.00 roll=0.00 normal_y=1.00 contacts=1[VillageTerrain] bounded=true
tick=8790 phase=following reason=path_ready wp=1 dist_wp=1.66 bearing_deg=0.78 speed=0.000 pos=(73.646,0.001,-116.221) thr=0.10 steer=0.00 blocked=false attempts=1 stuck_s=0.00 pitch=-0.00 roll=0.00 normal_y=1.00 contacts=1[VillageTerrain] bounded=true
tick=8820 phase=following reason=path_ready wp=1 dist_wp=1.66 bearing_deg=0.78 speed=0.000 pos=(73.646,0.001,-116.221) thr=0.10 steer=0.00 blocked=false attempts=1 stuck_s=0.00 pitch=-0.00 roll=0.00 normal_y=1.00 contacts=1[VillageTerrain] bounded=true
tick=8850 phase=following reason=path_ready wp=1 dist_wp=1.66 bearing_deg=0.78 speed=0.000 pos=(73.646,0.001,-116.221) thr=0.10 steer=0.00 blocked=false attempts=1 stuck_s=0.00 pitch=-0.00 roll=0.00 normal_y=1.00 contacts=1[VillageTerrain] bounded=true
tick=8880 phase=following reason=path_ready wp=1 dist_wp=1.66 bearing_deg=0.78 speed=0.000 pos=(73.646,0.001,-116.221) thr=0.10 steer=0.00 blocked=false attempts=1 stuck_s=0.00 pitch=-0.00 roll=0.00 normal_y=1.00 contacts=1[VillageTerrain] bounded=true
tick=8910 phase=following reason=path_ready wp=1 dist_wp=1.66 bearing_deg=0.78 speed=0.000 pos=(73.646,0.001,-116.221) thr=0.10 steer=0.00 blocked=false attempts=1 stuck_s=0.00 pitch=-0.00 roll=0.00 normal_y=1.00 contacts=1[VillageTerrain] bounded=true
tick=8940 phase=following reason=path_ready wp=1 dist_wp=1.66 bearing_deg=0.78 speed=0.000 pos=(73.646,0.001,-116.221) thr=0.10 steer=0.00 blocked=false attempts=1 stuck_s=0.00 pitch=-0.00 roll=0.00 normal_y=1.00 contacts=1[VillageTerrain] bounded=true
tick=8970 phase=following reason=path_ready wp=1 dist_wp=1.66 bearing_deg=0.78 speed=0.000 pos=(73.646,0.001,-116.221) thr=0.10 steer=0.00 blocked=false attempts=1 stuck_s=0.00 pitch=-0.00 roll=0.00 normal_y=1.00 contacts=1[VillageTerrain] bounded=true
tick=9000 phase=following reason=path_ready wp=1 dist_wp=1.66 bearing_deg=0.78 speed=0.000 pos=(73.646,0.001,-116.221) thr=0.10 steer=0.00 blocked=false attempts=1 stuck_s=0.00 pitch=-0.00 roll=0.00 normal_y=1.00 contacts=1[VillageTerrain] bounded=true
tick=9030 phase=following reason=path_ready wp=1 dist_wp=1.66 bearing_deg=0.78 speed=0.000 pos=(73.646,0.001,-116.221) thr=0.10 steer=0.00 blocked=false attempts=1 stuck_s=0.00 pitch=-0.00 roll=0.00 normal_y=1.00 contacts=1[VillageTerrain] bounded=true
tick=9060 phase=following reason=path_ready wp=1 dist_wp=1.66 bearing_deg=0.78 speed=0.000 pos=(73.646,0.001,-116.221) thr=0.10 steer=0.00 blocked=false attempts=1 stuck_s=0.00 pitch=-0.00 roll=0.00 normal_y=1.00 contacts=1[VillageTerrain] bounded=true
tick=9090 phase=following reason=path_ready wp=1 dist_wp=1.66 bearing_deg=0.78 speed=0.000 pos=(73.646,0.001,-116.221) thr=0.10 steer=0.00 blocked=false attempts=1 stuck_s=0.00 pitch=-0.00 roll=0.00 normal_y=1.00 contacts=1[VillageTerrain] bounded=true
tick=9120 phase=following reason=path_ready wp=1 dist_wp=1.66 bearing_deg=0.78 speed=0.000 pos=(73.646,0.001,-116.221) thr=0.10 steer=0.00 blocked=false attempts=1 stuck_s=0.00 pitch=-0.00 roll=0.00 normal_y=1.00 contacts=1[VillageTerrain] bounded=true
tick=9150 phase=following reason=path_ready wp=1 dist_wp=1.66 bearing_deg=0.78 speed=0.000 pos=(73.646,0.001,-116.221) thr=0.10 steer=0.00 blocked=false attempts=1 stuck_s=0.00 pitch=-0.00 roll=0.00 normal_y=1.00 contacts=1[VillageTerrain] bounded=true
tick=9180 phase=following reason=path_ready wp=1 dist_wp=1.66 bearing_deg=0.78 speed=0.000 pos=(73.646,0.001,-116.221) thr=0.10 steer=0.00 blocked=false attempts=1 stuck_s=0.00 pitch=-0.00 roll=0.00 normal_y=1.00 contacts=1[VillageTerrain] bounded=true
tick=9210 phase=following reason=path_ready wp=1 dist_wp=1.66 bearing_deg=0.78 speed=0.000 pos=(73.646,0.001,-116.221) thr=0.10 steer=0.00 blocked=false attempts=1 stuck_s=0.00 pitch=-0.00 roll=0.00 normal_y=1.00 contacts=1[VillageTerrain] bounded=true
tick=9240 phase=following reason=path_ready wp=1 dist_wp=1.66 bearing_deg=0.78 speed=0.000 pos=(73.646,0.001,-116.221) thr=0.10 steer=0.00 blocked=false attempts=1 stuck_s=0.00 pitch=-0.00 roll=0.00 normal_y=1.00 contacts=1[VillageTerrain] bounded=true
tick=9270 phase=following reason=path_ready wp=1 dist_wp=1.66 bearing_deg=0.78 speed=0.000 pos=(73.646,0.001,-116.221) thr=0.10 steer=0.00 blocked=false attempts=1 stuck_s=0.00 pitch=-0.00 roll=0.00 normal_y=1.00 contacts=1[VillageTerrain] bounded=true
tick=9300 phase=following reason=path_ready wp=1 dist_wp=1.66 bearing_deg=0.78 speed=0.000 pos=(73.646,0.001,-116.221) thr=0.10 steer=0.00 blocked=false attempts=1 stuck_s=0.00 pitch=-0.00 roll=0.00 normal_y=1.00 contacts=1[VillageTerrain] bounded=true
tick=9330 phase=following reason=path_ready wp=1 dist_wp=1.66 bearing_deg=0.78 speed=0.000 pos=(73.646,0.001,-116.221) thr=0.10 steer=0.00 blocked=false attempts=1 stuck_s=0.00 pitch=-0.00 roll=0.00 normal_y=1.00 contacts=1[VillageTerrain] bounded=true
tick=9360 phase=following reason=path_ready wp=1 dist_wp=1.66 bearing_deg=0.78 speed=0.000 pos=(73.646,0.001,-116.221) thr=0.10 steer=0.00 blocked=false attempts=1 stuck_s=0.00 pitch=-0.00 roll=0.00 normal_y=1.00 contacts=1[VillageTerrain] bounded=true
tick=9390 phase=following reason=path_ready wp=1 dist_wp=1.66 bearing_deg=0.78 speed=0.000 pos=(73.646,0.001,-116.221) thr=0.10 steer=0.00 blocked=false attempts=1 stuck_s=0.00 pitch=-0.00 roll=0.00 normal_y=1.00 contacts=1[VillageTerrain] bounded=true
tick=9420 phase=following reason=path_ready wp=1 dist_wp=1.66 bearing_deg=0.78 speed=0.000 pos=(73.646,0.001,-116.221) thr=0.10 steer=0.00 blocked=false attempts=1 stuck_s=0.00 pitch=-0.00 roll=0.00 normal_y=1.00 contacts=1[VillageTerrain] bounded=true
tick=9450 phase=following reason=path_ready wp=1 dist_wp=1.66 bearing_deg=0.78 speed=0.000 pos=(73.646,0.001,-116.221) thr=0.10 steer=0.00 blocked=false attempts=1 stuck_s=0.00 pitch=-0.00 roll=0.00 normal_y=1.00 contacts=1[VillageTerrain] bounded=true
tick=9480 phase=following reason=path_ready wp=1 dist_wp=1.66 bearing_deg=0.78 speed=0.000 pos=(73.646,0.001,-116.221) thr=0.10 steer=0.00 blocked=false attempts=1 stuck_s=0.00 pitch=-0.00 roll=0.00 normal_y=1.00 contacts=1[VillageTerrain] bounded=true
tick=9510 phase=following reason=path_ready wp=1 dist_wp=1.66 bearing_deg=0.78 speed=0.000 pos=(73.646,0.001,-116.221) thr=0.10 steer=0.00 blocked=false attempts=1 stuck_s=0.00 pitch=-0.00 roll=0.00 normal_y=1.00 contacts=1[VillageTerrain] bounded=true
tick=9540 phase=following reason=path_ready wp=1 dist_wp=1.66 bearing_deg=0.78 speed=0.000 pos=(73.646,0.001,-116.221) thr=0.10 steer=0.00 blocked=false attempts=1 stuck_s=0.00 pitch=-0.00 roll=0.00 normal_y=1.00 contacts=1[VillageTerrain] bounded=true
tick=9570 phase=following reason=path_ready wp=1 dist_wp=1.66 bearing_deg=0.78 speed=0.000 pos=(73.646,0.001,-116.221) thr=0.10 steer=0.00 blocked=false attempts=1 stuck_s=0.00 pitch=-0.00 roll=0.00 normal_y=1.00 contacts=1[VillageTerrain] bounded=true
tick=9600 phase=following reason=path_ready wp=1 dist_wp=1.66 bearing_deg=0.78 speed=0.000 pos=(73.646,0.001,-116.221) thr=0.10 steer=0.00 blocked=false attempts=1 stuck_s=0.00 pitch=-0.00 roll=0.00 normal_y=1.00 contacts=1[VillageTerrain] bounded=true
tick=9630 phase=following reason=path_ready wp=1 dist_wp=1.66 bearing_deg=0.78 speed=0.000 pos=(73.646,0.001,-116.221) thr=0.10 steer=0.00 blocked=false attempts=1 stuck_s=0.00 pitch=-0.00 roll=0.00 normal_y=1.00 contacts=1[VillageTerrain] bounded=true
tick=9660 phase=following reason=path_ready wp=1 dist_wp=1.66 bearing_deg=0.78 speed=0.000 pos=(73.646,0.001,-116.221) thr=0.10 steer=0.00 blocked=false attempts=1 stuck_s=0.00 pitch=-0.00 roll=0.00 normal_y=1.00 contacts=1[VillageTerrain] bounded=true
tick=9690 phase=following reason=path_ready wp=1 dist_wp=1.66 bearing_deg=0.78 speed=0.000 pos=(73.646,0.001,-116.221) thr=0.10 steer=0.00 blocked=false attempts=1 stuck_s=0.00 pitch=-0.00 roll=0.00 normal_y=1.00 contacts=1[VillageTerrain] bounded=true
tick=9720 phase=following reason=path_ready wp=1 dist_wp=1.66 bearing_deg=0.78 speed=0.000 pos=(73.646,0.001,-116.221) thr=0.10 steer=0.00 blocked=false attempts=1 stuck_s=0.00 pitch=-0.00 roll=0.00 normal_y=1.00 contacts=1[VillageTerrain] bounded=true
tick=9750 phase=following reason=path_ready wp=1 dist_wp=1.66 bearing_deg=0.78 speed=0.000 pos=(73.646,0.001,-116.221) thr=0.10 steer=0.00 blocked=false attempts=1 stuck_s=0.00 pitch=-0.00 roll=0.00 normal_y=1.00 contacts=1[VillageTerrain] bounded=true
tick=9780 phase=following reason=path_ready wp=1 dist_wp=1.66 bearing_deg=0.78 speed=0.000 pos=(73.646,0.001,-116.221) thr=0.10 steer=0.00 blocked=false attempts=1 stuck_s=0.00 pitch=-0.00 roll=0.00 normal_y=1.00 contacts=1[VillageTerrain] bounded=true
tick=9810 phase=following reason=path_ready wp=1 dist_wp=1.66 bearing_deg=0.78 speed=0.000 pos=(73.646,0.001,-116.221) thr=0.10 steer=0.00 blocked=false attempts=1 stuck_s=0.00 pitch=-0.00 roll=0.00 normal_y=1.00 contacts=1[VillageTerrain] bounded=true
tick=9840 phase=following reason=path_ready wp=1 dist_wp=1.66 bearing_deg=0.78 speed=0.000 pos=(73.646,0.001,-116.221) thr=0.10 steer=0.00 blocked=false attempts=1 stuck_s=0.00 pitch=-0.00 roll=0.00 normal_y=1.00 contacts=1[VillageTerrain] bounded=true
tick=9870 phase=following reason=path_ready wp=1 dist_wp=1.66 bearing_deg=0.78 speed=0.000 pos=(73.646,0.001,-116.221) thr=0.10 steer=0.00 blocked=false attempts=1 stuck_s=0.00 pitch=-0.00 roll=0.00 normal_y=1.00 contacts=1[VillageTerrain] bounded=true
tick=9900 phase=following reason=path_ready wp=1 dist_wp=1.66 bearing_deg=0.78 speed=0.000 pos=(73.646,0.001,-116.221) thr=0.10 steer=0.00 blocked=false attempts=1 stuck_s=0.00 pitch=-0.00 roll=0.00 normal_y=1.00 contacts=1[VillageTerrain] bounded=true
tick=9930 phase=following reason=path_ready wp=1 dist_wp=1.66 bearing_deg=0.78 speed=0.000 pos=(73.646,0.001,-116.221) thr=0.10 steer=0.00 blocked=false attempts=1 stuck_s=0.00 pitch=-0.00 roll=0.00 normal_y=1.00 contacts=1[VillageTerrain] bounded=true
tick=9960 phase=following reason=path_ready wp=1 dist_wp=1.66 bearing_deg=0.78 speed=0.000 pos=(73.646,0.001,-116.221) thr=0.10 steer=0.00 blocked=false attempts=1 stuck_s=0.00 pitch=-0.00 roll=0.00 normal_y=1.00 contacts=1[VillageTerrain] bounded=true
tick=9990 phase=following reason=path_ready wp=1 dist_wp=1.66 bearing_deg=0.78 speed=0.000 pos=(73.646,0.001,-116.221) thr=0.10 steer=0.00 blocked=false attempts=1 stuck_s=0.00 pitch=-0.00 roll=0.00 normal_y=1.00 contacts=1[VillageTerrain] bounded=true
tick=10020 phase=following reason=path_ready wp=1 dist_wp=1.66 bearing_deg=0.78 speed=0.000 pos=(73.646,0.001,-116.221) thr=0.10 steer=0.00 blocked=false attempts=1 stuck_s=0.00 pitch=-0.00 roll=0.00 normal_y=1.00 contacts=1[VillageTerrain] bounded=true
tick=10050 phase=following reason=path_ready wp=1 dist_wp=1.66 bearing_deg=0.78 speed=0.000 pos=(73.646,0.001,-116.221) thr=0.10 steer=0.00 blocked=false attempts=1 stuck_s=0.00 pitch=-0.00 roll=0.00 normal_y=1.00 contacts=1[VillageTerrain] bounded=true
tick=10080 phase=following reason=path_ready wp=1 dist_wp=1.66 bearing_deg=0.78 speed=0.000 pos=(73.646,0.001,-116.221) thr=0.10 steer=0.00 blocked=false attempts=1 stuck_s=0.00 pitch=-0.00 roll=0.00 normal_y=1.00 contacts=1[VillageTerrain] bounded=true
tick=10110 phase=following reason=path_ready wp=1 dist_wp=1.66 bearing_deg=0.78 speed=0.000 pos=(73.646,0.001,-116.221) thr=0.10 steer=0.00 blocked=false attempts=1 stuck_s=0.00 pitch=-0.00 roll=0.00 normal_y=1.00 contacts=1[VillageTerrain] bounded=true
tick=10140 phase=following reason=path_ready wp=1 dist_wp=1.66 bearing_deg=0.78 speed=0.000 pos=(73.646,0.001,-116.221) thr=0.10 steer=0.00 blocked=false attempts=1 stuck_s=0.00 pitch=-0.00 roll=0.00 normal_y=1.00 contacts=1[VillageTerrain] bounded=true
tick=10170 phase=following reason=path_ready wp=1 dist_wp=1.66 bearing_deg=0.78 speed=0.000 pos=(73.646,0.001,-116.221) thr=0.10 steer=0.00 blocked=false attempts=1 stuck_s=0.00 pitch=-0.00 roll=0.00 normal_y=1.00 contacts=1[VillageTerrain] bounded=true
tick=10200 phase=following reason=path_ready wp=1 dist_wp=1.66 bearing_deg=0.78 speed=0.000 pos=(73.646,0.001,-116.221) thr=0.10 steer=0.00 blocked=false attempts=1 stuck_s=0.00 pitch=-0.00 roll=0.00 normal_y=1.00 contacts=1[VillageTerrain] bounded=true
tick=10230 phase=following reason=path_ready wp=1 dist_wp=1.66 bearing_deg=0.78 speed=0.000 pos=(73.646,0.001,-116.221) thr=0.10 steer=0.00 blocked=false attempts=1 stuck_s=0.00 pitch=-0.00 roll=0.00 normal_y=1.00 contacts=1[VillageTerrain] bounded=true
tick=10260 phase=following reason=path_ready wp=1 dist_wp=1.66 bearing_deg=0.78 speed=0.000 pos=(73.646,0.001,-116.221) thr=0.10 steer=0.00 blocked=false attempts=1 stuck_s=0.00 pitch=-0.00 roll=0.00 normal_y=1.00 contacts=1[VillageTerrain] bounded=true
tick=10290 phase=following reason=path_ready wp=1 dist_wp=1.66 bearing_deg=0.78 speed=0.000 pos=(73.646,0.001,-116.221) thr=0.10 steer=0.00 blocked=false attempts=1 stuck_s=0.00 pitch=-0.00 roll=0.00 normal_y=1.00 contacts=1[VillageTerrain] bounded=true
tick=10320 phase=following reason=path_ready wp=1 dist_wp=1.66 bearing_deg=0.78 speed=0.000 pos=(73.646,0.001,-116.221) thr=0.10 steer=0.00 blocked=false attempts=1 stuck_s=0.00 pitch=-0.00 roll=0.00 normal_y=1.00 contacts=1[VillageTerrain] bounded=true
tick=10350 phase=following reason=path_ready wp=1 dist_wp=1.66 bearing_deg=0.78 speed=0.000 pos=(73.646,0.001,-116.221) thr=0.10 steer=0.00 blocked=false attempts=1 stuck_s=0.00 pitch=-0.00 roll=0.00 normal_y=1.00 contacts=1[VillageTerrain] bounded=true
tick=10380 phase=following reason=path_ready wp=1 dist_wp=1.66 bearing_deg=0.78 speed=0.000 pos=(73.646,0.001,-116.221) thr=0.10 steer=0.00 blocked=false attempts=1 stuck_s=0.00 pitch=-0.00 roll=0.00 normal_y=1.00 contacts=1[VillageTerrain] bounded=true
tick=10410 phase=following reason=path_ready wp=1 dist_wp=1.66 bearing_deg=0.78 speed=0.000 pos=(73.646,0.001,-116.221) thr=0.10 steer=0.00 blocked=false attempts=1 stuck_s=0.00 pitch=-0.00 roll=0.00 normal_y=1.00 contacts=1[VillageTerrain] bounded=true
tick=10440 phase=following reason=path_ready wp=1 dist_wp=1.66 bearing_deg=0.78 speed=0.000 pos=(73.646,0.001,-116.221) thr=0.10 steer=0.00 blocked=false attempts=1 stuck_s=0.00 pitch=-0.00 roll=0.00 normal_y=1.00 contacts=1[VillageTerrain] bounded=true
tick=10470 phase=following reason=path_ready wp=1 dist_wp=1.66 bearing_deg=0.78 speed=0.000 pos=(73.646,0.001,-116.221) thr=0.10 steer=0.00 blocked=false attempts=1 stuck_s=0.00 pitch=-0.00 roll=0.00 normal_y=1.00 contacts=1[VillageTerrain] bounded=true
tick=10500 phase=following reason=path_ready wp=1 dist_wp=1.66 bearing_deg=0.78 speed=0.000 pos=(73.646,0.001,-116.221) thr=0.10 steer=0.00 blocked=false attempts=1 stuck_s=0.00 pitch=-0.00 roll=0.00 normal_y=1.00 contacts=1[VillageTerrain] bounded=true
tick=10530 phase=following reason=path_ready wp=1 dist_wp=1.66 bearing_deg=0.78 speed=0.000 pos=(73.646,0.001,-116.221) thr=0.10 steer=0.00 blocked=false attempts=1 stuck_s=0.00 pitch=-0.00 roll=0.00 normal_y=1.00 contacts=1[VillageTerrain] bounded=true
tick=10560 phase=following reason=path_ready wp=1 dist_wp=1.66 bearing_deg=0.78 speed=0.000 pos=(73.646,0.001,-116.221) thr=0.10 steer=0.00 blocked=false attempts=1 stuck_s=0.00 pitch=-0.00 roll=0.00 normal_y=1.00 contacts=1[VillageTerrain] bounded=true
tick=10590 phase=following reason=path_ready wp=1 dist_wp=1.66 bearing_deg=0.78 speed=0.000 pos=(73.646,0.001,-116.221) thr=0.10 steer=0.00 blocked=false attempts=1 stuck_s=0.00 pitch=-0.00 roll=0.00 normal_y=1.00 contacts=1[VillageTerrain] bounded=true
tick=10620 phase=following reason=path_ready wp=1 dist_wp=1.66 bearing_deg=0.78 speed=0.000 pos=(73.646,0.001,-116.221) thr=0.10 steer=0.00 blocked=false attempts=1 stuck_s=0.00 pitch=-0.00 roll=0.00 normal_y=1.00 contacts=1[VillageTerrain] bounded=true
tick=10650 phase=following reason=path_ready wp=1 dist_wp=1.66 bearing_deg=0.78 speed=0.000 pos=(73.646,0.001,-116.221) thr=0.10 steer=0.00 blocked=false attempts=1 stuck_s=0.00 pitch=-0.00 roll=0.00 normal_y=1.00 contacts=1[VillageTerrain] bounded=true
tick=10680 phase=following reason=path_ready wp=1 dist_wp=1.66 bearing_deg=0.78 speed=0.000 pos=(73.646,0.001,-116.221) thr=0.10 steer=0.00 blocked=false attempts=1 stuck_s=0.00 pitch=-0.00 roll=0.00 normal_y=1.00 contacts=1[VillageTerrain] bounded=true
tick=10710 phase=following reason=path_ready wp=1 dist_wp=1.66 bearing_deg=0.78 speed=0.000 pos=(73.646,0.001,-116.221) thr=0.10 steer=0.00 blocked=false attempts=1 stuck_s=0.00 pitch=-0.00 roll=0.00 normal_y=1.00 contacts=1[VillageTerrain] bounded=true
tick=10740 phase=following reason=path_ready wp=1 dist_wp=1.66 bearing_deg=0.78 speed=0.000 pos=(73.646,0.001,-116.221) thr=0.10 steer=0.00 blocked=false attempts=1 stuck_s=0.00 pitch=-0.00 roll=0.00 normal_y=1.00 contacts=1[VillageTerrain] bounded=true
tick=10770 phase=following reason=path_ready wp=1 dist_wp=1.66 bearing_deg=0.78 speed=0.000 pos=(73.646,0.001,-116.221) thr=0.10 steer=0.00 blocked=false attempts=1 stuck_s=0.00 pitch=-0.00 roll=0.00 normal_y=1.00 contacts=1[VillageTerrain] bounded=true
tick=10800 phase=following reason=path_ready wp=1 dist_wp=1.66 bearing_deg=0.78 speed=0.000 pos=(73.646,0.001,-116.221) thr=0.10 steer=0.00 blocked=false attempts=1 stuck_s=0.00 pitch=-0.00 roll=0.00 normal_y=1.00 contacts=1[VillageTerrain] bounded=true
tick=10830 phase=following reason=path_ready wp=1 dist_wp=1.66 bearing_deg=0.78 speed=0.000 pos=(73.646,0.001,-116.221) thr=0.10 steer=0.00 blocked=false attempts=1 stuck_s=0.00 pitch=-0.00 roll=0.00 normal_y=1.00 contacts=1[VillageTerrain] bounded=true
tick=10860 phase=following reason=path_ready wp=1 dist_wp=1.66 bearing_deg=0.78 speed=0.000 pos=(73.646,0.001,-116.221) thr=0.10 steer=0.00 blocked=false attempts=1 stuck_s=0.00 pitch=-0.00 roll=0.00 normal_y=1.00 contacts=1[VillageTerrain] bounded=true
tick=10890 phase=following reason=path_ready wp=1 dist_wp=1.66 bearing_deg=0.78 speed=0.000 pos=(73.646,0.001,-116.221) thr=0.10 steer=0.00 blocked=false attempts=1 stuck_s=0.00 pitch=-0.00 roll=0.00 normal_y=1.00 contacts=1[VillageTerrain] bounded=true
tick=10920 phase=following reason=path_ready wp=1 dist_wp=1.66 bearing_deg=0.78 speed=0.000 pos=(73.646,0.001,-116.221) thr=0.10 steer=0.00 blocked=false attempts=1 stuck_s=0.00 pitch=-0.00 roll=0.00 normal_y=1.00 contacts=1[VillageTerrain] bounded=true
tick=10950 phase=following reason=path_ready wp=1 dist_wp=1.66 bearing_deg=0.78 speed=0.000 pos=(73.646,0.001,-116.221) thr=0.10 steer=0.00 blocked=false attempts=1 stuck_s=0.00 pitch=-0.00 roll=0.00 normal_y=1.00 contacts=1[VillageTerrain] bounded=true
tick=10980 phase=following reason=path_ready wp=1 dist_wp=1.66 bearing_deg=0.78 speed=0.000 pos=(73.646,0.001,-116.221) thr=0.10 steer=0.00 blocked=false attempts=1 stuck_s=0.00 pitch=-0.00 roll=0.00 normal_y=1.00 contacts=1[VillageTerrain] bounded=true
tick=11010 phase=following reason=path_ready wp=1 dist_wp=1.66 bearing_deg=0.78 speed=0.000 pos=(73.646,0.001,-116.221) thr=0.10 steer=0.00 blocked=false attempts=1 stuck_s=0.00 pitch=-0.00 roll=0.00 normal_y=1.00 contacts=1[VillageTerrain] bounded=true
tick=11040 phase=following reason=path_ready wp=1 dist_wp=1.66 bearing_deg=0.78 speed=0.000 pos=(73.646,0.001,-116.221) thr=0.10 steer=0.00 blocked=false attempts=1 stuck_s=0.00 pitch=-0.00 roll=0.00 normal_y=1.00 contacts=1[VillageTerrain] bounded=true
tick=11070 phase=following reason=path_ready wp=1 dist_wp=1.66 bearing_deg=0.78 speed=0.000 pos=(73.646,0.001,-116.221) thr=0.10 steer=0.00 blocked=false attempts=1 stuck_s=0.00 pitch=-0.00 roll=0.00 normal_y=1.00 contacts=1[VillageTerrain] bounded=true
tick=11100 phase=following reason=path_ready wp=1 dist_wp=1.66 bearing_deg=0.78 speed=0.000 pos=(73.646,0.001,-116.221) thr=0.10 steer=0.00 blocked=false attempts=1 stuck_s=0.00 pitch=-0.00 roll=0.00 normal_y=1.00 contacts=1[VillageTerrain] bounded=true
tick=11130 phase=following reason=path_ready wp=1 dist_wp=1.66 bearing_deg=0.78 speed=0.000 pos=(73.646,0.001,-116.221) thr=0.10 steer=0.00 blocked=false attempts=1 stuck_s=0.00 pitch=-0.00 roll=0.00 normal_y=1.00 contacts=1[VillageTerrain] bounded=true
tick=11160 phase=following reason=path_ready wp=1 dist_wp=1.66 bearing_deg=0.78 speed=0.000 pos=(73.646,0.001,-116.221) thr=0.10 steer=0.00 blocked=false attempts=1 stuck_s=0.00 pitch=-0.00 roll=0.00 normal_y=1.00 contacts=1[VillageTerrain] bounded=true
tick=11190 phase=following reason=path_ready wp=1 dist_wp=1.66 bearing_deg=0.78 speed=0.000 pos=(73.646,0.001,-116.221) thr=0.10 steer=0.00 blocked=false attempts=1 stuck_s=0.00 pitch=-0.00 roll=0.00 normal_y=1.00 contacts=1[VillageTerrain] bounded=true
tick=11220 phase=following reason=path_ready wp=1 dist_wp=1.66 bearing_deg=0.78 speed=0.000 pos=(73.646,0.001,-116.221) thr=0.10 steer=0.00 blocked=false attempts=1 stuck_s=0.00 pitch=-0.00 roll=0.00 normal_y=1.00 contacts=1[VillageTerrain] bounded=true
tick=11250 phase=following reason=path_ready wp=1 dist_wp=1.66 bearing_deg=0.78 speed=0.000 pos=(73.646,0.001,-116.221) thr=0.10 steer=0.00 blocked=false attempts=1 stuck_s=0.00 pitch=-0.00 roll=0.00 normal_y=1.00 contacts=1[VillageTerrain] bounded=true
tick=11280 phase=following reason=path_ready wp=1 dist_wp=1.66 bearing_deg=0.78 speed=0.000 pos=(73.646,0.001,-116.221) thr=0.10 steer=0.00 blocked=false attempts=1 stuck_s=0.00 pitch=-0.00 roll=0.00 normal_y=1.00 contacts=1[VillageTerrain] bounded=true
tick=11310 phase=following reason=path_ready wp=1 dist_wp=1.66 bearing_deg=0.78 speed=0.000 pos=(73.646,0.001,-116.221) thr=0.10 steer=0.00 blocked=false attempts=1 stuck_s=0.00 pitch=-0.00 roll=0.00 normal_y=1.00 contacts=1[VillageTerrain] bounded=true
tick=11340 phase=following reason=path_ready wp=1 dist_wp=1.66 bearing_deg=0.78 speed=0.000 pos=(73.646,0.001,-116.221) thr=0.10 steer=0.00 blocked=false attempts=1 stuck_s=0.00 pitch=-0.00 roll=0.00 normal_y=1.00 contacts=1[VillageTerrain] bounded=true
tick=11370 phase=following reason=path_ready wp=1 dist_wp=1.66 bearing_deg=0.78 speed=0.000 pos=(73.646,0.001,-116.221) thr=0.10 steer=0.00 blocked=false attempts=1 stuck_s=0.00 pitch=-0.00 roll=0.00 normal_y=1.00 contacts=1[VillageTerrain] bounded=true
tick=11400 phase=following reason=path_ready wp=1 dist_wp=1.66 bearing_deg=0.78 speed=0.000 pos=(73.646,0.001,-116.221) thr=0.10 steer=0.00 blocked=false attempts=1 stuck_s=0.00 pitch=-0.00 roll=0.00 normal_y=1.00 contacts=1[VillageTerrain] bounded=true
tick=11430 phase=following reason=path_ready wp=1 dist_wp=1.66 bearing_deg=0.78 speed=0.000 pos=(73.646,0.001,-116.221) thr=0.10 steer=0.00 blocked=false attempts=1 stuck_s=0.00 pitch=-0.00 roll=0.00 normal_y=1.00 contacts=1[VillageTerrain] bounded=true
tick=11460 phase=following reason=path_ready wp=1 dist_wp=1.66 bearing_deg=0.78 speed=0.000 pos=(73.646,0.001,-116.221) thr=0.10 steer=0.00 blocked=false attempts=1 stuck_s=0.00 pitch=-0.00 roll=0.00 normal_y=1.00 contacts=1[VillageTerrain] bounded=true
tick=11490 phase=following reason=path_ready wp=1 dist_wp=1.66 bearing_deg=0.78 speed=0.000 pos=(73.646,0.001,-116.221) thr=0.10 steer=0.00 blocked=false attempts=1 stuck_s=0.00 pitch=-0.00 roll=0.00 normal_y=1.00 contacts=1[VillageTerrain] bounded=true
tick=11520 phase=following reason=path_ready wp=1 dist_wp=1.66 bearing_deg=0.78 speed=0.000 pos=(73.646,0.001,-116.221) thr=0.10 steer=0.00 blocked=false attempts=1 stuck_s=0.00 pitch=-0.00 roll=0.00 normal_y=1.00 contacts=1[VillageTerrain] bounded=true
tick=11550 phase=following reason=path_ready wp=1 dist_wp=1.66 bearing_deg=0.78 speed=0.000 pos=(73.646,0.001,-116.221) thr=0.10 steer=0.00 blocked=false attempts=1 stuck_s=0.00 pitch=-0.00 roll=0.00 normal_y=1.00 contacts=1[VillageTerrain] bounded=true
tick=11580 phase=following reason=path_ready wp=1 dist_wp=1.66 bearing_deg=0.78 speed=0.000 pos=(73.646,0.001,-116.221) thr=0.10 steer=0.00 blocked=false attempts=1 stuck_s=0.00 pitch=-0.00 roll=0.00 normal_y=1.00 contacts=1[VillageTerrain] bounded=true
tick=11610 phase=following reason=path_ready wp=1 dist_wp=1.66 bearing_deg=0.78 speed=0.000 pos=(73.646,0.001,-116.221) thr=0.10 steer=0.00 blocked=false attempts=1 stuck_s=0.00 pitch=-0.00 roll=0.00 normal_y=1.00 contacts=1[VillageTerrain] bounded=true
tick=11640 phase=following reason=path_ready wp=1 dist_wp=1.66 bearing_deg=0.78 speed=0.000 pos=(73.646,0.001,-116.221) thr=0.10 steer=0.00 blocked=false attempts=1 stuck_s=0.00 pitch=-0.00 roll=0.00 normal_y=1.00 contacts=1[VillageTerrain] bounded=true
tick=11670 phase=following reason=path_ready wp=1 dist_wp=1.66 bearing_deg=0.78 speed=0.000 pos=(73.646,0.001,-116.221) thr=0.10 steer=0.00 blocked=false attempts=1 stuck_s=0.00 pitch=-0.00 roll=0.00 normal_y=1.00 contacts=1[VillageTerrain] bounded=true
tick=11700 phase=following reason=path_ready wp=1 dist_wp=1.66 bearing_deg=0.78 speed=0.000 pos=(73.646,0.001,-116.221) thr=0.10 steer=0.00 blocked=false attempts=1 stuck_s=0.00 pitch=-0.00 roll=0.00 normal_y=1.00 contacts=1[VillageTerrain] bounded=true
tick=11730 phase=following reason=path_ready wp=1 dist_wp=1.66 bearing_deg=0.78 speed=0.000 pos=(73.646,0.001,-116.221) thr=0.10 steer=0.00 blocked=false attempts=1 stuck_s=0.00 pitch=-0.00 roll=0.00 normal_y=1.00 contacts=1[VillageTerrain] bounded=true
tick=11760 phase=following reason=path_ready wp=1 dist_wp=1.66 bearing_deg=0.78 speed=0.000 pos=(73.646,0.001,-116.221) thr=0.10 steer=0.00 blocked=false attempts=1 stuck_s=0.00 pitch=-0.00 roll=0.00 normal_y=1.00 contacts=1[VillageTerrain] bounded=true
tick=11790 phase=following reason=path_ready wp=1 dist_wp=1.66 bearing_deg=0.78 speed=0.000 pos=(73.646,0.001,-116.221) thr=0.10 steer=0.00 blocked=false attempts=1 stuck_s=0.00 pitch=-0.00 roll=0.00 normal_y=1.00 contacts=1[VillageTerrain] bounded=true
tick=11820 phase=following reason=path_ready wp=1 dist_wp=1.66 bearing_deg=0.78 speed=0.000 pos=(73.646,0.001,-116.221) thr=0.10 steer=0.00 blocked=false attempts=1 stuck_s=0.00 pitch=-0.00 roll=0.00 normal_y=1.00 contacts=1[VillageTerrain] bounded=true
tick=11850 phase=following reason=path_ready wp=1 dist_wp=1.66 bearing_deg=0.78 speed=0.000 pos=(73.646,0.001,-116.221) thr=0.10 steer=0.00 blocked=false attempts=1 stuck_s=0.00 pitch=-0.00 roll=0.00 normal_y=1.00 contacts=1[VillageTerrain] bounded=true
tick=11880 phase=following reason=path_ready wp=1 dist_wp=1.66 bearing_deg=0.78 speed=0.000 pos=(73.646,0.001,-116.221) thr=0.10 steer=0.00 blocked=false attempts=1 stuck_s=0.00 pitch=-0.00 roll=0.00 normal_y=1.00 contacts=1[VillageTerrain] bounded=true
tick=11910 phase=following reason=path_ready wp=1 dist_wp=1.66 bearing_deg=0.78 speed=0.000 pos=(73.646,0.001,-116.221) thr=0.10 steer=0.00 blocked=false attempts=1 stuck_s=0.00 pitch=-0.00 roll=0.00 normal_y=1.00 contacts=1[VillageTerrain] bounded=true
tick=11940 phase=following reason=path_ready wp=1 dist_wp=1.66 bearing_deg=0.78 speed=0.000 pos=(73.646,0.001,-116.221) thr=0.10 steer=0.00 blocked=false attempts=1 stuck_s=0.00 pitch=-0.00 roll=0.00 normal_y=1.00 contacts=1[VillageTerrain] bounded=true
tick=11970 phase=following reason=path_ready wp=1 dist_wp=1.66 bearing_deg=0.78 speed=0.000 pos=(73.646,0.001,-116.221) thr=0.10 steer=0.00 blocked=false attempts=1 stuck_s=0.00 pitch=-0.00 roll=0.00 normal_y=1.00 contacts=1[VillageTerrain] bounded=true
