tick=0 phase=following reason=path_ready wp=1 dist_wp=13.42 bearing_deg=26.57 speed=0.000 pos=(-27.000,0.026,116.000) thr=0.00 steer=1.00 blocked=false attempts=0 stuck_s=0.00 pitch=-0.00 roll=0.00 normal_y=1.00 contacts=0[] bounded=true
tick=30 phase=following reason=path_ready wp=1 dist_wp=13.18 bearing_deg=7.04 speed=1.709 pos=(-27.071,0.027,115.769) thr=1.00 steer=0.29 blocked=false attempts=0 stuck_s=0.32 pitch=0.70 roll=0.00 normal_y=1.00 contacts=3[VillageTerrain,VillageTerrain,VillageTerrain] bounded=true
tick=60 phase=following reason=path_ready wp=1 dist_wp=12.15 bearing_deg=1.93 speed=3.388 pos=(-27.477,0.026,114.827) thr=1.00 steer=0.08 blocked=false attempts=0 stuck_s=0.05 pitch=0.68 roll=0.00 normal_y=1.00 contacts=3[VillageTerrain,VillageTerrain,VillageTerrain] bounded=true
tick=90 phase=following reason=path_ready wp=1 dist_wp=10.40 bearing_deg=0.79 speed=4.859 pos=(-28.245,0.020,113.252) thr=0.93 steer=0.00 blocked=false attempts=0 stuck_s=0.08 pitch=0.52 roll=0.00 normal_y=1.00 contacts=3[VillageTerrain,VillageTerrain,VillageTerrain] bounded=true
tick=120 phase=following reason=path_ready wp=1 dist_wp=7.99 bearing_deg=0.78 speed=6.019 pos=(-29.320,0.014,111.097) thr=0.80 steer=0.03 blocked=false attempts=0 stuck_s=0.07 pitch=0.36 roll=0.00 normal_y=1.00 contacts=3[VillageTerrain,VillageTerrain,VillageTerrain] bounded=true
tick=150 phase=following reason=path_ready wp=1 dist_wp=5.57 bearing_deg=0.80 speed=5.119 pos=(-30.409,0.014,108.936) thr=0.64 steer=0.00 blocked=false attempts=0 stuck_s=0.07 pitch=-0.35 roll=0.00 normal_y=1.00 contacts=3[VillageTerrain,VillageTerrain,VillageTerrain] bounded=true
tick=180 phase=following reason=path_ready wp=1 dist_wp=3.69 bearing_deg=0.81 speed=3.842 pos=(-31.268,0.018,107.254) thr=0.48 steer=0.00 blocked=false attempts=0 stuck_s=0.10 pitch=-0.46 roll=0.00 normal_y=1.00 contacts=3[VillageTerrain,VillageTerrain,VillageTerrain] bounded=true
tick=210 phase=following reason=path_ready wp=1 dist_wp=2.34 bearing_deg=0.78 speed=2.563 pos=(-31.888,0.018,106.058) thr=0.32 steer=0.03 blocked=false attempts=0 stuck_s=0.08 pitch=-0.46 roll=0.00 normal_y=1.00 contacts=3[VillageTerrain,VillageTerrain,VillageTerrain] bounded=true
tick=240 phase=following reason=path_ready wp=1 dist_wp=1.53 bearing_deg=0.78 speed=1.279 pos=(-32.263,0.018,105.346) thr=0.16 steer=0.00 blocked=false attempts=0 stuck_s=0.00 pitch=-0.46 roll=0.00 normal_y=1.00 contacts=3[VillageTerrain,VillageTerrain,VillageTerrain] bounded=true
tick=270 phase=following reason=path_ready wp=2 dist_wp=20.70 bearing_deg=65.60 speed=0.000 pos=(-32.382,0.018,105.123) thr=0.00 steer=1.00 blocked=false attempts=0 stuck_s=0.00 pitch=-0.49 roll=0.00 normal_y=1.00 contacts=1[VillageTerrain] bounded=true
tick=300 phase=following reason=path_ready wp=2 dist_wp=20.70 bearing_deg=28.10 speed=0.000 pos=(-32.382,0.002,105.123) thr=0.00 steer=1.00 blocked=false attempts=0 stuck_s=0.00 pitch=-0.04 roll=0.00 normal_y=1.00 contacts=1[VillageTerrain] bounded=true
tick=330 phase=following reason=path_ready wp=2 dist_wp=20.41 bearing_deg=6.46 speed=1.885 pos=(-32.675,0.028,105.147) thr=1.00 steer=0.27 blocked=false attempts=0 stuck_s=0.35 pitch=0.74 roll=0.00 normal_y=1.00 contacts=3[VillageTerrain,VillageTerrain,VillageTerrain] bounded=true
tick=360 phase=following reason=path_ready wp=2 dist_wp=19.34 bearing_deg=1.74 speed=3.552 pos=(-33.729,0.027,105.345) thr=1.00 steer=0.07 blocked=false attempts=0 stuck_s=0.08 pitch=0.72 roll=0.00 normal_y=1.00 contacts=3[VillageTerrain,VillageTerrain,VillageTerrain] bounded=true
tick=390 phase=following reason=path_ready wp=2 dist_wp=17.54 bearing_deg=0.79 speed=5.063 pos=(-35.484,0.022,105.748) thr=1.00 steer=0.00 blocked=false attempts=0 stuck_s=0.02 pitch=0.58 roll=0.00 normal_y=1.00 contacts=3[VillageTerrain,VillageTerrain,VillageTerrain] bounded=true
tick=420 phase=following reason=path_ready wp=2 dist_wp=15.06 bearing_deg=0.79 speed=6.372 pos=(-37.901,0.015,106.320) thr=1.00 steer=0.00 blocked=false attempts=0 stuck_s=0.02 pitch=0.38 roll=0.00 normal_y=1.00 contacts=3[VillageTerrain,VillageTerrain,VillageTerrain] bounded=true
tick=450 phase=following reason=path_ready wp=2 dist_wp=11.99 bearing_deg=0.81 speed=7.993 pos=(-40.887,0.021,107.034) thr=1.00 steer=0.00 blocked=false attempts=0 stuck_s=0.05 pitch=0.55 roll=0.00 normal_y=1.00 contacts=3[VillageTerrain,VillageTerrain,VillageTerrain] bounded=true
tick=480 phase=following reason=path_ready wp=2 dist_wp=8.85 bearing_deg=0.80 speed=6.783 pos=(-43.931,0.014,107.773) thr=0.85 steer=0.00 blocked=false attempts=0 stuck_s=0.02 pitch=-0.36 roll=0.00 normal_y=1.00 contacts=3[VillageTerrain,VillageTerrain,VillageTerrain] bounded=true
tick=510 phase=following reason=path_ready wp=2 dist_wp=6.26 bearing_deg=0.78 speed=5.509 pos=(-46.449,0.018,108.397) thr=0.69 steer=0.03 blocked=false attempts=0 stuck_s=0.00 pitch=-0.46 roll=0.00 normal_y=1.00 contacts=3[VillageTerrain,VillageTerrain,VillageTerrain] bounded=true
tick=540 phase=following reason=path_ready wp=2 dist_wp=4.21 bearing_deg=0.81 speed=4.233 pos=(-48.440,0.018,108.900) thr=0.53 steer=0.00 blocked=false attempts=0 stuck_s=0.05 pitch=-0.46 roll=0.00 normal_y=1.00 contacts=3[VillageTerrain,VillageTerrain,VillageTerrain] bounded=true
tick=570 phase=following reason=path_ready wp=2 dist_wp=2.69 bearing_deg=0.79 speed=2.955 pos=(-49.904,0.018,109.280) thr=0.37 steer=0.03 blocked=false attempts=0 stuck_s=0.08 pitch=-0.46 roll=0.00 normal_y=1.00 contacts=3[VillageTerrain,VillageTerrain,VillageTerrain] bounded=true
tick=600 phase=following reason=path_ready wp=2 dist_wp=1.72 bearing_deg=0.78 speed=1.673 pos=(-50.843,0.018,109.529) thr=0.21 steer=0.03 blocked=false attempts=0 stuck_s=0.07 pitch=-0.46 roll=0.00 normal_y=1.00 contacts=3[VillageTerrain,VillageTerrain,VillageTerrain] bounded=true
tick=630 phase=following reason=path_ready wp=2 dist_wp=1.34 bearing_deg=1.73 speed=0.655 pos=(-51.235,0.015,109.551) thr=0.08 steer=0.07 blocked=false attempts=0 stuck_s=0.00 pitch=-0.39 roll=0.00 normal_y=1.00 contacts=3[VillageTerrain,VillageTerrain,VillageTerrain] bounded=true
tick=660 phase=following reason=path_ready wp=3 dist_wp=21.25 bearing_deg=-0.78 speed=2.072 pos=(-51.709,0.023,109.705) thr=1.00 steer=0.00 blocked=false attempts=0 stuck_s=0.03 pitch=0.61 roll=0.00 normal_y=1.00 contacts=3[VillageTerrain,VillageTerrain,VillageTerrain] bounded=true
tick=690 phase=following reason=path_ready wp=3 dist_wp=20.02 bearing_deg=-0.80 speed=4.043 pos=(-52.873,0.030,110.083) thr=1.00 steer=0.00 blocked=false attempts=0 stuck_s=0.03 pitch=0.79 roll=0.00 normal_y=1.00 contacts=3[VillageTerrain,VillageTerrain,VillageTerrain] bounded=true
tick=720 phase=following reason=path_ready wp=3 dist_wp=18.09 bearing_deg=-0.78 speed=5.505 pos=(-54.711,0.025,110.678) thr=1.00 steer=0.00 blocked=false attempts=0 stuck_s=0.02 pitch=0.67 roll=0.00 normal_y=1.00 contacts=3[VillageTerrain,VillageTerrain,VillageTerrain] bounded=true
tick=750 phase=following reason=path_ready wp=3 dist_wp=15.49 bearing_deg=-0.78 speed=6.748 pos=(-57.184,0.017,111.474) thr=1.00 steer=0.00 blocked=false attempts=0 stuck_s=0.03 pitch=0.45 roll=0.00 normal_y=1.00 contacts=3[VillageTerrain,VillageTerrain,VillageTerrain] bounded=true
tick=780 phase=following reason=path_ready wp=3 dist_wp=12.30 bearing_deg=-0.81 speed=8.000 pos=(-60.226,0.017,112.444) thr=1.00 steer=0.00 blocked=false attempts=0 stuck_s=0.00 pitch=0.44 roll=0.00 normal_y=1.00 contacts=3[VillageTerrain,VillageTerrain,VillageTerrain] bounded=true
tick=810 phase=following reason=path_ready wp=3 dist_wp=9.12 bearing_deg=-0.80 speed=6.901 pos=(-63.259,0.014,113.399) thr=0.86 steer=0.00 blocked=false attempts=0 stuck_s=0.03 pitch=-0.37 roll=0.00 normal_y=1.00 contacts=3[VillageTerrain,VillageTerrain,VillageTerrain] bounded=true
tick=840 phase=following reason=path_ready wp=3 dist_wp=6.48 bearing_deg=-0.78 speed=5.627 pos=(-65.783,0.018,114.182) thr=0.70 steer=-0.03 blocked=false attempts=0 stuck_s=0.03 pitch=-0.46 roll=0.00 normal_y=1.00 contacts=3[VillageTerrain,VillageTerrain,VillageTerrain] bounded=true
tick=870 phase=following reason=path_ready wp=3 dist_wp=4.37 bearing_deg=-0.81 speed=4.351 pos=(-67.796,0.018,114.795) thr=0.54 steer=0.00 blocked=false attempts=0 stuck_s=0.00 pitch=-0.46 roll=0.00 normal_y=1.00 contacts=3[VillageTerrain,VillageTerrain,VillageTerrain] bounded=true
tick=900 phase=following reason=path_ready wp=3 dist_wp=2.81 bearing_deg=-0.78 speed=3.073 pos=(-69.293,0.018,115.242) thr=0.38 steer=-0.03 blocked=false attempts=0 stuck_s=0.03 pitch=-0.46 roll=0.00 normal_y=1.00 contacts=3[VillageTerrain,VillageTerrain,VillageTerrain] bounded=true
tick=930 phase=following reason=path_ready wp=3 dist_wp=1.79 bearing_deg=-0.78 speed=1.792 pos=(-70.274,0.018,115.528) thr=0.22 steer=-0.03 blocked=false attempts=0 stuck_s=0.02 pitch=-0.46 roll=0.00 normal_y=1.00 contacts=3[VillageTerrain,VillageTerrain,VillageTerrain] bounded=true
tick=960 phase=following reason=path_ready wp=3 dist_wp=1.31 bearing_deg=-0.80 speed=0.494 pos=(-70.731,0.018,115.659) thr=0.06 steer=0.00 blocked=false attempts=0 stuck_s=0.00 pitch=-0.47 roll=0.00 normal_y=1.00 contacts=3[VillageTerrain,VillageTerrain,VillageTerrain] bounded=true
tick=990 phase=following reason=path_ready wp=4 dist_wp=21.70 bearing_deg=-70.08 speed=0.000 pos=(-70.762,0.005,115.667) thr=0.00 steer=-1.00 blocked=false attempts=0 stuck_s=0.00 pitch=-0.13 roll=0.00 normal_y=1.00 contacts=1[VillageTerrain] bounded=true
tick=1020 phase=following reason=path_ready wp=4 dist_wp=21.70 bearing_deg=-32.58 speed=0.000 pos=(-70.762,0.001,115.667) thr=0.00 steer=-1.00 blocked=false attempts=0 stuck_s=0.00 pitch=-0.01 roll=0.00 normal_y=1.00 contacts=1[VillageTerrain] bounded=true
tick=1050 phase=following reason=path_ready wp=4 dist_wp=21.50 bearing_deg=-7.62 speed=1.604 pos=(-70.809,0.026,115.468) thr=1.00 steer=-0.32 blocked=false attempts=0 stuck_s=0.28 pitch=0.67 roll=0.00 normal_y=1.00 contacts=3[VillageTerrain,VillageTerrain,VillageTerrain] bounded=true
tick=1080 phase=following reason=path_ready wp=4 dist_wp=20.48 bearing_deg=-2.02 speed=3.412 pos=(-70.931,0.027,114.453) thr=1.00 steer=-0.08 blocked=false attempts=0 stuck_s=0.03 pitch=0.71 roll=0.00 normal_y=1.00 contacts=3[VillageTerrain,VillageTerrain,VillageTerrain] bounded=true
tick=1110 phase=following reason=path_ready wp=4 dist_wp=18.69 bearing_deg=-0.77 speed=5.104 pos=(-71.058,0.024,112.669) thr=1.00 steer=-0.03 blocked=false attempts=0 stuck_s=0.07 pitch=0.63 roll=0.00 normal_y=1.00 contacts=3[VillageTerrain,VillageTerrain,VillageTerrain] bounded=true
tick=1140 phase=following reason=path_ready wp=4 dist_wp=16.17 bearing_deg=-0.80 speed=6.608 pos=(-71.218,0.018,110.148) thr=1.00 steer=0.00 blocked=false attempts=0 stuck_s=0.05 pitch=0.47 roll=0.00 normal_y=1.00 contacts=3[VillageTerrain,VillageTerrain,VillageTerrain] bounded=true
tick=1170 phase=following reason=path_ready wp=4 dist_wp=12.99 bearing_deg=-0.78 speed=8.000 pos=(-71.411,0.018,106.975) thr=1.00 steer=-0.03 blocked=false attempts=0 stuck_s=0.02 pitch=0.47 roll=0.00 normal_y=1.00 contacts=3[VillageTerrain,VillageTerrain,VillageTerrain] bounded=true
tick=1200 phase=following reason=path_ready wp=4 dist_wp=9.72 bearing_deg=-0.80 speed=7.160 pos=(-71.598,0.012,103.716) thr=0.90 steer=0.00 blocked=false attempts=0 stuck_s=0.05 pitch=-0.31 roll=0.00 normal_y=1.00 contacts=3[VillageTerrain,VillageTerrain,VillageTerrain] bounded=true
tick=1230 phase=following reason=path_ready wp=4 dist_wp=6.97 bearing_deg=-0.80 speed=5.886 pos=(-71.744,0.018,100.966) thr=0.74 steer=0.00 blocked=false attempts=0 stuck_s=0.00 pitch=-0.45 roll=0.00 normal_y=1.00 contacts=3[VillageTerrain,VillageTerrain,VillageTerrain] bounded=true
tick=1260 phase=following reason=path_ready wp=4 dist_wp=4.76 bearing_deg=-0.80 speed=4.611 pos=(-71.850,0.018,98.756) thr=0.58 steer=0.00 blocked=false attempts=0 stuck_s=0.07 pitch=-0.46 roll=0.00 normal_y=1.00 contacts=3[VillageTerrain,VillageTerrain,VillageTerrain] bounded=true
tick=1290 phase=following reason=path_ready wp=4 dist_wp=3.09 bearing_deg=-0.81 speed=3.334 pos=(-71.921,0.018,97.084) thr=0.42 steer=0.00 blocked=false attempts=0 stuck_s=0.03 pitch=-0.46 roll=0.00 normal_y=1.00 contacts=3[VillageTerrain,VillageTerrain,VillageTerrain] bounded=true
tick=1320 phase=following reason=path_ready wp=4 dist_wp=1.95 bearing_deg=-0.78 speed=2.053 pos=(-71.962,0.018,95.953) thr=0.26 steer=-0.03 blocked=false attempts=0 stuck_s=0.08 pitch=-0.46 roll=0.00 normal_y=1.00 contacts=3[VillageTerrain,VillageTerrain,VillageTerrain] bounded=true
tick=1350 phase=following reason=path_ready wp=4 dist_wp=1.37 bearing_deg=-0.79 speed=0.762 pos=(-71.980,0.018,95.366) thr=0.10 steer=0.00 blocked=false attempts=0 stuck_s=0.00 pitch=-0.46 roll=0.00 normal_y=1.00 contacts=3[VillageTerrain,VillageTerrain,VillageTerrain] bounded=true
tick=1380 phase=following reason=path_ready wp=5 dist_wp=22.92 bearing_deg=-0.78 speed=2.089 pos=(-71.989,0.024,94.918) thr=1.00 steer=0.00 blocked=false attempts=0 stuck_s=0.33 pitch=0.63 roll=0.00 normal_y=1.00 contacts=3[VillageTerrain,VillageTerrain,VillageTerrain] bounded=true
tick=1410 phase=following reason=path_ready wp=5 dist_wp=21.69 bearing_deg=-0.79 speed=4.035 pos=(-72.005,0.031,93.692) thr=1.00 steer=0.00 blocked=false attempts=0 stuck_s=0.02 pitch=0.83 roll=0.00 normal_y=1.00 contacts=3[VillageTerrain,VillageTerrain,VillageTerrain] bounded=true
tick=1440 phase=yielding reason=physical_obstacle wp=5 dist_wp=20.12 bearing_deg=-0.78 speed=3.044 pos=(-72.026,0.013,92.116) thr=0.00 steer=0.00 blocked=false attempts=0 stuck_s=0.00 pitch=-0.34 roll=0.00 normal_y=1.00 contacts=3[VillageTerrain,VillageTerrain,VillageTerrain] bounded=true
tick=1470 phase=yielding reason=physical_obstacle wp=5 dist_wp=19.23 bearing_deg=-0.78 speed=1.484 pos=(-72.036,0.020,91.230) thr=0.00 steer=0.00 blocked=false attempts=0 stuck_s=0.00 pitch=-0.55 roll=0.00 normal_y=1.00 contacts=2[Tank,VillageTerrain] bounded=true
tick=1500 phase=yielding reason=physical_obstacle wp=5 dist_wp=19.23 bearing_deg=-0.78 speed=0.000 pos=(-72.037,0.020,91.230) thr=0.00 steer=0.00 blocked=false attempts=0 stuck_s=0.00 pitch=-0.55 roll=0.00 normal_y=1.00 contacts=1[VillageTerrain] bounded=true
tick=1530 phase=yielding reason=physical_obstacle wp=5 dist_wp=19.23 bearing_deg=-0.78 speed=0.000 pos=(-72.037,0.002,91.230) thr=0.00 steer=0.00 blocked=false attempts=0 stuck_s=0.00 pitch=-0.04 roll=0.00 normal_y=1.00 contacts=1[VillageTerrain] bounded=true
tick=1560 phase=yielding reason=physical_obstacle wp=5 dist_wp=19.23 bearing_deg=-0.78 speed=0.000 pos=(-72.037,0.001,91.230) thr=0.00 steer=0.00 blocked=false attempts=0 stuck_s=0.00 pitch=-0.00 roll=0.00 normal_y=1.00 contacts=1[VillageTerrain] bounded=true
tick=1590 phase=yielding reason=physical_obstacle wp=5 dist_wp=19.23 bearing_deg=-0.78 speed=0.000 pos=(-72.037,0.001,91.230) thr=0.00 steer=0.00 blocked=false attempts=0 stuck_s=0.00 pitch=-0.00 roll=0.00 normal_y=1.00 contacts=1[VillageTerrain] bounded=true
tick=1620 phase=yielding reason=physical_obstacle wp=5 dist_wp=19.23 bearing_deg=-0.78 speed=0.000 pos=(-72.037,0.001,91.230) thr=0.00 steer=0.00 blocked=false attempts=0 stuck_s=0.00 pitch=-0.00 roll=0.00 normal_y=1.00 contacts=1[VillageTerrain] bounded=true
tick=1650 phase=yielding reason=physical_obstacle wp=5 dist_wp=19.23 bearing_deg=-0.78 speed=0.000 pos=(-72.037,0.001,91.230) thr=0.00 steer=0.00 blocked=false attempts=0 stuck_s=0.00 pitch=-0.00 roll=0.00 normal_y=1.00 contacts=1[VillageTerrain] bounded=true
tick=1680 phase=yielding reason=physical_obstacle wp=5 dist_wp=19.23 bearing_deg=-0.78 speed=0.000 pos=(-72.037,0.001,91.230) thr=0.00 steer=0.00 blocked=false attempts=0 stuck_s=0.00 pitch=-0.00 roll=0.00 normal_y=1.00 contacts=1[VillageTerrain] bounded=true
tick=1710 phase=yielding reason=physical_obstacle wp=5 dist_wp=19.23 bearing_deg=-0.78 speed=0.000 pos=(-72.037,0.001,91.230) thr=0.00 steer=0.00 blocked=false attempts=0 stuck_s=0.00 pitch=-0.00 roll=0.00 normal_y=1.00 contacts=1[VillageTerrain] bounded=true
tick=1740 phase=yielding reason=physical_obstacle wp=5 dist_wp=19.23 bearing_deg=-0.78 speed=0.000 pos=(-72.037,0.001,91.230) thr=0.00 steer=0.00 blocked=false attempts=0 stuck_s=0.00 pitch=-0.00 roll=0.00 normal_y=1.00 contacts=1[VillageTerrain] bounded=true
tick=1770 phase=yielding reason=physical_obstacle wp=5 dist_wp=19.23 bearing_deg=-0.78 speed=0.000 pos=(-72.037,0.001,91.230) thr=0.00 steer=0.00 blocked=false attempts=0 stuck_s=0.00 pitch=-0.00 roll=0.00 normal_y=1.00 contacts=1[VillageTerrain] bounded=true
tick=1800 phase=yielding reason=physical_obstacle wp=5 dist_wp=19.23 bearing_deg=-0.78 speed=0.000 pos=(-72.037,0.001,91.230) thr=0.00 steer=0.00 blocked=false attempts=0 stuck_s=0.00 pitch=-0.00 roll=0.00 normal_y=1.00 contacts=1[VillageTerrain] bounded=true
tick=1830 phase=yielding reason=physical_obstacle wp=5 dist_wp=19.23 bearing_deg=-0.78 speed=0.000 pos=(-72.037,0.001,91.230) thr=0.00 steer=0.00 blocked=false attempts=0 stuck_s=0.00 pitch=-0.00 roll=0.00 normal_y=1.00 contacts=1[VillageTerrain] bounded=true
tick=1860 phase=yielding reason=physical_obstacle wp=5 dist_wp=19.23 bearing_deg=-0.78 speed=0.000 pos=(-72.037,0.001,91.230) thr=0.00 steer=0.00 blocked=false attempts=0 stuck_s=0.00 pitch=-0.00 roll=0.00 normal_y=1.00 contacts=1[VillageTerrain] bounded=true
tick=1890 phase=yielding reason=physical_obstacle wp=5 dist_wp=19.23 bearing_deg=-0.78 speed=0.000 pos=(-72.037,0.001,91.230) thr=0.00 steer=0.00 blocked=false attempts=0 stuck_s=0.00 pitch=-0.00 roll=0.00 normal_y=1.00 contacts=1[VillageTerrain] bounded=true
tick=1920 phase=yielding reason=physical_obstacle wp=5 dist_wp=19.23 bearing_deg=-0.78 speed=0.000 pos=(-72.037,0.001,91.230) thr=0.00 steer=0.00 blocked=false attempts=0 stuck_s=0.00 pitch=-0.00 roll=0.00 normal_y=1.00 contacts=1[VillageTerrain] bounded=true
tick=1950 phase=yielding reason=physical_obstacle wp=5 dist_wp=19.23 bearing_deg=-0.78 speed=0.000 pos=(-72.037,0.001,91.230) thr=0.00 steer=0.00 blocked=false attempts=0 stuck_s=0.00 pitch=-0.00 roll=0.00 normal_y=1.00 contacts=1[VillageTerrain] bounded=true
tick=1980 phase=yielding reason=physical_obstacle wp=5 dist_wp=19.23 bearing_deg=-0.78 speed=0.000 pos=(-72.037,0.001,91.230) thr=0.00 steer=0.00 blocked=false attempts=0 stuck_s=0.00 pitch=-0.00 roll=0.00 normal_y=1.00 contacts=1[VillageTerrain] bounded=true
tick=2010 phase=yielding reason=physical_obstacle wp=5 dist_wp=19.23 bearing_deg=-0.78 speed=0.000 pos=(-72.037,0.001,91.230) thr=0.00 steer=0.00 blocked=false attempts=0 stuck_s=0.00 pitch=-0.00 roll=0.00 normal_y=1.00 contacts=1[VillageTerrain] bounded=true
tick=2040 phase=yielding reason=physical_obstacle wp=5 dist_wp=19.23 bearing_deg=-0.78 speed=0.000 pos=(-72.037,0.001,91.230) thr=0.00 steer=0.00 blocked=false attempts=0 stuck_s=0.00 pitch=-0.00 roll=0.00 normal_y=1.00 contacts=1[VillageTerrain] bounded=true
tick=2070 phase=yielding reason=physical_obstacle wp=5 dist_wp=19.23 bearing_deg=-0.78 speed=0.000 pos=(-72.037,0.001,91.230) thr=0.00 steer=0.00 blocked=false attempts=0 stuck_s=0.00 pitch=-0.00 roll=0.00 normal_y=1.00 contacts=1[VillageTerrain] bounded=true
tick=2100 phase=yielding reason=physical_obstacle wp=5 dist_wp=19.23 bearing_deg=-0.78 speed=0.000 pos=(-72.037,0.001,91.230) thr=0.00 steer=0.00 blocked=false attempts=0 stuck_s=0.00 pitch=-0.00 roll=0.00 normal_y=1.00 contacts=1[VillageTerrain] bounded=true
tick=2130 phase=yielding reason=physical_obstacle wp=5 dist_wp=19.23 bearing_deg=-0.78 speed=0.000 pos=(-72.037,0.001,91.230) thr=0.00 steer=0.00 blocked=false attempts=0 stuck_s=0.00 pitch=-0.00 roll=0.00 normal_y=1.00 contacts=1[VillageTerrain] bounded=true
tick=2160 phase=yielding reason=physical_obstacle wp=5 dist_wp=19.23 bearing_deg=-0.78 speed=0.000 pos=(-72.037,0.001,91.230) thr=0.00 steer=0.00 blocked=false attempts=0 stuck_s=0.00 pitch=-0.00 roll=0.00 normal_y=1.00 contacts=1[VillageTerrain] bounded=true
tick=2190 phase=yielding reason=physical_obstacle wp=5 dist_wp=19.23 bearing_deg=-0.78 speed=0.000 pos=(-72.037,0.001,91.230) thr=0.00 steer=0.00 blocked=false attempts=0 stuck_s=0.00 pitch=-0.00 roll=0.00 normal_y=1.00 contacts=1[VillageTerrain] bounded=true
tick=2220 phase=yielding reason=physical_obstacle wp=5 dist_wp=19.23 bearing_deg=-0.78 speed=0.000 pos=(-72.037,0.001,91.230) thr=0.00 steer=0.00 blocked=false attempts=0 stuck_s=0.00 pitch=-0.00 roll=0.00 normal_y=1.00 contacts=1[VillageTerrain] bounded=true
tick=2250 phase=yielding reason=physical_obstacle wp=5 dist_wp=19.23 bearing_deg=-0.78 speed=0.000 pos=(-72.037,0.001,91.230) thr=0.00 steer=0.00 blocked=false attempts=0 stuck_s=0.00 pitch=-0.00 roll=0.00 normal_y=1.00 contacts=1[VillageTerrain] bounded=true
tick=2280 phase=yielding reason=physical_obstacle wp=5 dist_wp=19.23 bearing_deg=-0.78 speed=0.000 pos=(-72.037,0.001,91.230) thr=0.00 steer=0.00 blocked=false attempts=0 stuck_s=0.00 pitch=-0.00 roll=0.00 normal_y=1.00 contacts=1[VillageTerrain] bounded=true
tick=2310 phase=yielding reason=physical_obstacle wp=5 dist_wp=19.23 bearing_deg=-0.78 speed=0.000 pos=(-72.037,0.001,91.230) thr=0.00 steer=0.00 blocked=false attempts=0 stuck_s=0.00 pitch=-0.00 roll=0.00 normal_y=1.00 contacts=1[VillageTerrain] bounded=true
tick=2340 phase=yielding reason=physical_obstacle wp=5 dist_wp=19.23 bearing_deg=-0.78 speed=0.000 pos=(-72.037,0.001,91.230) thr=0.00 steer=0.00 blocked=false attempts=0 stuck_s=0.00 pitch=-0.00 roll=0.00 normal_y=1.00 contacts=1[VillageTerrain] bounded=true
tick=2370 phase=yielding reason=physical_obstacle wp=5 dist_wp=19.23 bearing_deg=-0.78 speed=0.000 pos=(-72.037,0.001,91.230) thr=0.00 steer=0.00 blocked=false attempts=0 stuck_s=0.00 pitch=-0.00 roll=0.00 normal_y=1.00 contacts=1[VillageTerrain] bounded=true
tick=2400 phase=yielding reason=physical_obstacle wp=5 dist_wp=19.23 bearing_deg=-0.78 speed=0.000 pos=(-72.037,0.001,91.230) thr=0.00 steer=0.00 blocked=false attempts=0 stuck_s=0.00 pitch=-0.00 roll=0.00 normal_y=1.00 contacts=1[VillageTerrain] bounded=true
tick=2430 phase=yielding reason=physical_obstacle wp=5 dist_wp=19.23 bearing_deg=-0.78 speed=0.000 pos=(-72.037,0.001,91.230) thr=0.00 steer=0.00 blocked=false attempts=0 stuck_s=0.00 pitch=-0.00 roll=0.00 normal_y=1.00 contacts=1[VillageTerrain] bounded=true
tick=2460 phase=yielding reason=physical_obstacle wp=5 dist_wp=19.23 bearing_deg=-0.78 speed=0.000 pos=(-72.037,0.001,91.230) thr=0.00 steer=0.00 blocked=false attempts=0 stuck_s=0.00 pitch=-0.00 roll=0.00 normal_y=1.00 contacts=1[VillageTerrain] bounded=true
tick=2490 phase=yielding reason=physical_obstacle wp=5 dist_wp=19.23 bearing_deg=-0.78 speed=0.000 pos=(-72.037,0.001,91.230) thr=0.00 steer=0.00 blocked=false attempts=0 stuck_s=0.00 pitch=-0.00 roll=0.00 normal_y=1.00 contacts=1[VillageTerrain] bounded=true
tick=2520 phase=yielding reason=physical_obstacle wp=5 dist_wp=19.23 bearing_deg=-0.78 speed=0.000 pos=(-72.037,0.001,91.230) thr=0.00 steer=0.00 blocked=false attempts=0 stuck_s=0.00 pitch=-0.00 roll=0.00 normal_y=1.00 contacts=1[VillageTerrain] bounded=true
tick=2550 phase=yielding reason=physical_obstacle wp=5 dist_wp=19.23 bearing_deg=-0.78 speed=0.000 pos=(-72.037,0.001,91.230) thr=0.00 steer=0.00 blocked=false attempts=0 stuck_s=0.00 pitch=-0.00 roll=0.00 normal_y=1.00 contacts=1[VillageTerrain] bounded=true
tick=2580 phase=yielding reason=physical_obstacle wp=5 dist_wp=19.23 bearing_deg=-0.78 speed=0.000 pos=(-72.037,0.001,91.230) thr=0.00 steer=0.00 blocked=false attempts=0 stuck_s=0.00 pitch=-0.00 roll=0.00 normal_y=1.00 contacts=1[VillageTerrain] bounded=true
tick=2610 phase=yielding reason=physical_obstacle wp=5 dist_wp=19.23 bearing_deg=-0.78 speed=0.000 pos=(-72.037,0.001,91.230) thr=0.00 steer=0.00 blocked=false attempts=0 stuck_s=0.00 pitch=-0.00 roll=0.00 normal_y=1.00 contacts=1[VillageTerrain] bounded=true
tick=2640 phase=yielding reason=physical_obstacle wp=5 dist_wp=19.23 bearing_deg=-0.78 speed=0.000 pos=(-72.037,0.001,91.230) thr=0.00 steer=0.00 blocked=false attempts=0 stuck_s=0.00 pitch=-0.00 roll=0.00 normal_y=1.00 contacts=1[VillageTerrain] bounded=true
tick=2670 phase=yielding reason=physical_obstacle wp=5 dist_wp=19.23 bearing_deg=-0.78 speed=0.000 pos=(-72.037,0.001,91.230) thr=0.00 steer=0.00 blocked=false attempts=0 stuck_s=0.00 pitch=-0.00 roll=0.00 normal_y=1.00 contacts=1[VillageTerrain] bounded=true
tick=2700 phase=yielding reason=physical_obstacle wp=5 dist_wp=19.23 bearing_deg=-0.78 speed=0.000 pos=(-72.037,0.001,91.230) thr=0.00 steer=0.00 blocked=false attempts=0 stuck_s=0.00 pitch=-0.00 roll=0.00 normal_y=1.00 contacts=1[VillageTerrain] bounded=true
tick=2730 phase=yielding reason=physical_obstacle wp=5 dist_wp=19.23 bearing_deg=-0.78 speed=0.000 pos=(-72.037,0.001,91.230) thr=0.00 steer=0.00 blocked=false attempts=0 stuck_s=0.00 pitch=-0.00 roll=0.00 normal_y=1.00 contacts=1[VillageTerrain] bounded=true
tick=2760 phase=yielding reason=physical_obstacle wp=5 dist_wp=19.23 bearing_deg=-0.78 speed=0.000 pos=(-72.037,0.001,91.230) thr=0.00 steer=0.00 blocked=false attempts=0 stuck_s=0.00 pitch=-0.00 roll=0.00 normal_y=1.00 contacts=1[VillageTerrain] bounded=true
tick=2790 phase=yielding reason=physical_obstacle wp=5 dist_wp=19.23 bearing_deg=-0.78 speed=0.000 pos=(-72.037,0.001,91.230) thr=0.00 steer=0.00 blocked=false attempts=0 stuck_s=0.00 pitch=-0.00 roll=0.00 normal_y=1.00 contacts=1[VillageTerrain] bounded=true
tick=2820 phase=yielding reason=physical_obstacle wp=5 dist_wp=19.23 bearing_deg=-0.78 speed=0.000 pos=(-72.037,0.001,91.230) thr=0.00 steer=0.00 blocked=false attempts=0 stuck_s=0.00 pitch=-0.00 roll=0.00 normal_y=1.00 contacts=1[VillageTerrain] bounded=true
tick=2850 phase=yielding reason=physical_obstacle wp=5 dist_wp=19.23 bearing_deg=-0.78 speed=0.000 pos=(-72.037,0.001,91.230) thr=0.00 steer=0.00 blocked=false attempts=0 stuck_s=0.00 pitch=-0.00 roll=0.00 normal_y=1.00 contacts=1[VillageTerrain] bounded=true
tick=2880 phase=yielding reason=physical_obstacle wp=5 dist_wp=19.23 bearing_deg=-0.78 speed=0.000 pos=(-72.037,0.001,91.230) thr=0.00 steer=0.00 blocked=false attempts=0 stuck_s=0.00 pitch=-0.00 roll=0.00 normal_y=1.00 contacts=1[VillageTerrain] bounded=true
tick=2910 phase=yielding reason=physical_obstacle wp=5 dist_wp=19.23 bearing_deg=-0.78 speed=0.000 pos=(-72.037,0.001,91.230) thr=0.00 steer=0.00 blocked=false attempts=0 stuck_s=0.00 pitch=-0.00 roll=0.00 normal_y=1.00 contacts=1[VillageTerrain] bounded=true
tick=2940 phase=yielding reason=physical_obstacle wp=5 dist_wp=19.23 bearing_deg=-0.78 speed=0.000 pos=(-72.037,0.001,91.230) thr=0.00 steer=0.00 blocked=false attempts=0 stuck_s=0.00 pitch=-0.00 roll=0.00 normal_y=1.00 contacts=1[VillageTerrain] bounded=true
tick=2970 phase=yielding reason=physical_obstacle wp=5 dist_wp=19.23 bearing_deg=-0.78 speed=0.000 pos=(-72.037,0.001,91.230) thr=0.00 steer=0.00 blocked=false attempts=0 stuck_s=0.00 pitch=-0.00 roll=0.00 normal_y=1.00 contacts=1[VillageTerrain] bounded=true
tick=3000 phase=yielding reason=physical_obstacle wp=5 dist_wp=19.23 bearing_deg=-0.78 speed=0.000 pos=(-72.037,0.001,91.230) thr=0.00 steer=0.00 blocked=false attempts=0 stuck_s=0.00 pitch=-0.00 roll=0.00 normal_y=1.00 contacts=1[VillageTerrain] bounded=true
tick=3030 phase=yielding reason=physical_obstacle wp=5 dist_wp=19.23 bearing_deg=-0.78 speed=0.000 pos=(-72.037,0.001,91.230) thr=0.00 steer=0.00 blocked=false attempts=0 stuck_s=0.00 pitch=-0.00 roll=0.00 normal_y=1.00 contacts=1[VillageTerrain] bounded=true
tick=3060 phase=yielding reason=physical_obstacle wp=5 dist_wp=19.23 bearing_deg=-0.78 speed=0.000 pos=(-72.037,0.001,91.230) thr=0.00 steer=0.00 blocked=false attempts=0 stuck_s=0.00 pitch=-0.00 roll=0.00 normal_y=1.00 contacts=1[VillageTerrain] bounded=true
tick=3090 phase=yielding reason=physical_obstacle wp=5 dist_wp=19.23 bearing_deg=-0.78 speed=0.000 pos=(-72.037,0.001,91.230) thr=0.00 steer=0.00 blocked=false attempts=0 stuck_s=0.00 pitch=-0.00 roll=0.00 normal_y=1.00 contacts=1[VillageTerrain] bounded=true
tick=3120 phase=yielding reason=physical_obstacle wp=5 dist_wp=19.23 bearing_deg=-0.78 speed=0.000 pos=(-72.037,0.001,91.230) thr=0.00 steer=0.00 blocked=false attempts=0 stuck_s=0.00 pitch=-0.00 roll=0.00 normal_y=1.00 contacts=1[VillageTerrain] bounded=true
tick=3150 phase=yielding reason=physical_obstacle wp=5 dist_wp=19.23 bearing_deg=-0.78 speed=0.000 pos=(-72.037,0.001,91.230) thr=0.00 steer=0.00 blocked=false attempts=0 stuck_s=0.00 pitch=-0.00 roll=0.00 normal_y=1.00 contacts=1[VillageTerrain] bounded=true
tick=3180 phase=yielding reason=physical_obstacle wp=5 dist_wp=19.23 bearing_deg=-0.78 speed=0.000 pos=(-72.037,0.001,91.230) thr=0.00 steer=0.00 blocked=false attempts=0 stuck_s=0.00 pitch=-0.00 roll=0.00 normal_y=1.00 contacts=1[VillageTerrain] bounded=true
tick=3210 phase=yielding reason=physical_obstacle wp=5 dist_wp=19.23 bearing_deg=-0.78 speed=0.000 pos=(-72.037,0.001,91.230) thr=0.00 steer=0.00 blocked=false attempts=0 stuck_s=0.00 pitch=-0.00 roll=0.00 normal_y=1.00 contacts=1[VillageTerrain] bounded=true
tick=3240 phase=yielding reason=physical_obstacle wp=5 dist_wp=19.23 bearing_deg=-0.78 speed=0.000 pos=(-72.037,0.001,91.230) thr=0.00 steer=0.00 blocked=false attempts=0 stuck_s=0.00 pitch=-0.00 roll=0.00 normal_y=1.00 contacts=1[VillageTerrain] bounded=true
tick=3270 phase=yielding reason=physical_obstacle wp=5 dist_wp=19.23 bearing_deg=-0.78 speed=0.000 pos=(-72.037,0.001,91.230) thr=0.00 steer=0.00 blocked=false attempts=0 stuck_s=0.00 pitch=-0.00 roll=0.00 normal_y=1.00 contacts=1[VillageTerrain] bounded=true
tick=3300 phase=yielding reason=physical_obstacle wp=5 dist_wp=19.23 bearing_deg=-0.78 speed=0.000 pos=(-72.037,0.001,91.230) thr=0.00 steer=0.00 blocked=false attempts=0 stuck_s=0.00 pitch=-0.00 roll=0.00 normal_y=1.00 contacts=1[VillageTerrain] bounded=true
tick=3330 phase=yielding reason=physical_obstacle wp=5 dist_wp=19.23 bearing_deg=-0.78 speed=0.000 pos=(-72.037,0.001,91.230) thr=0.00 steer=0.00 blocked=false attempts=0 stuck_s=0.00 pitch=-0.00 roll=0.00 normal_y=1.00 contacts=1[VillageTerrain] bounded=true
tick=3360 phase=yielding reason=physical_obstacle wp=5 dist_wp=19.23 bearing_deg=-0.78 speed=0.000 pos=(-72.037,0.001,91.230) thr=0.00 steer=0.00 blocked=false attempts=0 stuck_s=0.00 pitch=-0.00 roll=0.00 normal_y=1.00 contacts=1[VillageTerrain] bounded=true
tick=3390 phase=yielding reason=physical_obstacle wp=5 dist_wp=19.23 bearing_deg=-0.78 speed=0.000 pos=(-72.037,0.001,91.230) thr=0.00 steer=0.00 blocked=false attempts=0 stuck_s=0.00 pitch=-0.00 roll=0.00 normal_y=1.00 contacts=1[VillageTerrain] bounded=true
tick=3420 phase=yielding reason=physical_obstacle wp=5 dist_wp=19.23 bearing_deg=-0.78 speed=0.000 pos=(-72.037,0.001,91.230) thr=0.00 steer=0.00 blocked=false attempts=0 stuck_s=0.00 pitch=-0.00 roll=0.00 normal_y=1.00 contacts=1[VillageTerrain] bounded=true
tick=3450 phase=yielding reason=physical_obstacle wp=5 dist_wp=19.23 bearing_deg=-0.78 speed=0.000 pos=(-72.037,0.001,91.230) thr=0.00 steer=0.00 blocked=false attempts=0 stuck_s=0.00 pitch=-0.00 roll=0.00 normal_y=1.00 contacts=1[VillageTerrain] bounded=true
tick=3480 phase=yielding reason=physical_obstacle wp=5 dist_wp=19.23 bearing_deg=-0.78 speed=0.000 pos=(-72.037,0.001,91.230) thr=0.00 steer=0.00 blocked=false attempts=0 stuck_s=0.00 pitch=-0.00 roll=0.00 normal_y=1.00 contacts=1[VillageTerrain] bounded=true
tick=3510 phase=yielding reason=physical_obstacle wp=5 dist_wp=19.23 bearing_deg=-0.78 speed=0.000 pos=(-72.037,0.001,91.230) thr=0.00 steer=0.00 blocked=false attempts=0 stuck_s=0.00 pitch=-0.00 roll=0.00 normal_y=1.00 contacts=1[VillageTerrain] bounded=true
tick=3540 phase=yielding reason=physical_obstacle wp=5 dist_wp=19.23 bearing_deg=-0.78 speed=0.000 pos=(-72.037,0.001,91.230) thr=0.00 steer=0.00 blocked=false attempts=0 stuck_s=0.00 pitch=-0.00 roll=0.00 normal_y=1.00 contacts=1[VillageTerrain] bounded=true
tick=3570 phase=yielding reason=physical_obstacle wp=5 dist_wp=19.23 bearing_deg=-0.78 speed=0.000 pos=(-72.037,0.001,91.230) thr=0.00 steer=0.00 blocked=false attempts=0 stuck_s=0.00 pitch=-0.00 roll=0.00 normal_y=1.00 contacts=1[VillageTerrain] bounded=true
tick=3600 phase=yielding reason=physical_obstacle wp=5 dist_wp=19.23 bearing_deg=-0.78 speed=0.000 pos=(-72.037,0.001,91.230) thr=0.00 steer=0.00 blocked=false attempts=0 stuck_s=0.00 pitch=-0.00 roll=0.00 normal_y=1.00 contacts=1[VillageTerrain] bounded=true
tick=3630 phase=yielding reason=physical_obstacle wp=5 dist_wp=19.23 bearing_deg=-0.78 speed=0.000 pos=(-72.037,0.001,91.230) thr=0.00 steer=0.00 blocked=false attempts=0 stuck_s=0.00 pitch=-0.00 roll=0.00 normal_y=1.00 contacts=1[VillageTerrain] bounded=true
tick=3660 phase=yielding reason=physical_obstacle wp=5 dist_wp=19.23 bearing_deg=-0.78 speed=0.000 pos=(-72.037,0.001,91.230) thr=0.00 steer=0.00 blocked=false attempts=0 stuck_s=0.00 pitch=-0.00 roll=0.00 normal_y=1.00 contacts=1[VillageTerrain] bounded=true
tick=3690 phase=yielding reason=physical_obstacle wp=5 dist_wp=19.23 bearing_deg=-0.78 speed=0.000 pos=(-72.037,0.001,91.230) thr=0.00 steer=0.00 blocked=false attempts=0 stuck_s=0.00 pitch=-0.00 roll=0.00 normal_y=1.00 contacts=1[VillageTerrain] bounded=true
tick=3720 phase=yielding reason=physical_obstacle wp=5 dist_wp=19.23 bearing_deg=-0.78 speed=0.000 pos=(-72.037,0.001,91.230) thr=0.00 steer=0.00 blocked=false attempts=0 stuck_s=0.00 pitch=-0.00 roll=0.00 normal_y=1.00 contacts=1[VillageTerrain] bounded=true
tick=3750 phase=yielding reason=physical_obstacle wp=5 dist_wp=19.23 bearing_deg=-0.78 speed=0.000 pos=(-72.037,0.001,91.230) thr=0.00 steer=0.00 blocked=false attempts=0 stuck_s=0.00 pitch=-0.00 roll=0.00 normal_y=1.00 contacts=1[VillageTerrain] bounded=true
tick=3780 phase=yielding reason=physical_obstacle wp=5 dist_wp=19.23 bearing_deg=-0.78 speed=0.000 pos=(-72.037,0.001,91.230) thr=0.00 steer=0.00 blocked=false attempts=0 stuck_s=0.00 pitch=-0.00 roll=0.00 normal_y=1.00 contacts=1[VillageTerrain] bounded=true
tick=3810 phase=yielding reason=physical_obstacle wp=5 dist_wp=19.23 bearing_deg=-0.78 speed=0.000 pos=(-72.037,0.001,91.230) thr=0.00 steer=0.00 blocked=false attempts=0 stuck_s=0.00 pitch=-0.00 roll=0.00 normal_y=1.00 contacts=1[VillageTerrain] bounded=true
tick=3840 phase=yielding reason=physical_obstacle wp=5 dist_wp=19.23 bearing_deg=-0.78 speed=0.000 pos=(-72.037,0.001,91.230) thr=0.00 steer=0.00 blocked=false attempts=0 stuck_s=0.00 pitch=-0.00 roll=0.00 normal_y=1.00 contacts=1[VillageTerrain] bounded=true
tick=3870 phase=yielding reason=physical_obstacle wp=5 dist_wp=19.23 bearing_deg=-0.78 speed=0.000 pos=(-72.037,0.001,91.230) thr=0.00 steer=0.00 blocked=false attempts=0 stuck_s=0.00 pitch=-0.00 roll=0.00 normal_y=1.00 contacts=1[VillageTerrain] bounded=true
tick=3900 phase=yielding reason=physical_obstacle wp=5 dist_wp=19.23 bearing_deg=-0.78 speed=0.000 pos=(-72.037,0.001,91.230) thr=0.00 steer=0.00 blocked=false attempts=0 stuck_s=0.00 pitch=-0.00 roll=0.00 normal_y=1.00 contacts=1[VillageTerrain] bounded=true
tick=3930 phase=yielding reason=physical_obstacle wp=5 dist_wp=19.23 bearing_deg=-0.78 speed=0.000 pos=(-72.037,0.001,91.230) thr=0.00 steer=0.00 blocked=false attempts=0 stuck_s=0.00 pitch=-0.00 roll=0.00 normal_y=1.00 contacts=1[VillageTerrain] bounded=true
tick=3960 phase=yielding reason=physical_obstacle wp=5 dist_wp=19.23 bearing_deg=-0.78 speed=0.000 pos=(-72.037,0.001,91.230) thr=0.00 steer=0.00 blocked=false attempts=0 stuck_s=0.00 pitch=-0.00 roll=0.00 normal_y=1.00 contacts=1[VillageTerrain] bounded=true
tick=3990 phase=yielding reason=physical_obstacle wp=5 dist_wp=19.23 bearing_deg=-0.78 speed=0.000 pos=(-72.037,0.001,91.230) thr=0.00 steer=0.00 blocked=false attempts=0 stuck_s=0.00 pitch=-0.00 roll=0.00 normal_y=1.00 contacts=1[VillageTerrain] bounded=true
tick=4020 phase=yielding reason=physical_obstacle wp=5 dist_wp=19.23 bearing_deg=-0.78 speed=0.000 pos=(-72.037,0.001,91.230) thr=0.00 steer=0.00 blocked=false attempts=0 stuck_s=0.00 pitch=-0.00 roll=0.00 normal_y=1.00 contacts=1[VillageTerrain] bounded=true
tick=4050 phase=yielding reason=physical_obstacle wp=5 dist_wp=19.23 bearing_deg=-0.78 speed=0.000 pos=(-72.037,0.001,91.230) thr=0.00 steer=0.00 blocked=false attempts=0 stuck_s=0.00 pitch=-0.00 roll=0.00 normal_y=1.00 contacts=1[VillageTerrain] bounded=true
tick=4080 phase=yielding reason=physical_obstacle wp=5 dist_wp=19.23 bearing_deg=-0.78 speed=0.000 pos=(-72.037,0.001,91.230) thr=0.00 steer=0.00 blocked=false attempts=0 stuck_s=0.00 pitch=-0.00 roll=0.00 normal_y=1.00 contacts=1[VillageTerrain] bounded=true
tick=4110 phase=yielding reason=physical_obstacle wp=5 dist_wp=19.23 bearing_deg=-0.78 speed=0.000 pos=(-72.037,0.001,91.230) thr=0.00 steer=0.00 blocked=false attempts=0 stuck_s=0.00 pitch=-0.00 roll=0.00 normal_y=1.00 contacts=1[VillageTerrain] bounded=true
tick=4140 phase=yielding reason=physical_obstacle wp=5 dist_wp=19.23 bearing_deg=-0.78 speed=0.000 pos=(-72.037,0.001,91.230) thr=0.00 steer=0.00 blocked=false attempts=0 stuck_s=0.00 pitch=-0.00 roll=0.00 normal_y=1.00 contacts=1[VillageTerrain] bounded=true
tick=4170 phase=yielding reason=physical_obstacle wp=5 dist_wp=19.23 bearing_deg=-0.78 speed=0.000 pos=(-72.037,0.001,91.230) thr=0.00 steer=0.00 blocked=false attempts=0 stuck_s=0.00 pitch=-0.00 roll=0.00 normal_y=1.00 contacts=1[VillageTerrain] bounded=true
tick=4200 phase=yielding reason=physical_obstacle wp=5 dist_wp=19.23 bearing_deg=-0.78 speed=0.000 pos=(-72.037,0.001,91.230) thr=0.00 steer=0.00 blocked=false attempts=0 stuck_s=0.00 pitch=-0.00 roll=0.00 normal_y=1.00 contacts=1[VillageTerrain] bounded=true
tick=4230 phase=yielding reason=physical_obstacle wp=5 dist_wp=19.23 bearing_deg=-0.78 speed=0.000 pos=(-72.037,0.001,91.230) thr=0.00 steer=0.00 blocked=false attempts=0 stuck_s=0.00 pitch=-0.00 roll=0.00 normal_y=1.00 contacts=1[VillageTerrain] bounded=true
tick=4260 phase=yielding reason=physical_obstacle wp=5 dist_wp=19.23 bearing_deg=-0.78 speed=0.000 pos=(-72.037,0.001,91.230) thr=0.00 steer=0.00 blocked=false attempts=0 stuck_s=0.00 pitch=-0.00 roll=0.00 normal_y=1.00 contacts=1[VillageTerrain] bounded=true
tick=4290 phase=yielding reason=physical_obstacle wp=5 dist_wp=19.23 bearing_deg=-0.78 speed=0.000 pos=(-72.037,0.001,91.230) thr=0.00 steer=0.00 blocked=false attempts=0 stuck_s=0.00 pitch=-0.00 roll=0.00 normal_y=1.00 contacts=1[VillageTerrain] bounded=true
tick=4320 phase=yielding reason=physical_obstacle wp=5 dist_wp=19.23 bearing_deg=-0.78 speed=0.000 pos=(-72.037,0.001,91.230) thr=0.00 steer=0.00 blocked=false attempts=0 stuck_s=0.00 pitch=-0.00 roll=0.00 normal_y=1.00 contacts=1[VillageTerrain] bounded=true
tick=4350 phase=yielding reason=physical_obstacle wp=5 dist_wp=19.23 bearing_deg=-0.78 speed=0.000 pos=(-72.037,0.001,91.230) thr=0.00 steer=0.00 blocked=false attempts=0 stuck_s=0.00 pitch=-0.00 roll=0.00 normal_y=1.00 contacts=1[VillageTerrain] bounded=true
tick=4380 phase=yielding reason=physical_obstacle wp=5 dist_wp=19.23 bearing_deg=-0.78 speed=0.000 pos=(-72.037,0.001,91.230) thr=0.00 steer=0.00 blocked=false attempts=0 stuck_s=0.00 pitch=-0.00 roll=0.00 normal_y=1.00 contacts=1[VillageTerrain] bounded=true
tick=4410 phase=yielding reason=physical_obstacle wp=5 dist_wp=19.23 bearing_deg=-0.78 speed=0.000 pos=(-72.037,0.001,91.230) thr=0.00 steer=0.00 blocked=false attempts=0 stuck_s=0.00 pitch=-0.00 roll=0.00 normal_y=1.00 contacts=1[VillageTerrain] bounded=true
tick=4440 phase=yielding reason=physical_obstacle wp=5 dist_wp=19.23 bearing_deg=-0.78 speed=0.000 pos=(-72.037,0.001,91.230) thr=0.00 steer=0.00 blocked=false attempts=0 stuck_s=0.00 pitch=-0.00 roll=0.00 normal_y=1.00 contacts=1[VillageTerrain] bounded=true
tick=4470 phase=yielding reason=physical_obstacle wp=5 dist_wp=19.23 bearing_deg=-0.78 speed=0.000 pos=(-72.037,0.001,91.230) thr=0.00 steer=0.00 blocked=false attempts=0 stuck_s=0.00 pitch=-0.00 roll=0.00 normal_y=1.00 contacts=1[VillageTerrain] bounded=true
tick=4500 phase=yielding reason=physical_obstacle wp=5 dist_wp=19.23 bearing_deg=-0.78 speed=0.000 pos=(-72.037,0.001,91.230) thr=0.00 steer=0.00 blocked=false attempts=0 stuck_s=0.00 pitch=-0.00 roll=0.00 normal_y=1.00 contacts=1[VillageTerrain] bounded=true
tick=4530 phase=yielding reason=physical_obstacle wp=5 dist_wp=19.23 bearing_deg=-0.78 speed=0.000 pos=(-72.037,0.001,91.230) thr=0.00 steer=0.00 blocked=false attempts=0 stuck_s=0.00 pitch=-0.00 roll=0.00 normal_y=1.00 contacts=1[VillageTerrain] bounded=true
tick=4560 phase=yielding reason=physical_obstacle wp=5 dist_wp=19.23 bearing_deg=-0.78 speed=0.000 pos=(-72.037,0.001,91.230) thr=0.00 steer=0.00 blocked=false attempts=0 stuck_s=0.00 pitch=-0.00 roll=0.00 normal_y=1.00 contacts=1[VillageTerrain] bounded=true
tick=4590 phase=yielding reason=physical_obstacle wp=5 dist_wp=19.23 bearing_deg=-0.78 speed=0.000 pos=(-72.037,0.001,91.230) thr=0.00 steer=0.00 blocked=false attempts=0 stuck_s=0.00 pitch=-0.00 roll=0.00 normal_y=1.00 contacts=1[VillageTerrain] bounded=true
tick=4620 phase=yielding reason=physical_obstacle wp=5 dist_wp=19.23 bearing_deg=-0.78 speed=0.000 pos=(-72.037,0.001,91.230) thr=0.00 steer=0.00 blocked=false attempts=0 stuck_s=0.00 pitch=-0.00 roll=0.00 normal_y=1.00 contacts=1[VillageTerrain] bounded=true
tick=4650 phase=yielding reason=physical_obstacle wp=5 dist_wp=19.23 bearing_deg=-0.78 speed=0.000 pos=(-72.037,0.001,91.230) thr=0.00 steer=0.00 blocked=false attempts=0 stuck_s=0.00 pitch=-0.00 roll=0.00 normal_y=1.00 contacts=1[VillageTerrain] bounded=true
tick=4680 phase=yielding reason=physical_obstacle wp=5 dist_wp=19.23 bearing_deg=-0.78 speed=0.000 pos=(-72.037,0.001,91.230) thr=0.00 steer=0.00 blocked=false attempts=0 stuck_s=0.00 pitch=-0.00 roll=0.00 normal_y=1.00 contacts=1[VillageTerrain] bounded=true
tick=4710 phase=yielding reason=physical_obstacle wp=5 dist_wp=19.23 bearing_deg=-0.78 speed=0.000 pos=(-72.037,0.001,91.230) thr=0.00 steer=0.00 blocked=false attempts=0 stuck_s=0.00 pitch=-0.00 roll=0.00 normal_y=1.00 contacts=1[VillageTerrain] bounded=true
tick=4740 phase=yielding reason=physical_obstacle wp=5 dist_wp=19.23 bearing_deg=-0.78 speed=0.000 pos=(-72.037,0.001,91.230) thr=0.00 steer=0.00 blocked=false attempts=0 stuck_s=0.00 pitch=-0.00 roll=0.00 normal_y=1.00 contacts=1[VillageTerrain] bounded=true
tick=4770 phase=yielding reason=physical_obstacle wp=5 dist_wp=19.23 bearing_deg=-0.78 speed=0.000 pos=(-72.037,0.001,91.230) thr=0.00 steer=0.00 blocked=false attempts=0 stuck_s=0.00 pitch=-0.00 roll=0.00 normal_y=1.00 contacts=1[VillageTerrain] bounded=true
tick=4800 phase=yielding reason=physical_obstacle wp=5 dist_wp=19.23 bearing_deg=-0.78 speed=0.000 pos=(-72.037,0.001,91.230) thr=0.00 steer=0.00 blocked=false attempts=0 stuck_s=0.00 pitch=-0.00 roll=0.00 normal_y=1.00 contacts=1[VillageTerrain] bounded=true
tick=4830 phase=yielding reason=physical_obstacle wp=5 dist_wp=19.23 bearing_deg=-0.78 speed=0.000 pos=(-72.037,0.001,91.230) thr=0.00 steer=0.00 blocked=false attempts=0 stuck_s=0.00 pitch=-0.00 roll=0.00 normal_y=1.00 contacts=1[VillageTerrain] bounded=true
tick=4860 phase=yielding reason=physical_obstacle wp=5 dist_wp=19.23 bearing_deg=-0.78 speed=0.000 pos=(-72.037,0.001,91.230) thr=0.00 steer=0.00 blocked=false attempts=0 stuck_s=0.00 pitch=-0.00 roll=0.00 normal_y=1.00 contacts=1[VillageTerrain] bounded=true
tick=4890 phase=yielding reason=physical_obstacle wp=5 dist_wp=19.23 bearing_deg=-0.78 speed=0.000 pos=(-72.037,0.001,91.230) thr=0.00 steer=0.00 blocked=false attempts=0 stuck_s=0.00 pitch=-0.00 roll=0.00 normal_y=1.00 contacts=1[VillageTerrain] bounded=true
tick=4920 phase=yielding reason=physical_obstacle wp=5 dist_wp=19.23 bearing_deg=-0.78 speed=0.000 pos=(-72.037,0.001,91.230) thr=0.00 steer=0.00 blocked=false attempts=0 stuck_s=0.00 pitch=-0.00 roll=0.00 normal_y=1.00 contacts=1[VillageTerrain] bounded=true
tick=4950 phase=yielding reason=physical_obstacle wp=5 dist_wp=19.23 bearing_deg=-0.78 speed=0.000 pos=(-72.037,0.001,91.230) thr=0.00 steer=0.00 blocked=false attempts=0 stuck_s=0.00 pitch=-0.00 roll=0.00 normal_y=1.00 contacts=1[VillageTerrain] bounded=true
tick=4980 phase=yielding reason=physical_obstacle wp=5 dist_wp=19.23 bearing_deg=-0.78 speed=0.000 pos=(-72.037,0.001,91.230) thr=0.00 steer=0.00 blocked=false attempts=0 stuck_s=0.00 pitch=-0.00 roll=0.00 normal_y=1.00 contacts=1[VillageTerrain] bounded=true
tick=5010 phase=yielding reason=physical_obstacle wp=5 dist_wp=19.23 bearing_deg=-0.78 speed=0.000 pos=(-72.037,0.001,91.230) thr=0.00 steer=0.00 blocked=false attempts=0 stuck_s=0.00 pitch=-0.00 roll=0.00 normal_y=1.00 contacts=1[VillageTerrain] bounded=true
tick=5040 phase=yielding reason=physical_obstacle wp=5 dist_wp=19.23 bearing_deg=-0.78 speed=0.000 pos=(-72.037,0.001,91.230) thr=0.00 steer=0.00 blocked=false attempts=0 stuck_s=0.00 pitch=-0.00 roll=0.00 normal_y=1.00 contacts=1[VillageTerrain] bounded=true
tick=5070 phase=yielding reason=physical_obstacle wp=5 dist_wp=19.23 bearing_deg=-0.78 speed=0.000 pos=(-72.037,0.001,91.230) thr=0.00 steer=0.00 blocked=false attempts=0 stuck_s=0.00 pitch=-0.00 roll=0.00 normal_y=1.00 contacts=1[VillageTerrain] bounded=true
tick=5100 phase=yielding reason=physical_obstacle wp=5 dist_wp=19.23 bearing_deg=-0.78 speed=0.000 pos=(-72.037,0.001,91.230) thr=0.00 steer=0.00 blocked=false attempts=0 stuck_s=0.00 pitch=-0.00 roll=0.00 normal_y=1.00 contacts=1[VillageTerrain] bounded=true
tick=5130 phase=yielding reason=physical_obstacle wp=5 dist_wp=19.23 bearing_deg=-0.78 speed=0.000 pos=(-72.037,0.001,91.230) thr=0.00 steer=0.00 blocked=false attempts=0 stuck_s=0.00 pitch=-0.00 roll=0.00 normal_y=1.00 contacts=1[VillageTerrain] bounded=true
tick=5160 phase=yielding reason=physical_obstacle wp=5 dist_wp=19.23 bearing_deg=-0.78 speed=0.000 pos=(-72.037,0.001,91.230) thr=0.00 steer=0.00 blocked=false attempts=0 stuck_s=0.00 pitch=-0.00 roll=0.00 normal_y=1.00 contacts=1[VillageTerrain] bounded=true
tick=5190 phase=yielding reason=physical_obstacle wp=5 dist_wp=19.23 bearing_deg=-0.78 speed=0.000 pos=(-72.037,0.001,91.230) thr=0.00 steer=0.00 blocked=false attempts=0 stuck_s=0.00 pitch=-0.00 roll=0.00 normal_y=1.00 contacts=1[VillageTerrain] bounded=true
tick=5220 phase=yielding reason=physical_obstacle wp=5 dist_wp=19.23 bearing_deg=-0.78 speed=0.000 pos=(-72.037,0.001,91.230) thr=0.00 steer=0.00 blocked=false attempts=0 stuck_s=0.00 pitch=-0.00 roll=0.00 normal_y=1.00 contacts=1[VillageTerrain] bounded=true
tick=5250 phase=yielding reason=physical_obstacle wp=5 dist_wp=19.23 bearing_deg=-0.78 speed=0.000 pos=(-72.037,0.001,91.230) thr=0.00 steer=0.00 blocked=false attempts=0 stuck_s=0.00 pitch=-0.00 roll=0.00 normal_y=1.00 contacts=1[VillageTerrain] bounded=true
tick=5280 phase=yielding reason=physical_obstacle wp=5 dist_wp=19.23 bearing_deg=-0.78 speed=0.000 pos=(-72.037,0.001,91.230) thr=0.00 steer=0.00 blocked=false attempts=0 stuck_s=0.00 pitch=-0.00 roll=0.00 normal_y=1.00 contacts=1[VillageTerrain] bounded=true
tick=5310 phase=yielding reason=physical_obstacle wp=5 dist_wp=19.23 bearing_deg=-0.78 speed=0.000 pos=(-72.037,0.001,91.230) thr=0.00 steer=0.00 blocked=false attempts=0 stuck_s=0.00 pitch=-0.00 roll=0.00 normal_y=1.00 contacts=1[VillageTerrain] bounded=true
tick=5340 phase=yielding reason=physical_obstacle wp=5 dist_wp=19.23 bearing_deg=-0.78 speed=0.000 pos=(-72.037,0.001,91.230) thr=0.00 steer=0.00 blocked=false attempts=0 stuck_s=0.00 pitch=-0.00 roll=0.00 normal_y=1.00 contacts=1[VillageTerrain] bounded=true
tick=5370 phase=yielding reason=physical_obstacle wp=5 dist_wp=19.23 bearing_deg=-0.78 speed=0.000 pos=(-72.037,0.001,91.230) thr=0.00 steer=0.00 blocked=false attempts=0 stuck_s=0.00 pitch=-0.00 roll=0.00 normal_y=1.00 contacts=1[VillageTerrain] bounded=true
tick=5400 phase=yielding reason=physical_obstacle wp=5 dist_wp=19.23 bearing_deg=-0.78 speed=0.000 pos=(-72.037,0.001,91.230) thr=0.00 steer=0.00 blocked=false attempts=0 stuck_s=0.00 pitch=-0.00 roll=0.00 normal_y=1.00 contacts=1[VillageTerrain] bounded=true
tick=5430 phase=yielding reason=physical_obstacle wp=5 dist_wp=19.23 bearing_deg=-0.78 speed=0.000 pos=(-72.037,0.001,91.230) thr=0.00 steer=0.00 blocked=false attempts=0 stuck_s=0.00 pitch=-0.00 roll=0.00 normal_y=1.00 contacts=1[VillageTerrain] bounded=true
tick=5460 phase=yielding reason=physical_obstacle wp=5 dist_wp=19.23 bearing_deg=-0.78 speed=0.000 pos=(-72.037,0.001,91.230) thr=0.00 steer=0.00 blocked=false attempts=0 stuck_s=0.00 pitch=-0.00 roll=0.00 normal_y=1.00 contacts=1[VillageTerrain] bounded=true
tick=5490 phase=yielding reason=physical_obstacle wp=5 dist_wp=19.23 bearing_deg=-0.78 speed=0.000 pos=(-72.037,0.001,91.230) thr=0.00 steer=0.00 blocked=false attempts=0 stuck_s=0.00 pitch=-0.00 roll=0.00 normal_y=1.00 contacts=1[VillageTerrain] bounded=true
tick=5520 phase=yielding reason=physical_obstacle wp=5 dist_wp=19.23 bearing_deg=-0.78 speed=0.000 pos=(-72.037,0.001,91.230) thr=0.00 steer=0.00 blocked=false attempts=0 stuck_s=0.00 pitch=-0.00 roll=0.00 normal_y=1.00 contacts=1[VillageTerrain] bounded=true
tick=5550 phase=yielding reason=physical_obstacle wp=5 dist_wp=19.23 bearing_deg=-0.78 speed=0.000 pos=(-72.037,0.001,91.230) thr=0.00 steer=0.00 blocked=false attempts=0 stuck_s=0.00 pitch=-0.00 roll=0.00 normal_y=1.00 contacts=1[VillageTerrain] bounded=true
tick=5580 phase=yielding reason=physical_obstacle wp=5 dist_wp=19.23 bearing_deg=-0.78 speed=0.000 pos=(-72.037,0.001,91.230) thr=0.00 steer=0.00 blocked=false attempts=0 stuck_s=0.00 pitch=-0.00 roll=0.00 normal_y=1.00 contacts=1[VillageTerrain] bounded=true
tick=5610 phase=yielding reason=physical_obstacle wp=5 dist_wp=19.23 bearing_deg=-0.78 speed=0.000 pos=(-72.037,0.001,91.230) thr=0.00 steer=0.00 blocked=false attempts=0 stuck_s=0.00 pitch=-0.00 roll=0.00 normal_y=1.00 contacts=1[VillageTerrain] bounded=true
tick=5640 phase=yielding reason=physical_obstacle wp=5 dist_wp=19.23 bearing_deg=-0.78 speed=0.000 pos=(-72.037,0.001,91.230) thr=0.00 steer=0.00 blocked=false attempts=0 stuck_s=0.00 pitch=-0.00 roll=0.00 normal_y=1.00 contacts=1[VillageTerrain] bounded=true
tick=5670 phase=yielding reason=physical_obstacle wp=5 dist_wp=19.23 bearing_deg=-0.78 speed=0.000 pos=(-72.037,0.001,91.230) thr=0.00 steer=0.00 blocked=false attempts=0 stuck_s=0.00 pitch=-0.00 roll=0.00 normal_y=1.00 contacts=1[VillageTerrain] bounded=true
tick=5700 phase=yielding reason=physical_obstacle wp=5 dist_wp=19.23 bearing_deg=-0.78 speed=0.000 pos=(-72.037,0.001,91.230) thr=0.00 steer=0.00 blocked=false attempts=0 stuck_s=0.00 pitch=-0.00 roll=0.00 normal_y=1.00 contacts=1[VillageTerrain] bounded=true
tick=5730 phase=yielding reason=physical_obstacle wp=5 dist_wp=19.23 bearing_deg=-0.78 speed=0.000 pos=(-72.037,0.001,91.230) thr=0.00 steer=0.00 blocked=false attempts=0 stuck_s=0.00 pitch=-0.00 roll=0.00 normal_y=1.00 contacts=1[VillageTerrain] bounded=true
tick=5760 phase=yielding reason=physical_obstacle wp=5 dist_wp=19.23 bearing_deg=-0.78 speed=0.000 pos=(-72.037,0.001,91.230) thr=0.00 steer=0.00 blocked=false attempts=0 stuck_s=0.00 pitch=-0.00 roll=0.00 normal_y=1.00 contacts=1[VillageTerrain] bounded=true
tick=5790 phase=yielding reason=physical_obstacle wp=5 dist_wp=19.23 bearing_deg=-0.78 speed=0.000 pos=(-72.037,0.001,91.230) thr=0.00 steer=0.00 blocked=false attempts=0 stuck_s=0.00 pitch=-0.00 roll=0.00 normal_y=1.00 contacts=1[VillageTerrain] bounded=true
tick=5820 phase=yielding reason=physical_obstacle wp=5 dist_wp=19.23 bearing_deg=-0.78 speed=0.000 pos=(-72.037,0.001,91.230) thr=0.00 steer=0.00 blocked=false attempts=0 stuck_s=0.00 pitch=-0.00 roll=0.00 normal_y=1.00 contacts=1[VillageTerrain] bounded=true
tick=5850 phase=yielding reason=physical_obstacle wp=5 dist_wp=19.23 bearing_deg=-0.78 speed=0.000 pos=(-72.037,0.001,91.230) thr=0.00 steer=0.00 blocked=false attempts=0 stuck_s=0.00 pitch=-0.00 roll=0.00 normal_y=1.00 contacts=1[VillageTerrain] bounded=true
tick=5880 phase=yielding reason=physical_obstacle wp=5 dist_wp=19.23 bearing_deg=-0.78 speed=0.000 pos=(-72.037,0.001,91.230) thr=0.00 steer=0.00 blocked=false attempts=0 stuck_s=0.00 pitch=-0.00 roll=0.00 normal_y=1.00 contacts=1[VillageTerrain] bounded=true
tick=5910 phase=yielding reason=physical_obstacle wp=5 dist_wp=19.23 bearing_deg=-0.78 speed=0.000 pos=(-72.037,0.001,91.230) thr=0.00 steer=0.00 blocked=false attempts=0 stuck_s=0.00 pitch=-0.00 roll=0.00 normal_y=1.00 contacts=1[VillageTerrain] bounded=true
tick=5940 phase=yielding reason=physical_obstacle wp=5 dist_wp=19.23 bearing_deg=-0.78 speed=0.000 pos=(-72.037,0.001,91.230) thr=0.00 steer=0.00 blocked=false attempts=0 stuck_s=0.00 pitch=-0.00 roll=0.00 normal_y=1.00 contacts=1[VillageTerrain] bounded=true
tick=5970 phase=yielding reason=physical_obstacle wp=5 dist_wp=19.23 bearing_deg=-0.78 speed=0.000 pos=(-72.037,0.001,91.230) thr=0.00 steer=0.00 blocked=false attempts=0 stuck_s=0.00 pitch=-0.00 roll=0.00 normal_y=1.00 contacts=1[VillageTerrain] bounded=true
tick=6000 phase=yielding reason=physical_obstacle wp=5 dist_wp=19.23 bearing_deg=-0.78 speed=0.000 pos=(-72.037,0.001,91.230) thr=0.00 steer=0.00 blocked=false attempts=0 stuck_s=0.00 pitch=-0.00 roll=0.00 normal_y=1.00 contacts=1[VillageTerrain] bounded=true
tick=6030 phase=yielding reason=physical_obstacle wp=5 dist_wp=19.23 bearing_deg=-0.78 speed=0.000 pos=(-72.037,0.001,91.230) thr=0.00 steer=0.00 blocked=false attempts=0 stuck_s=0.00 pitch=-0.00 roll=0.00 normal_y=1.00 contacts=1[VillageTerrain] bounded=true
tick=6060 phase=yielding reason=physical_obstacle wp=5 dist_wp=19.23 bearing_deg=-0.78 speed=0.000 pos=(-72.037,0.001,91.230) thr=0.00 steer=0.00 blocked=false attempts=0 stuck_s=0.00 pitch=-0.00 roll=0.00 normal_y=1.00 contacts=1[VillageTerrain] bounded=true
tick=6090 phase=yielding reason=physical_obstacle wp=5 dist_wp=19.23 bearing_deg=-0.78 speed=0.000 pos=(-72.037,0.001,91.230) thr=0.00 steer=0.00 blocked=false attempts=0 stuck_s=0.00 pitch=-0.00 roll=0.00 normal_y=1.00 contacts=1[VillageTerrain] bounded=true
tick=6120 phase=yielding reason=physical_obstacle wp=5 dist_wp=19.23 bearing_deg=-0.78 speed=0.000 pos=(-72.037,0.001,91.230) thr=0.00 steer=0.00 blocked=false attempts=0 stuck_s=0.00 pitch=-0.00 roll=0.00 normal_y=1.00 contacts=1[VillageTerrain] bounded=true
tick=6150 phase=yielding reason=physical_obstacle wp=5 dist_wp=19.23 bearing_deg=-0.78 speed=0.000 pos=(-72.037,0.001,91.230) thr=0.00 steer=0.00 blocked=false attempts=0 stuck_s=0.00 pitch=-0.00 roll=0.00 normal_y=1.00 contacts=1[VillageTerrain] bounded=true
tick=6180 phase=yielding reason=physical_obstacle wp=5 dist_wp=19.23 bearing_deg=-0.78 speed=0.000 pos=(-72.037,0.001,91.230) thr=0.00 steer=0.00 blocked=false attempts=0 stuck_s=0.00 pitch=-0.00 roll=0.00 normal_y=1.00 contacts=1[VillageTerrain] bounded=true
tick=6210 phase=yielding reason=physical_obstacle wp=5 dist_wp=19.23 bearing_deg=-0.78 speed=0.000 pos=(-72.037,0.001,91.230) thr=0.00 steer=0.00 blocked=false attempts=0 stuck_s=0.00 pitch=-0.00 roll=0.00 normal_y=1.00 contacts=1[VillageTerrain] bounded=true
tick=6240 phase=yielding reason=physical_obstacle wp=5 dist_wp=19.23 bearing_deg=-0.78 speed=0.000 pos=(-72.037,0.001,91.230) thr=0.00 steer=0.00 blocked=false attempts=0 stuck_s=0.00 pitch=-0.00 roll=0.00 normal_y=1.00 contacts=1[VillageTerrain] bounded=true
tick=6270 phase=yielding reason=physical_obstacle wp=5 dist_wp=19.23 bearing_deg=-0.78 speed=0.000 pos=(-72.037,0.001,91.230) thr=0.00 steer=0.00 blocked=false attempts=0 stuck_s=0.00 pitch=-0.00 roll=0.00 normal_y=1.00 contacts=1[VillageTerrain] bounded=true
tick=6300 phase=yielding reason=physical_obstacle wp=5 dist_wp=19.23 bearing_deg=-0.78 speed=0.000 pos=(-72.037,0.001,91.230) thr=0.00 steer=0.00 blocked=false attempts=0 stuck_s=0.00 pitch=-0.00 roll=0.00 normal_y=1.00 contacts=1[VillageTerrain] bounded=true
tick=6330 phase=yielding reason=physical_obstacle wp=5 dist_wp=19.23 bearing_deg=-0.78 speed=0.000 pos=(-72.037,0.001,91.230) thr=0.00 steer=0.00 blocked=false attempts=0 stuck_s=0.00 pitch=-0.00 roll=0.00 normal_y=1.00 contacts=1[VillageTerrain] bounded=true
tick=6360 phase=yielding reason=physical_obstacle wp=5 dist_wp=19.23 bearing_deg=-0.78 speed=0.000 pos=(-72.037,0.001,91.230) thr=0.00 steer=0.00 blocked=false attempts=0 stuck_s=0.00 pitch=-0.00 roll=0.00 normal_y=1.00 contacts=1[VillageTerrain] bounded=true
tick=6390 phase=yielding reason=physical_obstacle wp=5 dist_wp=19.23 bearing_deg=-0.78 speed=0.000 pos=(-72.037,0.001,91.230) thr=0.00 steer=0.00 blocked=false attempts=0 stuck_s=0.00 pitch=-0.00 roll=0.00 normal_y=1.00 contacts=1[VillageTerrain] bounded=true
tick=6420 phase=yielding reason=physical_obstacle wp=5 dist_wp=19.23 bearing_deg=-0.78 speed=0.000 pos=(-72.037,0.001,91.230) thr=0.00 steer=0.00 blocked=false attempts=0 stuck_s=0.00 pitch=-0.00 roll=0.00 normal_y=1.00 contacts=1[VillageTerrain] bounded=true
tick=6450 phase=yielding reason=physical_obstacle wp=5 dist_wp=19.23 bearing_deg=-0.78 speed=0.000 pos=(-72.037,0.001,91.230) thr=0.00 steer=0.00 blocked=false attempts=0 stuck_s=0.00 pitch=-0.00 roll=0.00 normal_y=1.00 contacts=1[VillageTerrain] bounded=true
tick=6480 phase=yielding reason=physical_obstacle wp=5 dist_wp=19.23 bearing_deg=-0.78 speed=0.000 pos=(-72.037,0.001,91.230) thr=0.00 steer=0.00 blocked=false attempts=0 stuck_s=0.00 pitch=-0.00 roll=0.00 normal_y=1.00 contacts=1[VillageTerrain] bounded=true
tick=6510 phase=yielding reason=physical_obstacle wp=5 dist_wp=19.23 bearing_deg=-0.78 speed=0.000 pos=(-72.037,0.001,91.230) thr=0.00 steer=0.00 blocked=false attempts=0 stuck_s=0.00 pitch=-0.00 roll=0.00 normal_y=1.00 contacts=1[VillageTerrain] bounded=true
tick=6540 phase=yielding reason=physical_obstacle wp=5 dist_wp=19.23 bearing_deg=-0.78 speed=0.000 pos=(-72.037,0.001,91.230) thr=0.00 steer=0.00 blocked=false attempts=0 stuck_s=0.00 pitch=-0.00 roll=0.00 normal_y=1.00 contacts=1[VillageTerrain] bounded=true
tick=6570 phase=yielding reason=physical_obstacle wp=5 dist_wp=19.23 bearing_deg=-0.78 speed=0.000 pos=(-72.037,0.001,91.230) thr=0.00 steer=0.00 blocked=false attempts=0 stuck_s=0.00 pitch=-0.00 roll=0.00 normal_y=1.00 contacts=1[VillageTerrain] bounded=true
tick=6600 phase=yielding reason=physical_obstacle wp=5 dist_wp=19.23 bearing_deg=-0.78 speed=0.000 pos=(-72.037,0.001,91.230) thr=0.00 steer=0.00 blocked=false attempts=0 stuck_s=0.00 pitch=-0.00 roll=0.00 normal_y=1.00 contacts=1[VillageTerrain] bounded=true
tick=6630 phase=yielding reason=physical_obstacle wp=5 dist_wp=19.23 bearing_deg=-0.78 speed=0.000 pos=(-72.037,0.001,91.230) thr=0.00 steer=0.00 blocked=false attempts=0 stuck_s=0.00 pitch=-0.00 roll=0.00 normal_y=1.00 contacts=1[VillageTerrain] bounded=true
tick=6660 phase=yielding reason=physical_obstacle wp=5 dist_wp=19.23 bearing_deg=-0.78 speed=0.000 pos=(-72.037,0.001,91.230) thr=0.00 steer=0.00 blocked=false attempts=0 stuck_s=0.00 pitch=-0.00 roll=0.00 normal_y=1.00 contacts=1[VillageTerrain] bounded=true
tick=6690 phase=yielding reason=physical_obstacle wp=5 dist_wp=19.23 bearing_deg=-0.78 speed=0.000 pos=(-72.037,0.001,91.230) thr=0.00 steer=0.00 blocked=false attempts=0 stuck_s=0.00 pitch=-0.00 roll=0.00 normal_y=1.00 contacts=1[VillageTerrain] bounded=true
tick=6720 phase=yielding reason=physical_obstacle wp=5 dist_wp=19.23 bearing_deg=-0.78 speed=0.000 pos=(-72.037,0.001,91.230) thr=0.00 steer=0.00 blocked=false attempts=0 stuck_s=0.00 pitch=-0.00 roll=0.00 normal_y=1.00 contacts=1[VillageTerrain] bounded=true
tick=6750 phase=yielding reason=physical_obstacle wp=5 dist_wp=19.23 bearing_deg=-0.78 speed=0.000 pos=(-72.037,0.001,91.230) thr=0.00 steer=0.00 blocked=false attempts=0 stuck_s=0.00 pitch=-0.00 roll=0.00 normal_y=1.00 contacts=1[VillageTerrain] bounded=true
tick=6780 phase=yielding reason=physical_obstacle wp=5 dist_wp=19.23 bearing_deg=-0.78 speed=0.000 pos=(-72.037,0.001,91.230) thr=0.00 steer=0.00 blocked=false attempts=0 stuck_s=0.00 pitch=-0.00 roll=0.00 normal_y=1.00 contacts=1[VillageTerrain] bounded=true
tick=6810 phase=yielding reason=physical_obstacle wp=5 dist_wp=19.23 bearing_deg=-0.78 speed=0.000 pos=(-72.037,0.001,91.230) thr=0.00 steer=0.00 blocked=false attempts=0 stuck_s=0.00 pitch=-0.00 roll=0.00 normal_y=1.00 contacts=1[VillageTerrain] bounded=true
tick=6840 phase=yielding reason=physical_obstacle wp=5 dist_wp=19.23 bearing_deg=-0.78 speed=0.000 pos=(-72.037,0.001,91.230) thr=0.00 steer=0.00 blocked=false attempts=0 stuck_s=0.00 pitch=-0.00 roll=0.00 normal_y=1.00 contacts=1[VillageTerrain] bounded=true
tick=6870 phase=yielding reason=physical_obstacle wp=5 dist_wp=19.23 bearing_deg=-0.78 speed=0.000 pos=(-72.037,0.001,91.230) thr=0.00 steer=0.00 blocked=false attempts=0 stuck_s=0.00 pitch=-0.00 roll=0.00 normal_y=1.00 contacts=1[VillageTerrain] bounded=true
tick=6900 phase=yielding reason=physical_obstacle wp=5 dist_wp=19.23 bearing_deg=-0.78 speed=0.000 pos=(-72.037,0.001,91.230) thr=0.00 steer=0.00 blocked=false attempts=0 stuck_s=0.00 pitch=-0.00 roll=0.00 normal_y=1.00 contacts=1[VillageTerrain] bounded=true
tick=6930 phase=yielding reason=physical_obstacle wp=5 dist_wp=19.23 bearing_deg=-0.78 speed=0.000 pos=(-72.037,0.001,91.230) thr=0.00 steer=0.00 blocked=false attempts=0 stuck_s=0.00 pitch=-0.00 roll=0.00 normal_y=1.00 contacts=1[VillageTerrain] bounded=true
tick=6960 phase=yielding reason=physical_obstacle wp=5 dist_wp=19.23 bearing_deg=-0.78 speed=0.000 pos=(-72.037,0.001,91.230) thr=0.00 steer=0.00 blocked=false attempts=0 stuck_s=0.00 pitch=-0.00 roll=0.00 normal_y=1.00 contacts=1[VillageTerrain] bounded=true
tick=6990 phase=yielding reason=physical_obstacle wp=5 dist_wp=19.23 bearing_deg=-0.78 speed=0.000 pos=(-72.037,0.001,91.230) thr=0.00 steer=0.00 blocked=false attempts=0 stuck_s=0.00 pitch=-0.00 roll=0.00 normal_y=1.00 contacts=1[VillageTerrain] bounded=true
tick=7020 phase=yielding reason=physical_obstacle wp=5 dist_wp=19.23 bearing_deg=-0.78 speed=0.000 pos=(-72.037,0.001,91.230) thr=0.00 steer=0.00 blocked=false attempts=0 stuck_s=0.00 pitch=-0.00 roll=0.00 normal_y=1.00 contacts=1[VillageTerrain] bounded=true
tick=7050 phase=yielding reason=physical_obstacle wp=5 dist_wp=19.23 bearing_deg=-0.78 speed=0.000 pos=(-72.037,0.001,91.230) thr=0.00 steer=0.00 blocked=false attempts=0 stuck_s=0.00 pitch=-0.00 roll=0.00 normal_y=1.00 contacts=1[VillageTerrain] bounded=true
tick=7080 phase=yielding reason=physical_obstacle wp=5 dist_wp=19.23 bearing_deg=-0.78 speed=0.000 pos=(-72.037,0.001,91.230) thr=0.00 steer=0.00 blocked=false attempts=0 stuck_s=0.00 pitch=-0.00 roll=0.00 normal_y=1.00 contacts=1[VillageTerrain] bounded=true
tick=7110 phase=yielding reason=physical_obstacle wp=5 dist_wp=19.23 bearing_deg=-0.78 speed=0.000 pos=(-72.037,0.001,91.230) thr=0.00 steer=0.00 blocked=false attempts=0 stuck_s=0.00 pitch=-0.00 roll=0.00 normal_y=1.00 contacts=1[VillageTerrain] bounded=true
tick=7140 phase=yielding reason=physical_obstacle wp=5 dist_wp=19.23 bearing_deg=-0.78 speed=0.000 pos=(-72.037,0.001,91.230) thr=0.00 steer=0.00 blocked=false attempts=0 stuck_s=0.00 pitch=-0.00 roll=0.00 normal_y=1.00 contacts=1[VillageTerrain] bounded=true
tick=7170 phase=yielding reason=physical_obstacle wp=5 dist_wp=19.23 bearing_deg=-0.78 speed=0.000 pos=(-72.037,0.001,91.230) thr=0.00 steer=0.00 blocked=false attempts=0 stuck_s=0.00 pitch=-0.00 roll=0.00 normal_y=1.00 contacts=1[VillageTerrain] bounded=true
tick=7200 phase=yielding reason=physical_obstacle wp=5 dist_wp=19.23 bearing_deg=-0.78 speed=0.000 pos=(-72.037,0.001,91.230) thr=0.00 steer=0.00 blocked=false attempts=0 stuck_s=0.00 pitch=-0.00 roll=0.00 normal_y=1.00 contacts=1[VillageTerrain] bounded=true
tick=7230 phase=yielding reason=physical_obstacle wp=5 dist_wp=19.23 bearing_deg=-0.78 speed=0.000 pos=(-72.037,0.001,91.230) thr=0.00 steer=0.00 blocked=false attempts=0 stuck_s=0.00 pitch=-0.00 roll=0.00 normal_y=1.00 contacts=1[VillageTerrain] bounded=true
tick=7260 phase=yielding reason=physical_obstacle wp=5 dist_wp=19.23 bearing_deg=-0.78 speed=0.000 pos=(-72.037,0.001,91.230) thr=0.00 steer=0.00 blocked=false attempts=0 stuck_s=0.00 pitch=-0.00 roll=0.00 normal_y=1.00 contacts=1[VillageTerrain] bounded=true
tick=7290 phase=yielding reason=physical_obstacle wp=5 dist_wp=19.23 bearing_deg=-0.78 speed=0.000 pos=(-72.037,0.001,91.230) thr=0.00 steer=0.00 blocked=false attempts=0 stuck_s=0.00 pitch=-0.00 roll=0.00 normal_y=1.00 contacts=1[VillageTerrain] bounded=true
tick=7320 phase=yielding reason=physical_obstacle wp=5 dist_wp=19.23 bearing_deg=-0.78 speed=0.000 pos=(-72.037,0.001,91.230) thr=0.00 steer=0.00 blocked=false attempts=0 stuck_s=0.00 pitch=-0.00 roll=0.00 normal_y=1.00 contacts=1[VillageTerrain] bounded=true
tick=7350 phase=yielding reason=physical_obstacle wp=5 dist_wp=19.23 bearing_deg=-0.78 speed=0.000 pos=(-72.037,0.001,91.230) thr=0.00 steer=0.00 blocked=false attempts=0 stuck_s=0.00 pitch=-0.00 roll=0.00 normal_y=1.00 contacts=1[VillageTerrain] bounded=true
tick=7380 phase=yielding reason=physical_obstacle wp=5 dist_wp=19.23 bearing_deg=-0.78 speed=0.000 pos=(-72.037,0.001,91.230) thr=0.00 steer=0.00 blocked=false attempts=0 stuck_s=0.00 pitch=-0.00 roll=0.00 normal_y=1.00 contacts=1[VillageTerrain] bounded=true
tick=7410 phase=yielding reason=physical_obstacle wp=5 dist_wp=19.23 bearing_deg=-0.78 speed=0.000 pos=(-72.037,0.001,91.230) thr=0.00 steer=0.00 blocked=false attempts=0 stuck_s=0.00 pitch=-0.00 roll=0.00 normal_y=1.00 contacts=1[VillageTerrain] bounded=true
tick=7440 phase=yielding reason=physical_obstacle wp=5 dist_wp=19.23 bearing_deg=-0.78 speed=0.000 pos=(-72.037,0.001,91.230) thr=0.00 steer=0.00 blocked=false attempts=0 stuck_s=0.00 pitch=-0.00 roll=0.00 normal_y=1.00 contacts=1[VillageTerrain] bounded=true
tick=7470 phase=yielding reason=physical_obstacle wp=5 dist_wp=19.23 bearing_deg=-0.78 speed=0.000 pos=(-72.037,0.001,91.230) thr=0.00 steer=0.00 blocked=false attempts=0 stuck_s=0.00 pitch=-0.00 roll=0.00 normal_y=1.00 contacts=1[VillageTerrain] bounded=true
tick=7500 phase=yielding reason=physical_obstacle wp=5 dist_wp=19.23 bearing_deg=-0.78 speed=0.000 pos=(-72.037,0.001,91.230) thr=0.00 steer=0.00 blocked=false attempts=0 stuck_s=0.00 pitch=-0.00 roll=0.00 normal_y=1.00 contacts=1[VillageTerrain] bounded=true
tick=7530 phase=yielding reason=physical_obstacle wp=5 dist_wp=19.23 bearing_deg=-0.78 speed=0.000 pos=(-72.037,0.001,91.230) thr=0.00 steer=0.00 blocked=false attempts=0 stuck_s=0.00 pitch=-0.00 roll=0.00 normal_y=1.00 contacts=1[VillageTerrain] bounded=true
tick=7560 phase=yielding reason=physical_obstacle wp=5 dist_wp=19.23 bearing_deg=-0.78 speed=0.000 pos=(-72.037,0.001,91.230) thr=0.00 steer=0.00 blocked=false attempts=0 stuck_s=0.00 pitch=-0.00 roll=0.00 normal_y=1.00 contacts=1[VillageTerrain] bounded=true
tick=7590 phase=yielding reason=physical_obstacle wp=5 dist_wp=19.23 bearing_deg=-0.78 speed=0.000 pos=(-72.037,0.001,91.230) thr=0.00 steer=0.00 blocked=false attempts=0 stuck_s=0.00 pitch=-0.00 roll=0.00 normal_y=1.00 contacts=1[VillageTerrain] bounded=true
tick=7620 phase=yielding reason=physical_obstacle wp=5 dist_wp=19.23 bearing_deg=-0.78 speed=0.000 pos=(-72.037,0.001,91.230) thr=0.00 steer=0.00 blocked=false attempts=0 stuck_s=0.00 pitch=-0.00 roll=0.00 normal_y=1.00 contacts=1[VillageTerrain] bounded=true
tick=7650 phase=yielding reason=physical_obstacle wp=5 dist_wp=19.23 bearing_deg=-0.78 speed=0.000 pos=(-72.037,0.001,91.230) thr=0.00 steer=0.00 blocked=false attempts=0 stuck_s=0.00 pitch=-0.00 roll=0.00 normal_y=1.00 contacts=1[VillageTerrain] bounded=true
tick=7680 phase=yielding reason=physical_obstacle wp=5 dist_wp=19.23 bearing_deg=-0.78 speed=0.000 pos=(-72.037,0.001,91.230) thr=0.00 steer=0.00 blocked=false attempts=0 stuck_s=0.00 pitch=-0.00 roll=0.00 normal_y=1.00 contacts=1[VillageTerrain] bounded=true
tick=7710 phase=yielding reason=physical_obstacle wp=5 dist_wp=19.23 bearing_deg=-0.78 speed=0.000 pos=(-72.037,0.001,91.230) thr=0.00 steer=0.00 blocked=false attempts=0 stuck_s=0.00 pitch=-0.00 roll=0.00 normal_y=1.00 contacts=1[VillageTerrain] bounded=true
tick=7740 phase=yielding reason=physical_obstacle wp=5 dist_wp=19.23 bearing_deg=-0.78 speed=0.000 pos=(-72.037,0.001,91.230) thr=0.00 steer=0.00 blocked=false attempts=0 stuck_s=0.00 pitch=-0.00 roll=0.00 normal_y=1.00 contacts=1[VillageTerrain] bounded=true
tick=7770 phase=yielding reason=physical_obstacle wp=5 dist_wp=19.23 bearing_deg=-0.78 speed=0.000 pos=(-72.037,0.001,91.230) thr=0.00 steer=0.00 blocked=false attempts=0 stuck_s=0.00 pitch=-0.00 roll=0.00 normal_y=1.00 contacts=1[VillageTerrain] bounded=true
tick=7800 phase=yielding reason=physical_obstacle wp=5 dist_wp=19.23 bearing_deg=-0.78 speed=0.000 pos=(-72.037,0.001,91.230) thr=0.00 steer=0.00 blocked=false attempts=0 stuck_s=0.00 pitch=-0.00 roll=0.00 normal_y=1.00 contacts=1[VillageTerrain] bounded=true
tick=7830 phase=yielding reason=physical_obstacle wp=5 dist_wp=19.23 bearing_deg=-0.78 speed=0.000 pos=(-72.037,0.001,91.230) thr=0.00 steer=0.00 blocked=false attempts=0 stuck_s=0.00 pitch=-0.00 roll=0.00 normal_y=1.00 contacts=1[VillageTerrain] bounded=true
tick=7860 phase=yielding reason=physical_obstacle wp=5 dist_wp=19.23 bearing_deg=-0.78 speed=0.000 pos=(-72.037,0.001,91.230) thr=0.00 steer=0.00 blocked=false attempts=0 stuck_s=0.00 pitch=-0.00 roll=0.00 normal_y=1.00 contacts=1[VillageTerrain] bounded=true
tick=7890 phase=yielding reason=physical_obstacle wp=5 dist_wp=19.23 bearing_deg=-0.78 speed=0.000 pos=(-72.037,0.001,91.230) thr=0.00 steer=0.00 blocked=false attempts=0 stuck_s=0.00 pitch=-0.00 roll=0.00 normal_y=1.00 contacts=1[VillageTerrain] bounded=true
tick=7920 phase=yielding reason=physical_obstacle wp=5 dist_wp=19.23 bearing_deg=-0.78 speed=0.000 pos=(-72.037,0.001,91.230) thr=0.00 steer=0.00 blocked=false attempts=0 stuck_s=0.00 pitch=-0.00 roll=0.00 normal_y=1.00 contacts=1[VillageTerrain] bounded=true
tick=7950 phase=yielding reason=physical_obstacle wp=5 dist_wp=19.23 bearing_deg=-0.78 speed=0.000 pos=(-72.037,0.001,91.230) thr=0.00 steer=0.00 blocked=false attempts=0 stuck_s=0.00 pitch=-0.00 roll=0.00 normal_y=1.00 contacts=1[VillageTerrain] bounded=true
tick=7980 phase=yielding reason=physical_obstacle wp=5 dist_wp=19.23 bearing_deg=-0.78 speed=0.000 pos=(-72.037,0.001,91.230) thr=0.00 steer=0.00 blocked=false attempts=0 stuck_s=0.00 pitch=-0.00 roll=0.00 normal_y=1.00 contacts=1[VillageTerrain] bounded=true
tick=8010 phase=yielding reason=physical_obstacle wp=5 dist_wp=19.23 bearing_deg=-0.78 speed=0.000 pos=(-72.037,0.001,91.230) thr=0.00 steer=0.00 blocked=false attempts=0 stuck_s=0.00 pitch=-0.00 roll=0.00 normal_y=1.00 contacts=1[VillageTerrain] bounded=true
tick=8040 phase=yielding reason=physical_obstacle wp=5 dist_wp=19.23 bearing_deg=-0.78 speed=0.000 pos=(-72.037,0.001,91.230) thr=0.00 steer=0.00 blocked=false attempts=0 stuck_s=0.00 pitch=-0.00 roll=0.00 normal_y=1.00 contacts=1[VillageTerrain] bounded=true
tick=8070 phase=yielding reason=physical_obstacle wp=5 dist_wp=19.23 bearing_deg=-0.78 speed=0.000 pos=(-72.037,0.001,91.230) thr=0.00 steer=0.00 blocked=false attempts=0 stuck_s=0.00 pitch=-0.00 roll=0.00 normal_y=1.00 contacts=1[VillageTerrain] bounded=true
tick=8100 phase=yielding reason=physical_obstacle wp=5 dist_wp=19.23 bearing_deg=-0.78 speed=0.000 pos=(-72.037,0.001,91.230) thr=0.00 steer=0.00 blocked=false attempts=0 stuck_s=0.00 pitch=-0.00 roll=0.00 normal_y=1.00 contacts=1[VillageTerrain] bounded=true
tick=8130 phase=yielding reason=physical_obstacle wp=5 dist_wp=19.23 bearing_deg=-0.78 speed=0.000 pos=(-72.037,0.001,91.230) thr=0.00 steer=0.00 blocked=false attempts=0 stuck_s=0.00 pitch=-0.00 roll=0.00 normal_y=1.00 contacts=1[VillageTerrain] bounded=true
tick=8160 phase=yielding reason=physical_obstacle wp=5 dist_wp=19.23 bearing_deg=-0.78 speed=0.000 pos=(-72.037,0.001,91.230) thr=0.00 steer=0.00 blocked=false attempts=0 stuck_s=0.00 pitch=-0.00 roll=0.00 normal_y=1.00 contacts=1[VillageTerrain] bounded=true
tick=8190 phase=yielding reason=physical_obstacle wp=5 dist_wp=19.23 bearing_deg=-0.78 speed=0.000 pos=(-72.037,0.001,91.230) thr=0.00 steer=0.00 blocked=false attempts=0 stuck_s=0.00 pitch=-0.00 roll=0.00 normal_y=1.00 contacts=1[VillageTerrain] bounded=true
tick=8220 phase=yielding reason=physical_obstacle wp=5 dist_wp=19.23 bearing_deg=-0.78 speed=0.000 pos=(-72.037,0.001,91.230) thr=0.00 steer=0.00 blocked=false attempts=0 stuck_s=0.00 pitch=-0.00 roll=0.00 normal_y=1.00 contacts=1[VillageTerrain] bounded=true
tick=8250 phase=yielding reason=physical_obstacle wp=5 dist_wp=19.23 bearing_deg=-0.78 speed=0.000 pos=(-72.037,0.001,91.230) thr=0.00 steer=0.00 blocked=false attempts=0 stuck_s=0.00 pitch=-0.00 roll=0.00 normal_y=1.00 contacts=1[VillageTerrain] bounded=true
tick=8280 phase=yielding reason=physical_obstacle wp=5 dist_wp=19.23 bearing_deg=-0.78 speed=0.000 pos=(-72.037,0.001,91.230) thr=0.00 steer=0.00 blocked=false attempts=0 stuck_s=0.00 pitch=-0.00 roll=0.00 normal_y=1.00 contacts=1[VillageTerrain] bounded=true
tick=8310 phase=yielding reason=physical_obstacle wp=5 dist_wp=19.23 bearing_deg=-0.78 speed=0.000 pos=(-72.037,0.001,91.230) thr=0.00 steer=0.00 blocked=false attempts=0 stuck_s=0.00 pitch=-0.00 roll=0.00 normal_y=1.00 contacts=1[VillageTerrain] bounded=true
tick=8340 phase=yielding reason=physical_obstacle wp=5 dist_wp=19.23 bearing_deg=-0.78 speed=0.000 pos=(-72.037,0.001,91.230) thr=0.00 steer=0.00 blocked=false attempts=0 stuck_s=0.00 pitch=-0.00 roll=0.00 normal_y=1.00 contacts=1[VillageTerrain] bounded=true
tick=8370 phase=yielding reason=physical_obstacle wp=5 dist_wp=19.23 bearing_deg=-0.78 speed=0.000 pos=(-72.037,0.001,91.230) thr=0.00 steer=0.00 blocked=false attempts=0 stuck_s=0.00 pitch=-0.00 roll=0.00 normal_y=1.00 contacts=1[VillageTerrain] bounded=true
tick=8400 phase=yielding reason=physical_obstacle wp=5 dist_wp=19.23 bearing_deg=-0.78 speed=0.000 pos=(-72.037,0.001,91.230) thr=0.00 steer=0.00 blocked=false attempts=0 stuck_s=0.00 pitch=-0.00 roll=0.00 normal_y=1.00 contacts=1[VillageTerrain] bounded=true
tick=8430 phase=yielding reason=physical_obstacle wp=5 dist_wp=19.23 bearing_deg=-0.78 speed=0.000 pos=(-72.037,0.001,91.230) thr=0.00 steer=0.00 blocked=false attempts=0 stuck_s=0.00 pitch=-0.00 roll=0.00 normal_y=1.00 contacts=1[VillageTerrain] bounded=true
tick=8460 phase=yielding reason=physical_obstacle wp=5 dist_wp=19.23 bearing_deg=-0.78 speed=0.000 pos=(-72.037,0.001,91.230) thr=0.00 steer=0.00 blocked=false attempts=0 stuck_s=0.00 pitch=-0.00 roll=0.00 normal_y=1.00 contacts=1[VillageTerrain] bounded=true
tick=8490 phase=yielding reason=physical_obstacle wp=5 dist_wp=19.23 bearing_deg=-0.78 speed=0.000 pos=(-72.037,0.001,91.230) thr=0.00 steer=0.00 blocked=false attempts=0 stuck_s=0.00 pitch=-0.00 roll=0.00 normal_y=1.00 contacts=1[VillageTerrain] bounded=true
tick=8520 phase=yielding reason=physical_obstacle wp=5 dist_wp=19.23 bearing_deg=-0.78 speed=0.000 pos=(-72.037,0.001,91.230) thr=0.00 steer=0.00 blocked=false attempts=0 stuck_s=0.00 pitch=-0.00 roll=0.00 normal_y=1.00 contacts=1[VillageTerrain] bounded=true
tick=8550 phase=yielding reason=physical_obstacle wp=5 dist_wp=19.23 bearing_deg=-0.78 speed=0.000 pos=(-72.037,0.001,91.230) thr=0.00 steer=0.00 blocked=false attempts=0 stuck_s=0.00 pitch=-0.00 roll=0.00 normal_y=1.00 contacts=1[VillageTerrain] bounded=true
tick=8580 phase=yielding reason=physical_obstacle wp=5 dist_wp=19.23 bearing_deg=-0.78 speed=0.000 pos=(-72.037,0.001,91.230) thr=0.00 steer=0.00 blocked=false attempts=0 stuck_s=0.00 pitch=-0.00 roll=0.00 normal_y=1.00 contacts=1[VillageTerrain] bounded=true
tick=8610 phase=yielding reason=physical_obstacle wp=5 dist_wp=19.23 bearing_deg=-0.78 speed=0.000 pos=(-72.037,0.001,91.230) thr=0.00 steer=0.00 blocked=false attempts=0 stuck_s=0.00 pitch=-0.00 roll=0.00 normal_y=1.00 contacts=1[VillageTerrain] bounded=true
tick=8640 phase=yielding reason=physical_obstacle wp=5 dist_wp=19.23 bearing_deg=-0.78 speed=0.000 pos=(-72.037,0.001,91.230) thr=0.00 steer=0.00 blocked=false attempts=0 stuck_s=0.00 pitch=-0.00 roll=0.00 normal_y=1.00 contacts=1[VillageTerrain] bounded=true
tick=8670 phase=yielding reason=physical_obstacle wp=5 dist_wp=19.23 bearing_deg=-0.78 speed=0.000 pos=(-72.037,0.001,91.230) thr=0.00 steer=0.00 blocked=false attempts=0 stuck_s=0.00 pitch=-0.00 roll=0.00 normal_y=1.00 contacts=1[VillageTerrain] bounded=true
tick=8700 phase=yielding reason=physical_obstacle wp=5 dist_wp=19.23 bearing_deg=-0.78 speed=0.000 pos=(-72.037,0.001,91.230) thr=0.00 steer=0.00 blocked=false attempts=0 stuck_s=0.00 pitch=-0.00 roll=0.00 normal_y=1.00 contacts=1[VillageTerrain] bounded=true
tick=8730 phase=yielding reason=physical_obstacle wp=5 dist_wp=19.23 bearing_deg=-0.78 speed=0.000 pos=(-72.037,0.001,91.230) thr=0.00 steer=0.00 blocked=false attempts=0 stuck_s=0.00 pitch=-0.00 roll=0.00 normal_y=1.00 contacts=1[VillageTerrain] bounded=true
tick=8760 phase=yielding reason=physical_obstacle wp=5 dist_wp=19.23 bearing_deg=-0.78 speed=0.000 pos=(-72.037,0.001,91.230) thr=0.00 steer=0.00 blocked=false attempts=0 stuck_s=0.00 pitch=-0.00 roll=0.00 normal_y=1.00 contacts=1[VillageTerrain] bounded=true
tick=8790 phase=yielding reason=physical_obstacle wp=5 dist_wp=19.23 bearing_deg=-0.78 speed=0.000 pos=(-72.037,0.001,91.230) thr=0.00 steer=0.00 blocked=false attempts=0 stuck_s=0.00 pitch=-0.00 roll=0.00 normal_y=1.00 contacts=1[VillageTerrain] bounded=true
tick=8820 phase=yielding reason=physical_obstacle wp=5 dist_wp=19.23 bearing_deg=-0.78 speed=0.000 pos=(-72.037,0.001,91.230) thr=0.00 steer=0.00 blocked=false attempts=0 stuck_s=0.00 pitch=-0.00 roll=0.00 normal_y=1.00 contacts=1[VillageTerrain] bounded=true
tick=8850 phase=yielding reason=physical_obstacle wp=5 dist_wp=19.23 bearing_deg=-0.78 speed=0.000 pos=(-72.037,0.001,91.230) thr=0.00 steer=0.00 blocked=false attempts=0 stuck_s=0.00 pitch=-0.00 roll=0.00 normal_y=1.00 contacts=1[VillageTerrain] bounded=true
tick=8880 phase=yielding reason=physical_obstacle wp=5 dist_wp=19.23 bearing_deg=-0.78 speed=0.000 pos=(-72.037,0.001,91.230) thr=0.00 steer=0.00 blocked=false attempts=0 stuck_s=0.00 pitch=-0.00 roll=0.00 normal_y=1.00 contacts=1[VillageTerrain] bounded=true
tick=8910 phase=yielding reason=physical_obstacle wp=5 dist_wp=19.23 bearing_deg=-0.78 speed=0.000 pos=(-72.037,0.001,91.230) thr=0.00 steer=0.00 blocked=false attempts=0 stuck_s=0.00 pitch=-0.00 roll=0.00 normal_y=1.00 contacts=1[VillageTerrain] bounded=true
tick=8940 phase=yielding reason=physical_obstacle wp=5 dist_wp=19.23 bearing_deg=-0.78 speed=0.000 pos=(-72.037,0.001,91.230) thr=0.00 steer=0.00 blocked=false attempts=0 stuck_s=0.00 pitch=-0.00 roll=0.00 normal_y=1.00 contacts=1[VillageTerrain] bounded=true
tick=8970 phase=yielding reason=physical_obstacle wp=5 dist_wp=19.23 bearing_deg=-0.78 speed=0.000 pos=(-72.037,0.001,91.230) thr=0.00 steer=0.00 blocked=false attempts=0 stuck_s=0.00 pitch=-0.00 roll=0.00 normal_y=1.00 contacts=1[VillageTerrain] bounded=true
tick=9000 phase=yielding reason=physical_obstacle wp=5 dist_wp=19.23 bearing_deg=-0.78 speed=0.000 pos=(-72.037,0.001,91.230) thr=0.00 steer=0.00 blocked=false attempts=0 stuck_s=0.00 pitch=-0.00 roll=0.00 normal_y=1.00 contacts=1[VillageTerrain] bounded=true
tick=9030 phase=yielding reason=physical_obstacle wp=5 dist_wp=19.23 bearing_deg=-0.78 speed=0.000 pos=(-72.037,0.001,91.230) thr=0.00 steer=0.00 blocked=false attempts=0 stuck_s=0.00 pitch=-0.00 roll=0.00 normal_y=1.00 contacts=1[VillageTerrain] bounded=true
tick=9060 phase=yielding reason=physical_obstacle wp=5 dist_wp=19.23 bearing_deg=-0.78 speed=0.000 pos=(-72.037,0.001,91.230) thr=0.00 steer=0.00 blocked=false attempts=0 stuck_s=0.00 pitch=-0.00 roll=0.00 normal_y=1.00 contacts=1[VillageTerrain] bounded=true
tick=9090 phase=yielding reason=physical_obstacle wp=5 dist_wp=19.23 bearing_deg=-0.78 speed=0.000 pos=(-72.037,0.001,91.230) thr=0.00 steer=0.00 blocked=false attempts=0 stuck_s=0.00 pitch=-0.00 roll=0.00 normal_y=1.00 contacts=1[VillageTerrain] bounded=true
tick=9120 phase=yielding reason=physical_obstacle wp=5 dist_wp=19.23 bearing_deg=-0.78 speed=0.000 pos=(-72.037,0.001,91.230) thr=0.00 steer=0.00 blocked=false attempts=0 stuck_s=0.00 pitch=-0.00 roll=0.00 normal_y=1.00 contacts=1[VillageTerrain] bounded=true
tick=9150 phase=yielding reason=physical_obstacle wp=5 dist_wp=19.23 bearing_deg=-0.78 speed=0.000 pos=(-72.037,0.001,91.230) thr=0.00 steer=0.00 blocked=false attempts=0 stuck_s=0.00 pitch=-0.00 roll=0.00 normal_y=1.00 contacts=1[VillageTerrain] bounded=true
tick=9180 phase=yielding reason=physical_obstacle wp=5 dist_wp=19.23 bearing_deg=-0.78 speed=0.000 pos=(-72.037,0.001,91.230) thr=0.00 steer=0.00 blocked=false attempts=0 stuck_s=0.00 pitch=-0.00 roll=0.00 normal_y=1.00 contacts=1[VillageTerrain] bounded=true
tick=9210 phase=yielding reason=physical_obstacle wp=5 dist_wp=19.23 bearing_deg=-0.78 speed=0.000 pos=(-72.037,0.001,91.230) thr=0.00 steer=0.00 blocked=false attempts=0 stuck_s=0.00 pitch=-0.00 roll=0.00 normal_y=1.00 contacts=1[VillageTerrain] bounded=true
tick=9240 phase=yielding reason=physical_obstacle wp=5 dist_wp=19.23 bearing_deg=-0.78 speed=0.000 pos=(-72.037,0.001,91.230) thr=0.00 steer=0.00 blocked=false attempts=0 stuck_s=0.00 pitch=-0.00 roll=0.00 normal_y=1.00 contacts=1[VillageTerrain] bounded=true
tick=9270 phase=yielding reason=physical_obstacle wp=5 dist_wp=19.23 bearing_deg=-0.78 speed=0.000 pos=(-72.037,0.001,91.230) thr=0.00 steer=0.00 blocked=false attempts=0 stuck_s=0.00 pitch=-0.00 roll=0.00 normal_y=1.00 contacts=1[VillageTerrain] bounded=true
tick=9300 phase=yielding reason=physical_obstacle wp=5 dist_wp=19.23 bearing_deg=-0.78 speed=0.000 pos=(-72.037,0.001,91.230) thr=0.00 steer=0.00 blocked=false attempts=0 stuck_s=0.00 pitch=-0.00 roll=0.00 normal_y=1.00 contacts=1[VillageTerrain] bounded=true
tick=9330 phase=yielding reason=physical_obstacle wp=5 dist_wp=19.23 bearing_deg=-0.78 speed=0.000 pos=(-72.037,0.001,91.230) thr=0.00 steer=0.00 blocked=false attempts=0 stuck_s=0.00 pitch=-0.00 roll=0.00 normal_y=1.00 contacts=1[VillageTerrain] bounded=true
tick=9360 phase=yielding reason=physical_obstacle wp=5 dist_wp=19.23 bearing_deg=-0.78 speed=0.000 pos=(-72.037,0.001,91.230) thr=0.00 steer=0.00 blocked=false attempts=0 stuck_s=0.00 pitch=-0.00 roll=0.00 normal_y=1.00 contacts=1[VillageTerrain] bounded=true
tick=9390 phase=yielding reason=physical_obstacle wp=5 dist_wp=19.23 bearing_deg=-0.78 speed=0.000 pos=(-72.037,0.001,91.230) thr=0.00 steer=0.00 blocked=false attempts=0 stuck_s=0.00 pitch=-0.00 roll=0.00 normal_y=1.00 contacts=1[VillageTerrain] bounded=true
tick=9420 phase=yielding reason=physical_obstacle wp=5 dist_wp=19.23 bearing_deg=-0.78 speed=0.000 pos=(-72.037,0.001,91.230) thr=0.00 steer=0.00 blocked=false attempts=0 stuck_s=0.00 pitch=-0.00 roll=0.00 normal_y=1.00 contacts=1[VillageTerrain] bounded=true
tick=9450 phase=yielding reason=physical_obstacle wp=5 dist_wp=19.23 bearing_deg=-0.78 speed=0.000 pos=(-72.037,0.001,91.230) thr=0.00 steer=0.00 blocked=false attempts=0 stuck_s=0.00 pitch=-0.00 roll=0.00 normal_y=1.00 contacts=1[VillageTerrain] bounded=true
tick=9480 phase=yielding reason=physical_obstacle wp=5 dist_wp=19.23 bearing_deg=-0.78 speed=0.000 pos=(-72.037,0.001,91.230) thr=0.00 steer=0.00 blocked=false attempts=0 stuck_s=0.00 pitch=-0.00 roll=0.00 normal_y=1.00 contacts=1[VillageTerrain] bounded=true
tick=9510 phase=yielding reason=physical_obstacle wp=5 dist_wp=19.23 bearing_deg=-0.78 speed=0.000 pos=(-72.037,0.001,91.230) thr=0.00 steer=0.00 blocked=false attempts=0 stuck_s=0.00 pitch=-0.00 roll=0.00 normal_y=1.00 contacts=1[VillageTerrain] bounded=true
tick=9540 phase=yielding reason=physical_obstacle wp=5 dist_wp=19.23 bearing_deg=-0.78 speed=0.000 pos=(-72.037,0.001,91.230) thr=0.00 steer=0.00 blocked=false attempts=0 stuck_s=0.00 pitch=-0.00 roll=0.00 normal_y=1.00 contacts=1[VillageTerrain] bounded=true
tick=9570 phase=yielding reason=physical_obstacle wp=5 dist_wp=19.23 bearing_deg=-0.78 speed=0.000 pos=(-72.037,0.001,91.230) thr=0.00 steer=0.00 blocked=false attempts=0 stuck_s=0.00 pitch=-0.00 roll=0.00 normal_y=1.00 contacts=1[VillageTerrain] bounded=true
tick=9600 phase=yielding reason=physical_obstacle wp=5 dist_wp=19.23 bearing_deg=-0.78 speed=0.000 pos=(-72.037,0.001,91.230) thr=0.00 steer=0.00 blocked=false attempts=0 stuck_s=0.00 pitch=-0.00 roll=0.00 normal_y=1.00 contacts=1[VillageTerrain] bounded=true
tick=9630 phase=yielding reason=physical_obstacle wp=5 dist_wp=19.23 bearing_deg=-0.78 speed=0.000 pos=(-72.037,0.001,91.230) thr=0.00 steer=0.00 blocked=false attempts=0 stuck_s=0.00 pitch=-0.00 roll=0.00 normal_y=1.00 contacts=1[VillageTerrain] bounded=true
tick=9660 phase=yielding reason=physical_obstacle wp=5 dist_wp=19.23 bearing_deg=-0.78 speed=0.000 pos=(-72.037,0.001,91.230) thr=0.00 steer=0.00 blocked=false attempts=0 stuck_s=0.00 pitch=-0.00 roll=0.00 normal_y=1.00 contacts=1[VillageTerrain] bounded=true
tick=9690 phase=yielding reason=physical_obstacle wp=5 dist_wp=19.23 bearing_deg=-0.78 speed=0.000 pos=(-72.037,0.001,91.230) thr=0.00 steer=0.00 blocked=false attempts=0 stuck_s=0.00 pitch=-0.00 roll=0.00 normal_y=1.00 contacts=1[VillageTerrain] bounded=true
tick=9720 phase=yielding reason=physical_obstacle wp=5 dist_wp=19.23 bearing_deg=-0.78 speed=0.000 pos=(-72.037,0.001,91.230) thr=0.00 steer=0.00 blocked=false attempts=0 stuck_s=0.00 pitch=-0.00 roll=0.00 normal_y=1.00 contacts=1[VillageTerrain] bounded=true
tick=9750 phase=yielding reason=physical_obstacle wp=5 dist_wp=19.23 bearing_deg=-0.78 speed=0.000 pos=(-72.037,0.001,91.230) thr=0.00 steer=0.00 blocked=false attempts=0 stuck_s=0.00 pitch=-0.00 roll=0.00 normal_y=1.00 contacts=1[VillageTerrain] bounded=true
tick=9780 phase=yielding reason=physical_obstacle wp=5 dist_wp=19.23 bearing_deg=-0.78 speed=0.000 pos=(-72.037,0.001,91.230) thr=0.00 steer=0.00 blocked=false attempts=0 stuck_s=0.00 pitch=-0.00 roll=0.00 normal_y=1.00 contacts=1[VillageTerrain] bounded=true
tick=9810 phase=yielding reason=physical_obstacle wp=5 dist_wp=19.23 bearing_deg=-0.78 speed=0.000 pos=(-72.037,0.001,91.230) thr=0.00 steer=0.00 blocked=false attempts=0 stuck_s=0.00 pitch=-0.00 roll=0.00 normal_y=1.00 contacts=1[VillageTerrain] bounded=true
tick=9840 phase=yielding reason=physical_obstacle wp=5 dist_wp=19.23 bearing_deg=-0.78 speed=0.000 pos=(-72.037,0.001,91.230) thr=0.00 steer=0.00 blocked=false attempts=0 stuck_s=0.00 pitch=-0.00 roll=0.00 normal_y=1.00 contacts=1[VillageTerrain] bounded=true
tick=9870 phase=yielding reason=physical_obstacle wp=5 dist_wp=19.23 bearing_deg=-0.78 speed=0.000 pos=(-72.037,0.001,91.230) thr=0.00 steer=0.00 blocked=false attempts=0 stuck_s=0.00 pitch=-0.00 roll=0.00 normal_y=1.00 contacts=1[VillageTerrain] bounded=true
tick=9900 phase=yielding reason=physical_obstacle wp=5 dist_wp=19.23 bearing_deg=-0.78 speed=0.000 pos=(-72.037,0.001,91.230) thr=0.00 steer=0.00 blocked=false attempts=0 stuck_s=0.00 pitch=-0.00 roll=0.00 normal_y=1.00 contacts=1[VillageTerrain] bounded=true
tick=9930 phase=yielding reason=physical_obstacle wp=5 dist_wp=19.23 bearing_deg=-0.78 speed=0.000 pos=(-72.037,0.001,91.230) thr=0.00 steer=0.00 blocked=false attempts=0 stuck_s=0.00 pitch=-0.00 roll=0.00 normal_y=1.00 contacts=1[VillageTerrain] bounded=true
tick=9960 phase=yielding reason=physical_obstacle wp=5 dist_wp=19.23 bearing_deg=-0.78 speed=0.000 pos=(-72.037,0.001,91.230) thr=0.00 steer=0.00 blocked=false attempts=0 stuck_s=0.00 pitch=-0.00 roll=0.00 normal_y=1.00 contacts=1[VillageTerrain] bounded=true
tick=9990 phase=yielding reason=physical_obstacle wp=5 dist_wp=19.23 bearing_deg=-0.78 speed=0.000 pos=(-72.037,0.001,91.230) thr=0.00 steer=0.00 blocked=false attempts=0 stuck_s=0.00 pitch=-0.00 roll=0.00 normal_y=1.00 contacts=1[VillageTerrain] bounded=true
tick=10020 phase=yielding reason=physical_obstacle wp=5 dist_wp=19.23 bearing_deg=-0.78 speed=0.000 pos=(-72.037,0.001,91.230) thr=0.00 steer=0.00 blocked=false attempts=0 stuck_s=0.00 pitch=-0.00 roll=0.00 normal_y=1.00 contacts=1[VillageTerrain] bounded=true
tick=10050 phase=yielding reason=physical_obstacle wp=5 dist_wp=19.23 bearing_deg=-0.78 speed=0.000 pos=(-72.037,0.001,91.230) thr=0.00 steer=0.00 blocked=false attempts=0 stuck_s=0.00 pitch=-0.00 roll=0.00 normal_y=1.00 contacts=1[VillageTerrain] bounded=true
tick=10080 phase=yielding reason=physical_obstacle wp=5 dist_wp=19.23 bearing_deg=-0.78 speed=0.000 pos=(-72.037,0.001,91.230) thr=0.00 steer=0.00 blocked=false attempts=0 stuck_s=0.00 pitch=-0.00 roll=0.00 normal_y=1.00 contacts=1[VillageTerrain] bounded=true
tick=10110 phase=yielding reason=physical_obstacle wp=5 dist_wp=19.23 bearing_deg=-0.78 speed=0.000 pos=(-72.037,0.001,91.230) thr=0.00 steer=0.00 blocked=false attempts=0 stuck_s=0.00 pitch=-0.00 roll=0.00 normal_y=1.00 contacts=1[VillageTerrain] bounded=true
tick=10140 phase=yielding reason=physical_obstacle wp=5 dist_wp=19.23 bearing_deg=-0.78 speed=0.000 pos=(-72.037,0.001,91.230) thr=0.00 steer=0.00 blocked=false attempts=0 stuck_s=0.00 pitch=-0.00 roll=0.00 normal_y=1.00 contacts=1[VillageTerrain] bounded=true
tick=10170 phase=yielding reason=physical_obstacle wp=5 dist_wp=19.23 bearing_deg=-0.78 speed=0.000 pos=(-72.037,0.001,91.230) thr=0.00 steer=0.00 blocked=false attempts=0 stuck_s=0.00 pitch=-0.00 roll=0.00 normal_y=1.00 contacts=1[VillageTerrain] bounded=true
tick=10200 phase=yielding reason=physical_obstacle wp=5 dist_wp=19.23 bearing_deg=-0.78 speed=0.000 pos=(-72.037,0.001,91.230) thr=0.00 steer=0.00 blocked=false attempts=0 stuck_s=0.00 pitch=-0.00 roll=0.00 normal_y=1.00 contacts=1[VillageTerrain] bounded=true
tick=10230 phase=yielding reason=physical_obstacle wp=5 dist_wp=19.23 bearing_deg=-0.78 speed=0.000 pos=(-72.037,0.001,91.230) thr=0.00 steer=0.00 blocked=false attempts=0 stuck_s=0.00 pitch=-0.00 roll=0.00 normal_y=1.00 contacts=1[VillageTerrain] bounded=true
tick=10260 phase=yielding reason=physical_obstacle wp=5 dist_wp=19.23 bearing_deg=-0.78 speed=0.000 pos=(-72.037,0.001,91.230) thr=0.00 steer=0.00 blocked=false attempts=0 stuck_s=0.00 pitch=-0.00 roll=0.00 normal_y=1.00 contacts=1[VillageTerrain] bounded=true
tick=10290 phase=yielding reason=physical_obstacle wp=5 dist_wp=19.23 bearing_deg=-0.78 speed=0.000 pos=(-72.037,0.001,91.230) thr=0.00 steer=0.00 blocked=false attempts=0 stuck_s=0.00 pitch=-0.00 roll=0.00 normal_y=1.00 contacts=1[VillageTerrain] bounded=true
tick=10320 phase=yielding reason=physical_obstacle wp=5 dist_wp=19.23 bearing_deg=-0.78 speed=0.000 pos=(-72.037,0.001,91.230) thr=0.00 steer=0.00 blocked=false attempts=0 stuck_s=0.00 pitch=-0.00 roll=0.00 normal_y=1.00 contacts=1[VillageTerrain] bounded=true
tick=10350 phase=yielding reason=physical_obstacle wp=5 dist_wp=19.23 bearing_deg=-0.78 speed=0.000 pos=(-72.037,0.001,91.230) thr=0.00 steer=0.00 blocked=false attempts=0 stuck_s=0.00 pitch=-0.00 roll=0.00 normal_y=1.00 contacts=1[VillageTerrain] bounded=true
tick=10380 phase=yielding reason=physical_obstacle wp=5 dist_wp=19.23 bearing_deg=-0.78 speed=0.000 pos=(-72.037,0.001,91.230) thr=0.00 steer=0.00 blocked=false attempts=0 stuck_s=0.00 pitch=-0.00 roll=0.00 normal_y=1.00 contacts=1[VillageTerrain] bounded=true
tick=10410 phase=yielding reason=physical_obstacle wp=5 dist_wp=19.23 bearing_deg=-0.78 speed=0.000 pos=(-72.037,0.001,91.230) thr=0.00 steer=0.00 blocked=false attempts=0 stuck_s=0.00 pitch=-0.00 roll=0.00 normal_y=1.00 contacts=1[VillageTerrain] bounded=true
tick=10440 phase=yielding reason=physical_obstacle wp=5 dist_wp=19.23 bearing_deg=-0.78 speed=0.000 pos=(-72.037,0.001,91.230) thr=0.00 steer=0.00 blocked=false attempts=0 stuck_s=0.00 pitch=-0.00 roll=0.00 normal_y=1.00 contacts=1[VillageTerrain] bounded=true
tick=10470 phase=yielding reason=physical_obstacle wp=5 dist_wp=19.23 bearing_deg=-0.78 speed=0.000 pos=(-72.037,0.001,91.230) thr=0.00 steer=0.00 blocked=false attempts=0 stuck_s=0.00 pitch=-0.00 roll=0.00 normal_y=1.00 contacts=1[VillageTerrain] bounded=true
tick=10500 phase=yielding reason=physical_obstacle wp=5 dist_wp=19.23 bearing_deg=-0.78 speed=0.000 pos=(-72.037,0.001,91.230) thr=0.00 steer=0.00 blocked=false attempts=0 stuck_s=0.00 pitch=-0.00 roll=0.00 normal_y=1.00 contacts=1[VillageTerrain] bounded=true
tick=10530 phase=yielding reason=physical_obstacle wp=5 dist_wp=19.23 bearing_deg=-0.78 speed=0.000 pos=(-72.037,0.001,91.230) thr=0.00 steer=0.00 blocked=false attempts=0 stuck_s=0.00 pitch=-0.00 roll=0.00 normal_y=1.00 contacts=1[VillageTerrain] bounded=true
tick=10560 phase=yielding reason=physical_obstacle wp=5 dist_wp=19.23 bearing_deg=-0.78 speed=0.000 pos=(-72.037,0.001,91.230) thr=0.00 steer=0.00 blocked=false attempts=0 stuck_s=0.00 pitch=-0.00 roll=0.00 normal_y=1.00 contacts=1[VillageTerrain] bounded=true
tick=10590 phase=yielding reason=physical_obstacle wp=5 dist_wp=19.23 bearing_deg=-0.78 speed=0.000 pos=(-72.037,0.001,91.230) thr=0.00 steer=0.00 blocked=false attempts=0 stuck_s=0.00 pitch=-0.00 roll=0.00 normal_y=1.00 contacts=1[VillageTerrain] bounded=true
tick=10620 phase=yielding reason=physical_obstacle wp=5 dist_wp=19.23 bearing_deg=-0.78 speed=0.000 pos=(-72.037,0.001,91.230) thr=0.00 steer=0.00 blocked=false attempts=0 stuck_s=0.00 pitch=-0.00 roll=0.00 normal_y=1.00 contacts=1[VillageTerrain] bounded=true
tick=10650 phase=yielding reason=physical_obstacle wp=5 dist_wp=19.23 bearing_deg=-0.78 speed=0.000 pos=(-72.037,0.001,91.230) thr=0.00 steer=0.00 blocked=false attempts=0 stuck_s=0.00 pitch=-0.00 roll=0.00 normal_y=1.00 contacts=1[VillageTerrain] bounded=true
tick=10680 phase=yielding reason=physical_obstacle wp=5 dist_wp=19.23 bearing_deg=-0.78 speed=0.000 pos=(-72.037,0.001,91.230) thr=0.00 steer=0.00 blocked=false attempts=0 stuck_s=0.00 pitch=-0.00 roll=0.00 normal_y=1.00 contacts=1[VillageTerrain] bounded=true
tick=10710 phase=yielding reason=physical_obstacle wp=5 dist_wp=19.23 bearing_deg=-0.78 speed=0.000 pos=(-72.037,0.001,91.230) thr=0.00 steer=0.00 blocked=false attempts=0 stuck_s=0.00 pitch=-0.00 roll=0.00 normal_y=1.00 contacts=1[VillageTerrain] bounded=true
tick=10740 phase=yielding reason=physical_obstacle wp=5 dist_wp=19.23 bearing_deg=-0.78 speed=0.000 pos=(-72.037,0.001,91.230) thr=0.00 steer=0.00 blocked=false attempts=0 stuck_s=0.00 pitch=-0.00 roll=0.00 normal_y=1.00 contacts=1[VillageTerrain] bounded=true
tick=10770 phase=yielding reason=physical_obstacle wp=5 dist_wp=19.23 bearing_deg=-0.78 speed=0.000 pos=(-72.037,0.001,91.230) thr=0.00 steer=0.00 blocked=false attempts=0 stuck_s=0.00 pitch=-0.00 roll=0.00 normal_y=1.00 contacts=1[VillageTerrain] bounded=true
tick=10800 phase=yielding reason=physical_obstacle wp=5 dist_wp=19.23 bearing_deg=-0.78 speed=0.000 pos=(-72.037,0.001,91.230) thr=0.00 steer=0.00 blocked=false attempts=0 stuck_s=0.00 pitch=-0.00 roll=0.00 normal_y=1.00 contacts=1[VillageTerrain] bounded=true
tick=10830 phase=yielding reason=physical_obstacle wp=5 dist_wp=19.23 bearing_deg=-0.78 speed=0.000 pos=(-72.037,0.001,91.230) thr=0.00 steer=0.00 blocked=false attempts=0 stuck_s=0.00 pitch=-0.00 roll=0.00 normal_y=1.00 contacts=1[VillageTerrain] bounded=true
tick=10860 phase=yielding reason=physical_obstacle wp=5 dist_wp=19.23 bearing_deg=-0.78 speed=0.000 pos=(-72.037,0.001,91.230) thr=0.00 steer=0.00 blocked=false attempts=0 stuck_s=0.00 pitch=-0.00 roll=0.00 normal_y=1.00 contacts=1[VillageTerrain] bounded=true
tick=10890 phase=yielding reason=physical_obstacle wp=5 dist_wp=19.23 bearing_deg=-0.78 speed=0.000 pos=(-72.037,0.001,91.230) thr=0.00 steer=0.00 blocked=false attempts=0 stuck_s=0.00 pitch=-0.00 roll=0.00 normal_y=1.00 contacts=1[VillageTerrain] bounded=true
tick=10920 phase=yielding reason=physical_obstacle wp=5 dist_wp=19.23 bearing_deg=-0.78 speed=0.000 pos=(-72.037,0.001,91.230) thr=0.00 steer=0.00 blocked=false attempts=0 stuck_s=0.00 pitch=-0.00 roll=0.00 normal_y=1.00 contacts=1[VillageTerrain] bounded=true
tick=10950 phase=yielding reason=physical_obstacle wp=5 dist_wp=19.23 bearing_deg=-0.78 speed=0.000 pos=(-72.037,0.001,91.230) thr=0.00 steer=0.00 blocked=false attempts=0 stuck_s=0.00 pitch=-0.00 roll=0.00 normal_y=1.00 contacts=1[VillageTerrain] bounded=true
tick=10980 phase=yielding reason=physical_obstacle wp=5 dist_wp=19.23 bearing_deg=-0.78 speed=0.000 pos=(-72.037,0.001,91.230) thr=0.00 steer=0.00 blocked=false attempts=0 stuck_s=0.00 pitch=-0.00 roll=0.00 normal_y=1.00 contacts=1[VillageTerrain] bounded=true
tick=11010 phase=yielding reason=physical_obstacle wp=5 dist_wp=19.23 bearing_deg=-0.78 speed=0.000 pos=(-72.037,0.001,91.230) thr=0.00 steer=0.00 blocked=false attempts=0 stuck_s=0.00 pitch=-0.00 roll=0.00 normal_y=1.00 contacts=1[VillageTerrain] bounded=true
tick=11040 phase=yielding reason=physical_obstacle wp=5 dist_wp=19.23 bearing_deg=-0.78 speed=0.000 pos=(-72.037,0.001,91.230) thr=0.00 steer=0.00 blocked=false attempts=0 stuck_s=0.00 pitch=-0.00 roll=0.00 normal_y=1.00 contacts=1[VillageTerrain] bounded=true
tick=11070 phase=yielding reason=physical_obstacle wp=5 dist_wp=19.23 bearing_deg=-0.78 speed=0.000 pos=(-72.037,0.001,91.230) thr=0.00 steer=0.00 blocked=false attempts=0 stuck_s=0.00 pitch=-0.00 roll=0.00 normal_y=1.00 contacts=1[VillageTerrain] bounded=true
tick=11100 phase=yielding reason=physical_obstacle wp=5 dist_wp=19.23 bearing_deg=-0.78 speed=0.000 pos=(-72.037,0.001,91.230) thr=0.00 steer=0.00 blocked=false attempts=0 stuck_s=0.00 pitch=-0.00 roll=0.00 normal_y=1.00 contacts=1[VillageTerrain] bounded=true
tick=11130 phase=yielding reason=physical_obstacle wp=5 dist_wp=19.23 bearing_deg=-0.78 speed=0.000 pos=(-72.037,0.001,91.230) thr=0.00 steer=0.00 blocked=false attempts=0 stuck_s=0.00 pitch=-0.00 roll=0.00 normal_y=1.00 contacts=1[VillageTerrain] bounded=true
tick=11160 phase=yielding reason=physical_obstacle wp=5 dist_wp=19.23 bearing_deg=-0.78 speed=0.000 pos=(-72.037,0.001,91.230) thr=0.00 steer=0.00 blocked=false attempts=0 stuck_s=0.00 pitch=-0.00 roll=0.00 normal_y=1.00 contacts=1[VillageTerrain] bounded=true
tick=11190 phase=yielding reason=physical_obstacle wp=5 dist_wp=19.23 bearing_deg=-0.78 speed=0.000 pos=(-72.037,0.001,91.230) thr=0.00 steer=0.00 blocked=false attempts=0 stuck_s=0.00 pitch=-0.00 roll=0.00 normal_y=1.00 contacts=1[VillageTerrain] bounded=true
tick=11220 phase=yielding reason=physical_obstacle wp=5 dist_wp=19.23 bearing_deg=-0.78 speed=0.000 pos=(-72.037,0.001,91.230) thr=0.00 steer=0.00 blocked=false attempts=0 stuck_s=0.00 pitch=-0.00 roll=0.00 normal_y=1.00 contacts=1[VillageTerrain] bounded=true
tick=11250 phase=yielding reason=physical_obstacle wp=5 dist_wp=19.23 bearing_deg=-0.78 speed=0.000 pos=(-72.037,0.001,91.230) thr=0.00 steer=0.00 blocked=false attempts=0 stuck_s=0.00 pitch=-0.00 roll=0.00 normal_y=1.00 contacts=1[VillageTerrain] bounded=true
tick=11280 phase=yielding reason=physical_obstacle wp=5 dist_wp=19.23 bearing_deg=-0.78 speed=0.000 pos=(-72.037,0.001,91.230) thr=0.00 steer=0.00 blocked=false attempts=0 stuck_s=0.00 pitch=-0.00 roll=0.00 normal_y=1.00 contacts=1[VillageTerrain] bounded=true
tick=11310 phase=yielding reason=physical_obstacle wp=5 dist_wp=19.23 bearing_deg=-0.78 speed=0.000 pos=(-72.037,0.001,91.230) thr=0.00 steer=0.00 blocked=false attempts=0 stuck_s=0.00 pitch=-0.00 roll=0.00 normal_y=1.00 contacts=1[VillageTerrain] bounded=true
tick=11340 phase=yielding reason=physical_obstacle wp=5 dist_wp=19.23 bearing_deg=-0.78 speed=0.000 pos=(-72.037,0.001,91.230) thr=0.00 steer=0.00 blocked=false attempts=0 stuck_s=0.00 pitch=-0.00 roll=0.00 normal_y=1.00 contacts=1[VillageTerrain] bounded=true
tick=11370 phase=yielding reason=physical_obstacle wp=5 dist_wp=19.23 bearing_deg=-0.78 speed=0.000 pos=(-72.037,0.001,91.230) thr=0.00 steer=0.00 blocked=false attempts=0 stuck_s=0.00 pitch=-0.00 roll=0.00 normal_y=1.00 contacts=1[VillageTerrain] bounded=true
tick=11400 phase=yielding reason=physical_obstacle wp=5 dist_wp=19.23 bearing_deg=-0.78 speed=0.000 pos=(-72.037,0.001,91.230) thr=0.00 steer=0.00 blocked=false attempts=0 stuck_s=0.00 pitch=-0.00 roll=0.00 normal_y=1.00 contacts=1[VillageTerrain] bounded=true
tick=11430 phase=yielding reason=physical_obstacle wp=5 dist_wp=19.23 bearing_deg=-0.78 speed=0.000 pos=(-72.037,0.001,91.230) thr=0.00 steer=0.00 blocked=false attempts=0 stuck_s=0.00 pitch=-0.00 roll=0.00 normal_y=1.00 contacts=1[VillageTerrain] bounded=true
tick=11460 phase=yielding reason=physical_obstacle wp=5 dist_wp=19.23 bearing_deg=-0.78 speed=0.000 pos=(-72.037,0.001,91.230) thr=0.00 steer=0.00 blocked=false attempts=0 stuck_s=0.00 pitch=-0.00 roll=0.00 normal_y=1.00 contacts=1[VillageTerrain] bounded=true
tick=11490 phase=yielding reason=physical_obstacle wp=5 dist_wp=19.23 bearing_deg=-0.78 speed=0.000 pos=(-72.037,0.001,91.230) thr=0.00 steer=0.00 blocked=false attempts=0 stuck_s=0.00 pitch=-0.00 roll=0.00 normal_y=1.00 contacts=1[VillageTerrain] bounded=true
tick=11520 phase=yielding reason=physical_obstacle wp=5 dist_wp=19.23 bearing_deg=-0.78 speed=0.000 pos=(-72.037,0.001,91.230) thr=0.00 steer=0.00 blocked=false attempts=0 stuck_s=0.00 pitch=-0.00 roll=0.00 normal_y=1.00 contacts=1[VillageTerrain] bounded=true
tick=11550 phase=yielding reason=physical_obstacle wp=5 dist_wp=19.23 bearing_deg=-0.78 speed=0.000 pos=(-72.037,0.001,91.230) thr=0.00 steer=0.00 blocked=false attempts=0 stuck_s=0.00 pitch=-0.00 roll=0.00 normal_y=1.00 contacts=1[VillageTerrain] bounded=true
tick=11580 phase=yielding reason=physical_obstacle wp=5 dist_wp=19.23 bearing_deg=-0.78 speed=0.000 pos=(-72.037,0.001,91.230) thr=0.00 steer=0.00 blocked=false attempts=0 stuck_s=0.00 pitch=-0.00 roll=0.00 normal_y=1.00 contacts=1[VillageTerrain] bounded=true
tick=11610 phase=yielding reason=physical_obstacle wp=5 dist_wp=19.23 bearing_deg=-0.78 speed=0.000 pos=(-72.037,0.001,91.230) thr=0.00 steer=0.00 blocked=false attempts=0 stuck_s=0.00 pitch=-0.00 roll=0.00 normal_y=1.00 contacts=1[VillageTerrain] bounded=true
tick=11640 phase=yielding reason=physical_obstacle wp=5 dist_wp=19.23 bearing_deg=-0.78 speed=0.000 pos=(-72.037,0.001,91.230) thr=0.00 steer=0.00 blocked=false attempts=0 stuck_s=0.00 pitch=-0.00 roll=0.00 normal_y=1.00 contacts=1[VillageTerrain] bounded=true
tick=11670 phase=yielding reason=physical_obstacle wp=5 dist_wp=19.23 bearing_deg=-0.78 speed=0.000 pos=(-72.037,0.001,91.230) thr=0.00 steer=0.00 blocked=false attempts=0 stuck_s=0.00 pitch=-0.00 roll=0.00 normal_y=1.00 contacts=1[VillageTerrain] bounded=true
tick=11700 phase=yielding reason=physical_obstacle wp=5 dist_wp=19.23 bearing_deg=-0.78 speed=0.000 pos=(-72.037,0.001,91.230) thr=0.00 steer=0.00 blocked=false attempts=0 stuck_s=0.00 pitch=-0.00 roll=0.00 normal_y=1.00 contacts=1[VillageTerrain] bounded=true
tick=11730 phase=yielding reason=physical_obstacle wp=5 dist_wp=19.23 bearing_deg=-0.78 speed=0.000 pos=(-72.037,0.001,91.230) thr=0.00 steer=0.00 blocked=false attempts=0 stuck_s=0.00 pitch=-0.00 roll=0.00 normal_y=1.00 contacts=1[VillageTerrain] bounded=true
tick=11760 phase=yielding reason=physical_obstacle wp=5 dist_wp=19.23 bearing_deg=-0.78 speed=0.000 pos=(-72.037,0.001,91.230) thr=0.00 steer=0.00 blocked=false attempts=0 stuck_s=0.00 pitch=-0.00 roll=0.00 normal_y=1.00 contacts=1[VillageTerrain] bounded=true
tick=11790 phase=yielding reason=physical_obstacle wp=5 dist_wp=19.23 bearing_deg=-0.78 speed=0.000 pos=(-72.037,0.001,91.230) thr=0.00 steer=0.00 blocked=false attempts=0 stuck_s=0.00 pitch=-0.00 roll=0.00 normal_y=1.00 contacts=1[VillageTerrain] bounded=true
tick=11820 phase=yielding reason=physical_obstacle wp=5 dist_wp=19.23 bearing_deg=-0.78 speed=0.000 pos=(-72.037,0.001,91.230) thr=0.00 steer=0.00 blocked=false attempts=0 stuck_s=0.00 pitch=-0.00 roll=0.00 normal_y=1.00 contacts=1[VillageTerrain] bounded=true
tick=11850 phase=yielding reason=physical_obstacle wp=5 dist_wp=19.23 bearing_deg=-0.78 speed=0.000 pos=(-72.037,0.001,91.230) thr=0.00 steer=0.00 blocked=false attempts=0 stuck_s=0.00 pitch=-0.00 roll=0.00 normal_y=1.00 contacts=1[VillageTerrain] bounded=true
tick=11880 phase=yielding reason=physical_obstacle wp=5 dist_wp=19.23 bearing_deg=-0.78 speed=0.000 pos=(-72.037,0.001,91.230) thr=0.00 steer=0.00 blocked=false attempts=0 stuck_s=0.00 pitch=-0.00 roll=0.00 normal_y=1.00 contacts=1[VillageTerrain] bounded=true
tick=11910 phase=yielding reason=physical_obstacle wp=5 dist_wp=19.23 bearing_deg=-0.78 speed=0.000 pos=(-72.037,0.001,91.230) thr=0.00 steer=0.00 blocked=false attempts=0 stuck_s=0.00 pitch=-0.00 roll=0.00 normal_y=1.00 contacts=1[VillageTerrain] bounded=true
tick=11940 phase=yielding reason=physical_obstacle wp=5 dist_wp=19.23 bearing_deg=-0.78 speed=0.000 pos=(-72.037,0.001,91.230) thr=0.00 steer=0.00 blocked=false attempts=0 stuck_s=0.00 pitch=-0.00 roll=0.00 normal_y=1.00 contacts=1[VillageTerrain] bounded=true
tick=11970 phase=yielding reason=physical_obstacle wp=5 dist_wp=19.23 bearing_deg=-0.78 speed=0.000 pos=(-72.037,0.001,91.230) thr=0.00 steer=0.00 blocked=false attempts=0 stuck_s=0.00 pitch=-0.00 roll=0.00 normal_y=1.00 contacts=1[VillageTerrain] bounded=true
tick=12000 phase=yielding reason=physical_obstacle wp=5 dist_wp=19.23 bearing_deg=-0.78 speed=0.000 pos=(-72.037,0.001,91.230) thr=0.00 steer=0.00 blocked=false attempts=0 stuck_s=0.00 pitch=-0.00 roll=0.00 normal_y=1.00 contacts=1[VillageTerrain] bounded=true
tick=12030 phase=yielding reason=physical_obstacle wp=5 dist_wp=19.23 bearing_deg=-0.78 speed=0.000 pos=(-72.037,0.001,91.230) thr=0.00 steer=0.00 blocked=false attempts=0 stuck_s=0.00 pitch=-0.00 roll=0.00 normal_y=1.00 contacts=1[VillageTerrain] bounded=true
tick=12060 phase=yielding reason=physical_obstacle wp=5 dist_wp=19.23 bearing_deg=-0.78 speed=0.000 pos=(-72.037,0.001,91.230) thr=0.00 steer=0.00 blocked=false attempts=0 stuck_s=0.00 pitch=-0.00 roll=0.00 normal_y=1.00 contacts=1[VillageTerrain] bounded=true
tick=12090 phase=yielding reason=physical_obstacle wp=5 dist_wp=19.23 bearing_deg=-0.78 speed=0.000 pos=(-72.037,0.001,91.230) thr=0.00 steer=0.00 blocked=false attempts=0 stuck_s=0.00 pitch=-0.00 roll=0.00 normal_y=1.00 contacts=1[VillageTerrain] bounded=true
tick=12120 phase=yielding reason=physical_obstacle wp=5 dist_wp=19.23 bearing_deg=-0.78 speed=0.000 pos=(-72.037,0.001,91.230) thr=0.00 steer=0.00 blocked=false attempts=0 stuck_s=0.00 pitch=-0.00 roll=0.00 normal_y=1.00 contacts=1[VillageTerrain] bounded=true
tick=12150 phase=yielding reason=physical_obstacle wp=5 dist_wp=19.23 bearing_deg=-0.78 speed=0.000 pos=(-72.037,0.001,91.230) thr=0.00 steer=0.00 blocked=false attempts=0 stuck_s=0.00 pitch=-0.00 roll=0.00 normal_y=1.00 contacts=1[VillageTerrain] bounded=true
tick=12180 phase=yielding reason=physical_obstacle wp=5 dist_wp=19.23 bearing_deg=-0.78 speed=0.000 pos=(-72.037,0.001,91.230) thr=0.00 steer=0.00 blocked=false attempts=0 stuck_s=0.00 pitch=-0.00 roll=0.00 normal_y=1.00 contacts=1[VillageTerrain] bounded=true
tick=12210 phase=yielding reason=physical_obstacle wp=5 dist_wp=19.23 bearing_deg=-0.78 speed=0.000 pos=(-72.037,0.001,91.230) thr=0.00 steer=0.00 blocked=false attempts=0 stuck_s=0.00 pitch=-0.00 roll=0.00 normal_y=1.00 contacts=1[VillageTerrain] bounded=true
tick=12240 phase=yielding reason=physical_obstacle wp=5 dist_wp=19.23 bearing_deg=-0.78 speed=0.000 pos=(-72.037,0.001,91.230) thr=0.00 steer=0.00 blocked=false attempts=0 stuck_s=0.00 pitch=-0.00 roll=0.00 normal_y=1.00 contacts=1[VillageTerrain] bounded=true
tick=12270 phase=yielding reason=physical_obstacle wp=5 dist_wp=19.23 bearing_deg=-0.78 speed=0.000 pos=(-72.037,0.001,91.230) thr=0.00 steer=0.00 blocked=false attempts=0 stuck_s=0.00 pitch=-0.00 roll=0.00 normal_y=1.00 contacts=1[VillageTerrain] bounded=true
tick=12300 phase=yielding reason=physical_obstacle wp=5 dist_wp=19.23 bearing_deg=-0.78 speed=0.000 pos=(-72.037,0.001,91.230) thr=0.00 steer=0.00 blocked=false attempts=0 stuck_s=0.00 pitch=-0.00 roll=0.00 normal_y=1.00 contacts=1[VillageTerrain] bounded=true
tick=12330 phase=yielding reason=physical_obstacle wp=5 dist_wp=19.23 bearing_deg=-0.78 speed=0.000 pos=(-72.037,0.001,91.230) thr=0.00 steer=0.00 blocked=false attempts=0 stuck_s=0.00 pitch=-0.00 roll=0.00 normal_y=1.00 contacts=1[VillageTerrain] bounded=true
tick=12360 phase=yielding reason=physical_obstacle wp=5 dist_wp=19.23 bearing_deg=-0.78 speed=0.000 pos=(-72.037,0.001,91.230) thr=0.00 steer=0.00 blocked=false attempts=0 stuck_s=0.00 pitch=-0.00 roll=0.00 normal_y=1.00 contacts=1[VillageTerrain] bounded=true
tick=12390 phase=yielding reason=physical_obstacle wp=5 dist_wp=19.23 bearing_deg=-0.78 speed=0.000 pos=(-72.037,0.001,91.230) thr=0.00 steer=0.00 blocked=false attempts=0 stuck_s=0.00 pitch=-0.00 roll=0.00 normal_y=1.00 contacts=1[VillageTerrain] bounded=true
tick=12420 phase=yielding reason=physical_obstacle wp=5 dist_wp=19.23 bearing_deg=-0.78 speed=0.000 pos=(-72.037,0.001,91.230) thr=0.00 steer=0.00 blocked=false attempts=0 stuck_s=0.00 pitch=-0.00 roll=0.00 normal_y=1.00 contacts=1[VillageTerrain] bounded=true
tick=12450 phase=yielding reason=physical_obstacle wp=5 dist_wp=19.23 bearing_deg=-0.78 speed=0.000 pos=(-72.037,0.001,91.230) thr=0.00 steer=0.00 blocked=false attempts=0 stuck_s=0.00 pitch=-0.00 roll=0.00 normal_y=1.00 contacts=1[VillageTerrain] bounded=true
tick=12480 phase=yielding reason=physical_obstacle wp=5 dist_wp=19.23 bearing_deg=-0.78 speed=0.000 pos=(-72.037,0.001,91.230) thr=0.00 steer=0.00 blocked=false attempts=0 stuck_s=0.00 pitch=-0.00 roll=0.00 normal_y=1.00 contacts=1[VillageTerrain] bounded=true
tick=12510 phase=yielding reason=physical_obstacle wp=5 dist_wp=19.23 bearing_deg=-0.78 speed=0.000 pos=(-72.037,0.001,91.230) thr=0.00 steer=0.00 blocked=false attempts=0 stuck_s=0.00 pitch=-0.00 roll=0.00 normal_y=1.00 contacts=1[VillageTerrain] bounded=true
tick=12540 phase=yielding reason=physical_obstacle wp=5 dist_wp=19.23 bearing_deg=-0.78 speed=0.000 pos=(-72.037,0.001,91.230) thr=0.00 steer=0.00 blocked=false attempts=0 stuck_s=0.00 pitch=-0.00 roll=0.00 normal_y=1.00 contacts=1[VillageTerrain] bounded=true
tick=12570 phase=yielding reason=physical_obstacle wp=5 dist_wp=19.23 bearing_deg=-0.78 speed=0.000 pos=(-72.037,0.001,91.230) thr=0.00 steer=0.00 blocked=false attempts=0 stuck_s=0.00 pitch=-0.00 roll=0.00 normal_y=1.00 contacts=1[VillageTerrain] bounded=true
tick=12600 phase=yielding reason=physical_obstacle wp=5 dist_wp=19.23 bearing_deg=-0.78 speed=0.000 pos=(-72.037,0.001,91.230) thr=0.00 steer=0.00 blocked=false attempts=0 stuck_s=0.00 pitch=-0.00 roll=0.00 normal_y=1.00 contacts=1[VillageTerrain] bounded=true
tick=12630 phase=yielding reason=physical_obstacle wp=5 dist_wp=19.23 bearing_deg=-0.78 speed=0.000 pos=(-72.037,0.001,91.230) thr=0.00 steer=0.00 blocked=false attempts=0 stuck_s=0.00 pitch=-0.00 roll=0.00 normal_y=1.00 contacts=1[VillageTerrain] bounded=true
tick=12660 phase=yielding reason=physical_obstacle wp=5 dist_wp=19.23 bearing_deg=-0.78 speed=0.000 pos=(-72.037,0.001,91.230) thr=0.00 steer=0.00 blocked=false attempts=0 stuck_s=0.00 pitch=-0.00 roll=0.00 normal_y=1.00 contacts=1[VillageTerrain] bounded=true
tick=12690 phase=yielding reason=physical_obstacle wp=5 dist_wp=19.23 bearing_deg=-0.78 speed=0.000 pos=(-72.037,0.001,91.230) thr=0.00 steer=0.00 blocked=false attempts=0 stuck_s=0.00 pitch=-0.00 roll=0.00 normal_y=1.00 contacts=1[VillageTerrain] bounded=true
tick=12720 phase=yielding reason=physical_obstacle wp=5 dist_wp=19.23 bearing_deg=-0.78 speed=0.000 pos=(-72.037,0.001,91.230) thr=0.00 steer=0.00 blocked=false attempts=0 stuck_s=0.00 pitch=-0.00 roll=0.00 normal_y=1.00 contacts=1[VillageTerrain] bounded=true
tick=12750 phase=yielding reason=physical_obstacle wp=5 dist_wp=19.23 bearing_deg=-0.78 speed=0.000 pos=(-72.037,0.001,91.230) thr=0.00 steer=0.00 blocked=false attempts=0 stuck_s=0.00 pitch=-0.00 roll=0.00 normal_y=1.00 contacts=1[VillageTerrain] bounded=true
tick=12780 phase=yielding reason=physical_obstacle wp=5 dist_wp=19.23 bearing_deg=-0.78 speed=0.000 pos=(-72.037,0.001,91.230) thr=0.00 steer=0.00 blocked=false attempts=0 stuck_s=0.00 pitch=-0.00 roll=0.00 normal_y=1.00 contacts=1[VillageTerrain] bounded=true
tick=12810 phase=yielding reason=physical_obstacle wp=5 dist_wp=19.23 bearing_deg=-0.78 speed=0.000 pos=(-72.037,0.001,91.230) thr=0.00 steer=0.00 blocked=false attempts=0 stuck_s=0.00 pitch=-0.00 roll=0.00 normal_y=1.00 contacts=1[VillageTerrain] bounded=true
tick=12840 phase=yielding reason=physical_obstacle wp=5 dist_wp=19.23 bearing_deg=-0.78 speed=0.000 pos=(-72.037,0.001,91.230) thr=0.00 steer=0.00 blocked=false attempts=0 stuck_s=0.00 pitch=-0.00 roll=0.00 normal_y=1.00 contacts=1[VillageTerrain] bounded=true
tick=12870 phase=yielding reason=physical_obstacle wp=5 dist_wp=19.23 bearing_deg=-0.78 speed=0.000 pos=(-72.037,0.001,91.230) thr=0.00 steer=0.00 blocked=false attempts=0 stuck_s=0.00 pitch=-0.00 roll=0.00 normal_y=1.00 contacts=1[VillageTerrain] bounded=true
tick=12900 phase=yielding reason=physical_obstacle wp=5 dist_wp=19.23 bearing_deg=-0.78 speed=0.000 pos=(-72.037,0.001,91.230) thr=0.00 steer=0.00 blocked=false attempts=0 stuck_s=0.00 pitch=-0.00 roll=0.00 normal_y=1.00 contacts=1[VillageTerrain] bounded=true
tick=12930 phase=yielding reason=physical_obstacle wp=5 dist_wp=19.23 bearing_deg=-0.78 speed=0.000 pos=(-72.037,0.001,91.230) thr=0.00 steer=0.00 blocked=false attempts=0 stuck_s=0.00 pitch=-0.00 roll=0.00 normal_y=1.00 contacts=1[VillageTerrain] bounded=true
tick=12960 phase=yielding reason=physical_obstacle wp=5 dist_wp=19.23 bearing_deg=-0.78 speed=0.000 pos=(-72.037,0.001,91.230) thr=0.00 steer=0.00 blocked=false attempts=0 stuck_s=0.00 pitch=-0.00 roll=0.00 normal_y=1.00 contacts=1[VillageTerrain] bounded=true
tick=12990 phase=yielding reason=physical_obstacle wp=5 dist_wp=19.23 bearing_deg=-0.78 speed=0.000 pos=(-72.037,0.001,91.230) thr=0.00 steer=0.00 blocked=false attempts=0 stuck_s=0.00 pitch=-0.00 roll=0.00 normal_y=1.00 contacts=1[VillageTerrain] bounded=true
tick=13020 phase=yielding reason=physical_obstacle wp=5 dist_wp=19.23 bearing_deg=-0.78 speed=0.000 pos=(-72.037,0.001,91.230) thr=0.00 steer=0.00 blocked=false attempts=0 stuck_s=0.00 pitch=-0.00 roll=0.00 normal_y=1.00 contacts=1[VillageTerrain] bounded=true
tick=13050 phase=yielding reason=physical_obstacle wp=5 dist_wp=19.23 bearing_deg=-0.78 speed=0.000 pos=(-72.037,0.001,91.230) thr=0.00 steer=0.00 blocked=false attempts=0 stuck_s=0.00 pitch=-0.00 roll=0.00 normal_y=1.00 contacts=1[VillageTerrain] bounded=true
tick=13080 phase=yielding reason=physical_obstacle wp=5 dist_wp=19.23 bearing_deg=-0.78 speed=0.000 pos=(-72.037,0.001,91.230) thr=0.00 steer=0.00 blocked=false attempts=0 stuck_s=0.00 pitch=-0.00 roll=0.00 normal_y=1.00 contacts=1[VillageTerrain] bounded=true
tick=13110 phase=yielding reason=physical_obstacle wp=5 dist_wp=19.23 bearing_deg=-0.78 speed=0.000 pos=(-72.037,0.001,91.230) thr=0.00 steer=0.00 blocked=false attempts=0 stuck_s=0.00 pitch=-0.00 roll=0.00 normal_y=1.00 contacts=1[VillageTerrain] bounded=true
tick=13140 phase=yielding reason=physical_obstacle wp=5 dist_wp=19.23 bearing_deg=-0.78 speed=0.000 pos=(-72.037,0.001,91.230) thr=0.00 steer=0.00 blocked=false attempts=0 stuck_s=0.00 pitch=-0.00 roll=0.00 normal_y=1.00 contacts=1[VillageTerrain] bounded=true
tick=13170 phase=yielding reason=physical_obstacle wp=5 dist_wp=19.23 bearing_deg=-0.78 speed=0.000 pos=(-72.037,0.001,91.230) thr=0.00 steer=0.00 blocked=false attempts=0 stuck_s=0.00 pitch=-0.00 roll=0.00 normal_y=1.00 contacts=1[VillageTerrain] bounded=true
tick=13200 phase=yielding reason=physical_obstacle wp=5 dist_wp=19.23 bearing_deg=-0.78 speed=0.000 pos=(-72.037,0.001,91.230) thr=0.00 steer=0.00 blocked=false attempts=0 stuck_s=0.00 pitch=-0.00 roll=0.00 normal_y=1.00 contacts=1[VillageTerrain] bounded=true
tick=13230 phase=yielding reason=physical_obstacle wp=5 dist_wp=19.23 bearing_deg=-0.78 speed=0.000 pos=(-72.037,0.001,91.230) thr=0.00 steer=0.00 blocked=false attempts=0 stuck_s=0.00 pitch=-0.00 roll=0.00 normal_y=1.00 contacts=1[VillageTerrain] bounded=true
tick=13260 phase=yielding reason=physical_obstacle wp=5 dist_wp=19.23 bearing_deg=-0.78 speed=0.000 pos=(-72.037,0.001,91.230) thr=0.00 steer=0.00 blocked=false attempts=0 stuck_s=0.00 pitch=-0.00 roll=0.00 normal_y=1.00 contacts=1[VillageTerrain] bounded=true
tick=13290 phase=yielding reason=physical_obstacle wp=5 dist_wp=19.23 bearing_deg=-0.78 speed=0.000 pos=(-72.037,0.001,91.230) thr=0.00 steer=0.00 blocked=false attempts=0 stuck_s=0.00 pitch=-0.00 roll=0.00 normal_y=1.00 contacts=1[VillageTerrain] bounded=true
tick=13320 phase=yielding reason=physical_obstacle wp=5 dist_wp=19.23 bearing_deg=-0.78 speed=0.000 pos=(-72.037,0.001,91.230) thr=0.00 steer=0.00 blocked=false attempts=0 stuck_s=0.00 pitch=-0.00 roll=0.00 normal_y=1.00 contacts=1[VillageTerrain] bounded=true
tick=13350 phase=yielding reason=physical_obstacle wp=5 dist_wp=19.23 bearing_deg=-0.78 speed=0.000 pos=(-72.037,0.001,91.230) thr=0.00 steer=0.00 blocked=false attempts=0 stuck_s=0.00 pitch=-0.00 roll=0.00 normal_y=1.00 contacts=1[VillageTerrain] bounded=true
tick=13380 phase=yielding reason=physical_obstacle wp=5 dist_wp=19.23 bearing_deg=-0.78 speed=0.000 pos=(-72.037,0.001,91.230) thr=0.00 steer=0.00 blocked=false attempts=0 stuck_s=0.00 pitch=-0.00 roll=0.00 normal_y=1.00 contacts=1[VillageTerrain] bounded=true
tick=13410 phase=yielding reason=physical_obstacle wp=5 dist_wp=19.23 bearing_deg=-0.78 speed=0.000 pos=(-72.037,0.001,91.230) thr=0.00 steer=0.00 blocked=false attempts=0 stuck_s=0.00 pitch=-0.00 roll=0.00 normal_y=1.00 contacts=1[VillageTerrain] bounded=true
tick=13440 phase=yielding reason=physical_obstacle wp=5 dist_wp=19.23 bearing_deg=-0.78 speed=0.000 pos=(-72.037,0.001,91.230) thr=0.00 steer=0.00 blocked=false attempts=0 stuck_s=0.00 pitch=-0.00 roll=0.00 normal_y=1.00 contacts=1[VillageTerrain] bounded=true
tick=13470 phase=yielding reason=physical_obstacle wp=5 dist_wp=19.23 bearing_deg=-0.78 speed=0.000 pos=(-72.037,0.001,91.230) thr=0.00 steer=0.00 blocked=false attempts=0 stuck_s=0.00 pitch=-0.00 roll=0.00 normal_y=1.00 contacts=1[VillageTerrain] bounded=true
tick=13500 phase=yielding reason=physical_obstacle wp=5 dist_wp=19.23 bearing_deg=-0.78 speed=0.000 pos=(-72.037,0.001,91.230) thr=0.00 steer=0.00 blocked=false attempts=0 stuck_s=0.00 pitch=-0.00 roll=0.00 normal_y=1.00 contacts=1[VillageTerrain] bounded=true
tick=13530 phase=yielding reason=physical_obstacle wp=5 dist_wp=19.23 bearing_deg=-0.78 speed=0.000 pos=(-72.037,0.001,91.230) thr=0.00 steer=0.00 blocked=false attempts=0 stuck_s=0.00 pitch=-0.00 roll=0.00 normal_y=1.00 contacts=1[VillageTerrain] bounded=true
tick=13560 phase=yielding reason=physical_obstacle wp=5 dist_wp=19.23 bearing_deg=-0.78 speed=0.000 pos=(-72.037,0.001,91.230) thr=0.00 steer=0.00 blocked=false attempts=0 stuck_s=0.00 pitch=-0.00 roll=0.00 normal_y=1.00 contacts=1[VillageTerrain] bounded=true
tick=13590 phase=yielding reason=physical_obstacle wp=5 dist_wp=19.23 bearing_deg=-0.78 speed=0.000 pos=(-72.037,0.001,91.230) thr=0.00 steer=0.00 blocked=false attempts=0 stuck_s=0.00 pitch=-0.00 roll=0.00 normal_y=1.00 contacts=1[VillageTerrain] bounded=true
tick=13620 phase=yielding reason=physical_obstacle wp=5 dist_wp=19.23 bearing_deg=-0.78 speed=0.000 pos=(-72.037,0.001,91.230) thr=0.00 steer=0.00 blocked=false attempts=0 stuck_s=0.00 pitch=-0.00 roll=0.00 normal_y=1.00 contacts=1[VillageTerrain] bounded=true
tick=13650 phase=yielding reason=physical_obstacle wp=5 dist_wp=19.23 bearing_deg=-0.78 speed=0.000 pos=(-72.037,0.001,91.230) thr=0.00 steer=0.00 blocked=false attempts=0 stuck_s=0.00 pitch=-0.00 roll=0.00 normal_y=1.00 contacts=1[VillageTerrain] bounded=true
tick=13680 phase=yielding reason=physical_obstacle wp=5 dist_wp=19.23 bearing_deg=-0.78 speed=0.000 pos=(-72.037,0.001,91.230) thr=0.00 steer=0.00 blocked=false attempts=0 stuck_s=0.00 pitch=-0.00 roll=0.00 normal_y=1.00 contacts=1[VillageTerrain] bounded=true
tick=13710 phase=yielding reason=physical_obstacle wp=5 dist_wp=19.23 bearing_deg=-0.78 speed=0.000 pos=(-72.037,0.001,91.230) thr=0.00 steer=0.00 blocked=false attempts=0 stuck_s=0.00 pitch=-0.00 roll=0.00 normal_y=1.00 contacts=1[VillageTerrain] bounded=true
tick=13740 phase=yielding reason=physical_obstacle wp=5 dist_wp=19.23 bearing_deg=-0.78 speed=0.000 pos=(-72.037,0.001,91.230) thr=0.00 steer=0.00 blocked=false attempts=0 stuck_s=0.00 pitch=-0.00 roll=0.00 normal_y=1.00 contacts=1[VillageTerrain] bounded=true
tick=13770 phase=yielding reason=physical_obstacle wp=5 dist_wp=19.23 bearing_deg=-0.78 speed=0.000 pos=(-72.037,0.001,91.230) thr=0.00 steer=0.00 blocked=false attempts=0 stuck_s=0.00 pitch=-0.00 roll=0.00 normal_y=1.00 contacts=1[VillageTerrain] bounded=true
tick=13800 phase=yielding reason=physical_obstacle wp=5 dist_wp=19.23 bearing_deg=-0.78 speed=0.000 pos=(-72.037,0.001,91.230) thr=0.00 steer=0.00 blocked=false attempts=0 stuck_s=0.00 pitch=-0.00 roll=0.00 normal_y=1.00 contacts=1[VillageTerrain] bounded=true
tick=13830 phase=yielding reason=physical_obstacle wp=5 dist_wp=19.23 bearing_deg=-0.78 speed=0.000 pos=(-72.037,0.001,91.230) thr=0.00 steer=0.00 blocked=false attempts=0 stuck_s=0.00 pitch=-0.00 roll=0.00 normal_y=1.00 contacts=1[VillageTerrain] bounded=true
tick=13860 phase=yielding reason=physical_obstacle wp=5 dist_wp=19.23 bearing_deg=-0.78 speed=0.000 pos=(-72.037,0.001,91.230) thr=0.00 steer=0.00 blocked=false attempts=0 stuck_s=0.00 pitch=-0.00 roll=0.00 normal_y=1.00 contacts=1[VillageTerrain] bounded=true
tick=13890 phase=yielding reason=physical_obstacle wp=5 dist_wp=19.23 bearing_deg=-0.78 speed=0.000 pos=(-72.037,0.001,91.230) thr=0.00 steer=0.00 blocked=false attempts=0 stuck_s=0.00 pitch=-0.00 roll=0.00 normal_y=1.00 contacts=1[VillageTerrain] bounded=true
tick=13920 phase=yielding reason=physical_obstacle wp=5 dist_wp=19.23 bearing_deg=-0.78 speed=0.000 pos=(-72.037,0.001,91.230) thr=0.00 steer=0.00 blocked=false attempts=0 stuck_s=0.00 pitch=-0.00 roll=0.00 normal_y=1.00 contacts=1[VillageTerrain] bounded=true
tick=13950 phase=yielding reason=physical_obstacle wp=5 dist_wp=19.23 bearing_deg=-0.78 speed=0.000 pos=(-72.037,0.001,91.230) thr=0.00 steer=0.00 blocked=false attempts=0 stuck_s=0.00 pitch=-0.00 roll=0.00 normal_y=1.00 contacts=1[VillageTerrain] bounded=true
tick=13980 phase=yielding reason=physical_obstacle wp=5 dist_wp=19.23 bearing_deg=-0.78 speed=0.000 pos=(-72.037,0.001,91.230) thr=0.00 steer=0.00 blocked=false attempts=0 stuck_s=0.00 pitch=-0.00 roll=0.00 normal_y=1.00 contacts=1[VillageTerrain] bounded=true
tick=14010 phase=yielding reason=physical_obstacle wp=5 dist_wp=19.23 bearing_deg=-0.78 speed=0.000 pos=(-72.037,0.001,91.230) thr=0.00 steer=0.00 blocked=false attempts=0 stuck_s=0.00 pitch=-0.00 roll=0.00 normal_y=1.00 contacts=1[VillageTerrain] bounded=true
tick=14040 phase=yielding reason=physical_obstacle wp=5 dist_wp=19.23 bearing_deg=-0.78 speed=0.000 pos=(-72.037,0.001,91.230) thr=0.00 steer=0.00 blocked=false attempts=0 stuck_s=0.00 pitch=-0.00 roll=0.00 normal_y=1.00 contacts=1[VillageTerrain] bounded=true
tick=14070 phase=yielding reason=physical_obstacle wp=5 dist_wp=19.23 bearing_deg=-0.78 speed=0.000 pos=(-72.037,0.001,91.230) thr=0.00 steer=0.00 blocked=false attempts=0 stuck_s=0.00 pitch=-0.00 roll=0.00 normal_y=1.00 contacts=1[VillageTerrain] bounded=true
tick=14100 phase=yielding reason=physical_obstacle wp=5 dist_wp=19.23 bearing_deg=-0.78 speed=0.000 pos=(-72.037,0.001,91.230) thr=0.00 steer=0.00 blocked=false attempts=0 stuck_s=0.00 pitch=-0.00 roll=0.00 normal_y=1.00 contacts=1[VillageTerrain] bounded=true
tick=14130 phase=yielding reason=physical_obstacle wp=5 dist_wp=19.23 bearing_deg=-0.78 speed=0.000 pos=(-72.037,0.001,91.230) thr=0.00 steer=0.00 blocked=false attempts=0 stuck_s=0.00 pitch=-0.00 roll=0.00 normal_y=1.00 contacts=1[VillageTerrain] bounded=true
tick=14160 phase=yielding reason=physical_obstacle wp=5 dist_wp=19.23 bearing_deg=-0.78 speed=0.000 pos=(-72.037,0.001,91.230) thr=0.00 steer=0.00 blocked=false attempts=0 stuck_s=0.00 pitch=-0.00 roll=0.00 normal_y=1.00 contacts=1[VillageTerrain] bounded=true
tick=14190 phase=yielding reason=physical_obstacle wp=5 dist_wp=19.23 bearing_deg=-0.78 speed=0.000 pos=(-72.037,0.001,91.230) thr=0.00 steer=0.00 blocked=false attempts=0 stuck_s=0.00 pitch=-0.00 roll=0.00 normal_y=1.00 contacts=1[VillageTerrain] bounded=true
tick=14220 phase=yielding reason=physical_obstacle wp=5 dist_wp=19.23 bearing_deg=-0.78 speed=0.000 pos=(-72.037,0.001,91.230) thr=0.00 steer=0.00 blocked=false attempts=0 stuck_s=0.00 pitch=-0.00 roll=0.00 normal_y=1.00 contacts=1[VillageTerrain] bounded=true
tick=14250 phase=yielding reason=physical_obstacle wp=5 dist_wp=19.23 bearing_deg=-0.78 speed=0.000 pos=(-72.037,0.001,91.230) thr=0.00 steer=0.00 blocked=false attempts=0 stuck_s=0.00 pitch=-0.00 roll=0.00 normal_y=1.00 contacts=1[VillageTerrain] bounded=true
tick=14280 phase=yielding reason=physical_obstacle wp=5 dist_wp=19.23 bearing_deg=-0.78 speed=0.000 pos=(-72.037,0.001,91.230) thr=0.00 steer=0.00 blocked=false attempts=0 stuck_s=0.00 pitch=-0.00 roll=0.00 normal_y=1.00 contacts=1[VillageTerrain] bounded=true
tick=14310 phase=yielding reason=physical_obstacle wp=5 dist_wp=19.23 bearing_deg=-0.78 speed=0.000 pos=(-72.037,0.001,91.230) thr=0.00 steer=0.00 blocked=false attempts=0 stuck_s=0.00 pitch=-0.00 roll=0.00 normal_y=1.00 contacts=1[VillageTerrain] bounded=true
tick=14340 phase=yielding reason=physical_obstacle wp=5 dist_wp=19.23 bearing_deg=-0.78 speed=0.000 pos=(-72.037,0.001,91.230) thr=0.00 steer=0.00 blocked=false attempts=0 stuck_s=0.00 pitch=-0.00 roll=0.00 normal_y=1.00 contacts=1[VillageTerrain] bounded=true
tick=14370 phase=yielding reason=physical_obstacle wp=5 dist_wp=19.23 bearing_deg=-0.78 speed=0.000 pos=(-72.037,0.001,91.230) thr=0.00 steer=0.00 blocked=false attempts=0 stuck_s=0.00 pitch=-0.00 roll=0.00 normal_y=1.00 contacts=1[VillageTerrain] bounded=true
tick=14400 phase=yielding reason=physical_obstacle wp=5 dist_wp=19.23 bearing_deg=-0.78 speed=0.000 pos=(-72.037,0.001,91.230) thr=0.00 steer=0.00 blocked=false attempts=0 stuck_s=0.00 pitch=-0.00 roll=0.00 normal_y=1.00 contacts=1[VillageTerrain] bounded=true
tick=14430 phase=yielding reason=physical_obstacle wp=5 dist_wp=19.23 bearing_deg=-0.78 speed=0.000 pos=(-72.037,0.001,91.230) thr=0.00 steer=0.00 blocked=false attempts=0 stuck_s=0.00 pitch=-0.00 roll=0.00 normal_y=1.00 contacts=1[VillageTerrain] bounded=true
tick=14460 phase=yielding reason=physical_obstacle wp=5 dist_wp=19.23 bearing_deg=-0.78 speed=0.000 pos=(-72.037,0.001,91.230) thr=0.00 steer=0.00 blocked=false attempts=0 stuck_s=0.00 pitch=-0.00 roll=0.00 normal_y=1.00 contacts=1[VillageTerrain] bounded=true
tick=14490 phase=yielding reason=physical_obstacle wp=5 dist_wp=19.23 bearing_deg=-0.78 speed=0.000 pos=(-72.037,0.001,91.230) thr=0.00 steer=0.00 blocked=false attempts=0 stuck_s=0.00 pitch=-0.00 roll=0.00 normal_y=1.00 contacts=1[VillageTerrain] bounded=true
tick=14520 phase=yielding reason=physical_obstacle wp=5 dist_wp=19.23 bearing_deg=-0.78 speed=0.000 pos=(-72.037,0.001,91.230) thr=0.00 steer=0.00 blocked=false attempts=0 stuck_s=0.00 pitch=-0.00 roll=0.00 normal_y=1.00 contacts=1[VillageTerrain] bounded=true
tick=14550 phase=yielding reason=physical_obstacle wp=5 dist_wp=19.23 bearing_deg=-0.78 speed=0.000 pos=(-72.037,0.001,91.230) thr=0.00 steer=0.00 blocked=false attempts=0 stuck_s=0.00 pitch=-0.00 roll=0.00 normal_y=1.00 contacts=1[VillageTerrain] bounded=true
tick=14580 phase=yielding reason=physical_obstacle wp=5 dist_wp=19.23 bearing_deg=-0.78 speed=0.000 pos=(-72.037,0.001,91.230) thr=0.00 steer=0.00 blocked=false attempts=0 stuck_s=0.00 pitch=-0.00 roll=0.00 normal_y=1.00 contacts=1[VillageTerrain] bounded=true
tick=14610 phase=yielding reason=physical_obstacle wp=5 dist_wp=19.23 bearing_deg=-0.78 speed=0.000 pos=(-72.037,0.001,91.230) thr=0.00 steer=0.00 blocked=false attempts=0 stuck_s=0.00 pitch=-0.00 roll=0.00 normal_y=1.00 contacts=1[VillageTerrain] bounded=true
tick=14640 phase=yielding reason=physical_obstacle wp=5 dist_wp=19.23 bearing_deg=-0.78 speed=0.000 pos=(-72.037,0.001,91.230) thr=0.00 steer=0.00 blocked=false attempts=0 stuck_s=0.00 pitch=-0.00 roll=0.00 normal_y=1.00 contacts=1[VillageTerrain] bounded=true
tick=14670 phase=yielding reason=physical_obstacle wp=5 dist_wp=19.23 bearing_deg=-0.78 speed=0.000 pos=(-72.037,0.001,91.230) thr=0.00 steer=0.00 blocked=false attempts=0 stuck_s=0.00 pitch=-0.00 roll=0.00 normal_y=1.00 contacts=1[VillageTerrain] bounded=true
tick=14700 phase=yielding reason=physical_obstacle wp=5 dist_wp=19.23 bearing_deg=-0.78 speed=0.000 pos=(-72.037,0.001,91.230) thr=0.00 steer=0.00 blocked=false attempts=0 stuck_s=0.00 pitch=-0.00 roll=0.00 normal_y=1.00 contacts=1[VillageTerrain] bounded=true
tick=14730 phase=yielding reason=physical_obstacle wp=5 dist_wp=19.23 bearing_deg=-0.78 speed=0.000 pos=(-72.037,0.001,91.230) thr=0.00 steer=0.00 blocked=false attempts=0 stuck_s=0.00 pitch=-0.00 roll=0.00 normal_y=1.00 contacts=1[VillageTerrain] bounded=true
tick=14760 phase=yielding reason=physical_obstacle wp=5 dist_wp=19.23 bearing_deg=-0.78 speed=0.000 pos=(-72.037,0.001,91.230) thr=0.00 steer=0.00 blocked=false attempts=0 stuck_s=0.00 pitch=-0.00 roll=0.00 normal_y=1.00 contacts=1[VillageTerrain] bounded=true
tick=14790 phase=yielding reason=physical_obstacle wp=5 dist_wp=19.23 bearing_deg=-0.78 speed=0.000 pos=(-72.037,0.001,91.230) thr=0.00 steer=0.00 blocked=false attempts=0 stuck_s=0.00 pitch=-0.00 roll=0.00 normal_y=1.00 contacts=1[VillageTerrain] bounded=true
tick=14820 phase=yielding reason=physical_obstacle wp=5 dist_wp=19.23 bearing_deg=-0.78 speed=0.000 pos=(-72.037,0.001,91.230) thr=0.00 steer=0.00 blocked=false attempts=0 stuck_s=0.00 pitch=-0.00 roll=0.00 normal_y=1.00 contacts=1[VillageTerrain] bounded=true
tick=14850 phase=yielding reason=physical_obstacle wp=5 dist_wp=19.23 bearing_deg=-0.78 speed=0.000 pos=(-72.037,0.001,91.230) thr=0.00 steer=0.00 blocked=false attempts=0 stuck_s=0.00 pitch=-0.00 roll=0.00 normal_y=1.00 contacts=1[VillageTerrain] bounded=true
tick=14880 phase=yielding reason=physical_obstacle wp=5 dist_wp=19.23 bearing_deg=-0.78 speed=0.000 pos=(-72.037,0.001,91.230) thr=0.00 steer=0.00 blocked=false attempts=0 stuck_s=0.00 pitch=-0.00 roll=0.00 normal_y=1.00 contacts=1[VillageTerrain] bounded=true
tick=14910 phase=yielding reason=physical_obstacle wp=5 dist_wp=19.23 bearing_deg=-0.78 speed=0.000 pos=(-72.037,0.001,91.230) thr=0.00 steer=0.00 blocked=false attempts=0 stuck_s=0.00 pitch=-0.00 roll=0.00 normal_y=1.00 contacts=1[VillageTerrain] bounded=true
tick=14940 phase=yielding reason=physical_obstacle wp=5 dist_wp=19.23 bearing_deg=-0.78 speed=0.000 pos=(-72.037,0.001,91.230) thr=0.00 steer=0.00 blocked=false attempts=0 stuck_s=0.00 pitch=-0.00 roll=0.00 normal_y=1.00 contacts=1[VillageTerrain] bounded=true
tick=14970 phase=yielding reason=physical_obstacle wp=5 dist_wp=19.23 bearing_deg=-0.78 speed=0.000 pos=(-72.037,0.001,91.230) thr=0.00 steer=0.00 blocked=false attempts=0 stuck_s=0.00 pitch=-0.00 roll=0.00 normal_y=1.00 contacts=1[VillageTerrain] bounded=true
