WARNING: Loaded resource as image file, this will not work on export: 'res://assets/research/thumbnails/ussr_t_28.png'. Instead, import the image file as an Image resource and load it normally as a resource.
   at: load_from_file (core/io/image.cpp:2780)
   GDScript backtrace (most recent call first):
       [0] rebuild (res://scripts/ui/vehicle_research_tree.gd:126)
       [1] show_country (res://scripts/ui/vehicle_research_tree.gd:103)
       [2] _ready (res://scripts/ui/vehicle_research_tree.gd:83)
       [3] open_research_tree (res://scripts/ui/garage_frontend.gd:157)
       [4] click (res://tests/run_garage_frontend_checks.gd:18)
       [5] run (res://tests/run_research_tree_checks.gd:12)
       [6] frames (res://tests/run_garage_frontend_checks.gd:11)
WARNING: Loaded resource as image file, this will not work on export: 'res://assets/research/thumbnails/ussr_t_34_1941.png'. Instead, import the image file as an Image resource and load it normally as a resource.
   at: load_from_file (core/io/image.cpp:2780)
   GDScript backtrace (most recent call first):
       [0] rebuild (res://scripts/ui/vehicle_research_tree.gd:126)
       [1] show_country (res://scripts/ui/vehicle_research_tree.gd:103)
       [2] _ready (res://scripts/ui/vehicle_research_tree.gd:83)
       [3] open_research_tree (res://scripts/ui/garage_frontend.gd:157)
       [4] click (res://tests/run_garage_frontend_checks.gd:18)
       [5] run (res://tests/run_research_tree_checks.gd:12)
       [6] frames (res://tests/run_garage_frontend_checks.gd:11)
WARNING: Loaded resource as image file, this will not work on export: 'res://assets/research/thumbnails/ussr_t_44.png'. Instead, import the image file as an Image resource and load it normally as a resource.
   at: load_from_file (core/io/image.cpp:2780)
   GDScript backtrace (most recent call first):
       [0] rebuild (res://scripts/ui/vehicle_research_tree.gd:126)
       [1] show_country (res://scripts/ui/vehicle_research_tree.gd:103)
       [2] _ready (res://scripts/ui/vehicle_research_tree.gd:83)
       [3] open_research_tree (res://scripts/ui/garage_frontend.gd:157)
       [4] click (res://tests/run_garage_frontend_checks.gd:18)
       [5] run (res://tests/run_research_tree_checks.gd:12)
       [6] frames (res://tests/run_garage_frontend_checks.gd:11)
WARNING: Loaded resource as image file, this will not work on export: 'res://assets/research/thumbnails/ussr_t_54_1947.png'. Instead, import the image file as an Image resource and load it normally as a resource.
   at: load_from_file (core/io/image.cpp:2780)
   GDScript backtrace (most recent call first):
       [0] rebuild (res://scripts/ui/vehicle_research_tree.gd:126)
       [1] show_country (res://scripts/ui/vehicle_research_tree.gd:103)
       [2] _ready (res://scripts/ui/vehicle_research_tree.gd:83)
       [3] open_research_tree (res://scripts/ui/garage_frontend.gd:157)
       [4] click (res://tests/run_garage_frontend_checks.gd:18)
       [5] run (res://tests/run_research_tree_checks.gd:12)
       [6] frames (res://tests/run_garage_frontend_checks.gd:11)
WARNING: Loaded resource as image file, this will not work on export: 'res://assets/research/thumbnails/ussr_t_55a.png'. Instead, import the image file as an Image resource and load it normally as a resource.
   at: load_from_file (core/io/image.cpp:2780)
   GDScript backtrace (most recent call first):
       [0] rebuild (res://scripts/ui/vehicle_research_tree.gd:126)
       [1] show_country (res://scripts/ui/vehicle_research_tree.gd:103)
       [2] _ready (res://scripts/ui/vehicle_research_tree.gd:83)
       [3] open_research_tree (res://scripts/ui/garage_frontend.gd:157)
       [4] click (res://tests/run_garage_frontend_checks.gd:18)
       [5] run (res://tests/run_research_tree_checks.gd:12)
       [6] frames (res://tests/run_garage_frontend_checks.gd:11)
WARNING: Loaded resource as image file, this will not work on export: 'res://assets/research/thumbnails/ussr_t_62.png'. Instead, import the image file as an Image resource and load it normally as a resource.
   at: load_from_file (core/io/image.cpp:2780)
   GDScript backtrace (most recent call first):
       [0] rebuild (res://scripts/ui/vehicle_research_tree.gd:126)
       [1] show_country (res://scripts/ui/vehicle_research_tree.gd:103)
       [2] _ready (res://scripts/ui/vehicle_research_tree.gd:83)
       [3] open_research_tree (res://scripts/ui/garage_frontend.gd:157)
       [4] click (res://tests/run_garage_frontend_checks.gd:18)
       [5] run (res://tests/run_research_tree_checks.gd:12)
       [6] frames (res://tests/run_garage_frontend_checks.gd:11)
WARNING: Loaded resource as image file, this will not work on export: 'res://assets/research/thumbnails/ussr_t_64a_1971.png'. Instead, import the image file as an Image resource and load it normally as a resource.
   at: load_from_file (core/io/image.cpp:2780)
   GDScript backtrace (most recent call first):
       [0] rebuild (res://scripts/ui/vehicle_research_tree.gd:126)
       [1] show_country (res://scripts/ui/vehicle_research_tree.gd:103)
       [2] _ready (res://scripts/ui/vehicle_research_tree.gd:83)
       [3] open_research_tree (res://scripts/ui/garage_frontend.gd:157)
       [4] click (res://tests/run_garage_frontend_checks.gd:18)
       [5] run (res://tests/run_research_tree_checks.gd:12)
       [6] frames (res://tests/run_garage_frontend_checks.gd:11)
WARNING: Loaded resource as image file, this will not work on export: 'res://assets/research/thumbnails/ussr_t_72a.png'. Instead, import the image file as an Image resource and load it normally as a resource.
   at: load_from_file (core/io/image.cpp:2780)
   GDScript backtrace (most recent call first):
       [0] rebuild (res://scripts/ui/vehicle_research_tree.gd:126)
       [1] show_country (res://scripts/ui/vehicle_research_tree.gd:103)
       [2] _ready (res://scripts/ui/vehicle_research_tree.gd:83)
       [3] open_research_tree (res://scripts/ui/garage_frontend.gd:157)
       [4] click (res://tests/run_garage_frontend_checks.gd:18)
       [5] run (res://tests/run_research_tree_checks.gd:12)
       [6] frames (res://tests/run_garage_frontend_checks.gd:11)
WARNING: Loaded resource as image file, this will not work on export: 'res://assets/research/thumbnails/ussr_t_80b.png'. Instead, import the image file as an Image resource and load it normally as a resource.
   at: load_from_file (core/io/image.cpp:2780)
   GDScript backtrace (most recent call first):
       [0] rebuild (res://scripts/ui/vehicle_research_tree.gd:126)
       [1] show_country (res://scripts/ui/vehicle_research_tree.gd:103)
       [2] _ready (res://scripts/ui/vehicle_research_tree.gd:83)
       [3] open_research_tree (res://scripts/ui/garage_frontend.gd:157)
       [4] click (res://tests/run_garage_frontend_checks.gd:18)
       [5] run (res://tests/run_research_tree_checks.gd:12)
       [6] frames (res://tests/run_garage_frontend_checks.gd:11)
WARNING: Loaded resource as image file, this will not work on export: 'res://assets/research/thumbnails/ussr_t_90a.png'. Instead, import the image file as an Image resource and load it normally as a resource.
   at: load_from_file (core/io/image.cpp:2780)
   GDScript backtrace (most recent call first):
       [0] rebuild (res://scripts/ui/vehicle_research_tree.gd:126)
       [1] show_country (res://scripts/ui/vehicle_research_tree.gd:103)
       [2] _ready (res://scripts/ui/vehicle_research_tree.gd:83)
       [3] open_research_tree (res://scripts/ui/garage_frontend.gd:157)
       [4] click (res://tests/run_garage_frontend_checks.gd:18)
       [5] run (res://tests/run_research_tree_checks.gd:12)
       [6] frames (res://tests/run_garage_frontend_checks.gd:11)
WARNING: Loaded resource as image file, this will not work on export: 'res://assets/research/thumbnails/ussr_t_35.png'. Instead, import the image file as an Image resource and load it normally as a resource.
   at: load_from_file (core/io/image.cpp:2780)
   GDScript backtrace (most recent call first):
       [0] rebuild (res://scripts/ui/vehicle_research_tree.gd:126)
       [1] show_country (res://scripts/ui/vehicle_research_tree.gd:103)
       [2] _ready (res://scripts/ui/vehicle_research_tree.gd:83)
       [3] open_research_tree (res://scripts/ui/garage_frontend.gd:157)
       [4] click (res://tests/run_garage_frontend_checks.gd:18)
       [5] run (res://tests/run_research_tree_checks.gd:12)
       [6] frames (res://tests/run_garage_frontend_checks.gd:11)
WARNING: Loaded resource as image file, this will not work on export: 'res://assets/research/thumbnails/ussr_kv_1_L_11.png'. Instead, import the image file as an Image resource and load it normally as a resource.
   at: load_from_file (core/io/image.cpp:2780)
   GDScript backtrace (most recent call first):
       [0] rebuild (res://scripts/ui/vehicle_research_tree.gd:126)
       [1] show_country (res://scripts/ui/vehicle_research_tree.gd:103)
       [2] _ready (res://scripts/ui/vehicle_research_tree.gd:83)
       [3] open_research_tree (res://scripts/ui/garage_frontend.gd:157)
       [4] click (res://tests/run_garage_frontend_checks.gd:18)
       [5] run (res://tests/run_research_tree_checks.gd:12)
       [6] frames (res://tests/run_garage_frontend_checks.gd:11)
WARNING: Loaded resource as image file, this will not work on export: 'res://assets/research/thumbnails/ussr_kv_2_1939.png'. Instead, import the image file as an Image resource and load it normally as a resource.
   at: load_from_file (core/io/image.cpp:2780)
   GDScript backtrace (most recent call first):
       [0] rebuild (res://scripts/ui/vehicle_research_tree.gd:126)
       [1] show_country (res://scripts/ui/vehicle_research_tree.gd:103)
       [2] _ready (res://scripts/ui/vehicle_research_tree.gd:83)
       [3] open_research_tree (res://scripts/ui/garage_frontend.gd:157)
       [4] click (res://tests/run_garage_frontend_checks.gd:18)
       [5] run (res://tests/run_research_tree_checks.gd:12)
       [6] frames (res://tests/run_garage_frontend_checks.gd:11)
WARNING: Loaded resource as image file, this will not work on export: 'res://assets/research/thumbnails/ussr_is_1.png'. Instead, import the image file as an Image resource and load it normally as a resource.
   at: load_from_file (core/io/image.cpp:2780)
   GDScript backtrace (most recent call first):
       [0] rebuild (res://scripts/ui/vehicle_research_tree.gd:126)
       [1] show_country (res://scripts/ui/vehicle_research_tree.gd:103)
       [2] _ready (res://scripts/ui/vehicle_research_tree.gd:83)
       [3] open_research_tree (res://scripts/ui/garage_frontend.gd:157)
       [4] click (res://tests/run_garage_frontend_checks.gd:18)
       [5] run (res://tests/run_research_tree_checks.gd:12)
       [6] frames (res://tests/run_garage_frontend_checks.gd:11)
WARNING: Loaded resource as image file, this will not work on export: 'res://assets/research/thumbnails/ussr_is_2_1943.png'. Instead, import the image file as an Image resource and load it normally as a resource.
   at: load_from_file (core/io/image.cpp:2780)
   GDScript backtrace (most recent call first):
       [0] rebuild (res://scripts/ui/vehicle_research_tree.gd:126)
       [1] show_country (res://scripts/ui/vehicle_research_tree.gd:103)
       [2] _ready (res://scripts/ui/vehicle_research_tree.gd:83)
       [3] open_research_tree (res://scripts/ui/garage_frontend.gd:157)
       [4] click (res://tests/run_garage_frontend_checks.gd:18)
       [5] run (res://tests/run_research_tree_checks.gd:12)
       [6] frames (res://tests/run_garage_frontend_checks.gd:11)
WARNING: Loaded resource as image file, this will not work on export: 'res://assets/research/thumbnails/ussr_is_3.png'. Instead, import the image file as an Image resource and load it normally as a resource.
   at: load_from_file (core/io/image.cpp:2780)
   GDScript backtrace (most recent call first):
       [0] rebuild (res://scripts/ui/vehicle_research_tree.gd:126)
       [1] show_country (res://scripts/ui/vehicle_research_tree.gd:103)
       [2] _ready (res://scripts/ui/vehicle_research_tree.gd:83)
       [3] open_research_tree (res://scripts/ui/garage_frontend.gd:157)
       [4] click (res://tests/run_garage_frontend_checks.gd:18)
       [5] run (res://tests/run_research_tree_checks.gd:12)
       [6] frames (res://tests/run_garage_frontend_checks.gd:11)
WARNING: Loaded resource as image file, this will not work on export: 'res://assets/research/thumbnails/ussr_is_4m.png'. Instead, import the image file as an Image resource and load it normally as a resource.
   at: load_from_file (core/io/image.cpp:2780)
   GDScript backtrace (most recent call first):
       [0] rebuild (res://scripts/ui/vehicle_research_tree.gd:126)
       [1] show_country (res://scripts/ui/vehicle_research_tree.gd:103)
       [2] _ready (res://scripts/ui/vehicle_research_tree.gd:83)
       [3] open_research_tree (res://scripts/ui/garage_frontend.gd:157)
       [4] click (res://tests/run_garage_frontend_checks.gd:18)
       [5] run (res://tests/run_research_tree_checks.gd:12)
       [6] frames (res://tests/run_garage_frontend_checks.gd:11)
WARNING: Loaded resource as image file, this will not work on export: 'res://assets/research/thumbnails/ussr_is_6.png'. Instead, import the image file as an Image resource and load it normally as a resource.
   at: load_from_file (core/io/image.cpp:2780)
   GDScript backtrace (most recent call first):
       [0] rebuild (res://scripts/ui/vehicle_research_tree.gd:126)
       [1] show_country (res://scripts/ui/vehicle_research_tree.gd:103)
       [2] _ready (res://scripts/ui/vehicle_research_tree.gd:83)
       [3] open_research_tree (res://scripts/ui/garage_frontend.gd:157)
       [4] click (res://tests/run_garage_frontend_checks.gd:18)
       [5] run (res://tests/run_research_tree_checks.gd:12)
       [6] frames (res://tests/run_garage_frontend_checks.gd:11)
WARNING: Loaded resource as image file, this will not work on export: 'res://assets/research/thumbnails/ussr_is_7.png'. Instead, import the image file as an Image resource and load it normally as a resource.
   at: load_from_file (core/io/image.cpp:2780)
   GDScript backtrace (most recent call first):
       [0] rebuild (res://scripts/ui/vehicle_research_tree.gd:126)
       [1] show_country (res://scripts/ui/vehicle_research_tree.gd:103)
       [2] _ready (res://scripts/ui/vehicle_research_tree.gd:83)
       [3] open_research_tree (res://scripts/ui/garage_frontend.gd:157)
       [4] click (res://tests/run_garage_frontend_checks.gd:18)
       [5] run (res://tests/run_research_tree_checks.gd:12)
       [6] frames (res://tests/run_garage_frontend_checks.gd:11)
WARNING: Loaded resource as image file, this will not work on export: 'res://assets/research/thumbnails/ussr_t_10a.png'. Instead, import the image file as an Image resource and load it normally as a resource.
   at: load_from_file (core/io/image.cpp:2780)
   GDScript backtrace (most recent call first):
       [0] rebuild (res://scripts/ui/vehicle_research_tree.gd:126)
       [1] show_country (res://scripts/ui/vehicle_research_tree.gd:103)
       [2] _ready (res://scripts/ui/vehicle_research_tree.gd:83)
       [3] open_research_tree (res://scripts/ui/garage_frontend.gd:157)
       [4] click (res://tests/run_garage_frontend_checks.gd:18)
       [5] run (res://tests/run_research_tree_checks.gd:12)
       [6] frames (res://tests/run_garage_frontend_checks.gd:11)
WARNING: Loaded resource as image file, this will not work on export: 'res://assets/research/thumbnails/ussr_t_26_1940.png'. Instead, import the image file as an Image resource and load it normally as a resource.
   at: load_from_file (core/io/image.cpp:2780)
   GDScript backtrace (most recent call first):
       [0] rebuild (res://scripts/ui/vehicle_research_tree.gd:126)
       [1] show_country (res://scripts/ui/vehicle_research_tree.gd:103)
       [2] _ready (res://scripts/ui/vehicle_research_tree.gd:83)
       [3] open_research_tree (res://scripts/ui/garage_frontend.gd:157)
       [4] click (res://tests/run_garage_frontend_checks.gd:18)
       [5] run (res://tests/run_research_tree_checks.gd:12)
       [6] frames (res://tests/run_garage_frontend_checks.gd:11)
WARNING: Loaded resource as image file, this will not work on export: 'res://assets/research/thumbnails/ussr_bt_5.png'. Instead, import the image file as an Image resource and load it normally as a resource.
   at: load_from_file (core/io/image.cpp:2780)
   GDScript backtrace (most recent call first):
       [0] rebuild (res://scripts/ui/vehicle_research_tree.gd:126)
       [1] show_country (res://scripts/ui/vehicle_research_tree.gd:103)
       [2] _ready (res://scripts/ui/vehicle_research_tree.gd:83)
       [3] open_research_tree (res://scripts/ui/garage_frontend.gd:157)
       [4] click (res://tests/run_garage_frontend_checks.gd:18)
       [5] run (res://tests/run_research_tree_checks.gd:12)
       [6] frames (res://tests/run_garage_frontend_checks.gd:11)
WARNING: Loaded resource as image file, this will not work on export: 'res://assets/research/thumbnails/ussr_t_50.png'. Instead, import the image file as an Image resource and load it normally as a resource.
   at: load_from_file (core/io/image.cpp:2780)
   GDScript backtrace (most recent call first):
       [0] rebuild (res://scripts/ui/vehicle_research_tree.gd:126)
       [1] show_country (res://scripts/ui/vehicle_research_tree.gd:103)
       [2] _ready (res://scripts/ui/vehicle_research_tree.gd:83)
       [3] open_research_tree (res://scripts/ui/garage_frontend.gd:157)
       [4] click (res://tests/run_garage_frontend_checks.gd:18)
       [5] run (res://tests/run_research_tree_checks.gd:12)
       [6] frames (res://tests/run_garage_frontend_checks.gd:11)
WARNING: Loaded resource as image file, this will not work on export: 'res://assets/research/thumbnails/ussr_t_80.png'. Instead, import the image file as an Image resource and load it normally as a resource.
   at: load_from_file (core/io/image.cpp:2780)
   GDScript backtrace (most recent call first):
       [0] rebuild (res://scripts/ui/vehicle_research_tree.gd:126)
       [1] show_country (res://scripts/ui/vehicle_research_tree.gd:103)
       [2] _ready (res://scripts/ui/vehicle_research_tree.gd:83)
       [3] open_research_tree (res://scripts/ui/garage_frontend.gd:157)
       [4] click (res://tests/run_garage_frontend_checks.gd:18)
       [5] run (res://tests/run_research_tree_checks.gd:12)
       [6] frames (res://tests/run_garage_frontend_checks.gd:11)
WARNING: Loaded resource as image file, this will not work on export: 'res://assets/research/thumbnails/ussr_pt_76b.png'. Instead, import the image file as an Image resource and load it normally as a resource.
   at: load_from_file (core/io/image.cpp:2780)
   GDScript backtrace (most recent call first):
       [0] rebuild (res://scripts/ui/vehicle_research_tree.gd:126)
       [1] show_country (res://scripts/ui/vehicle_research_tree.gd:103)
       [2] _ready (res://scripts/ui/vehicle_research_tree.gd:83)
       [3] open_research_tree (res://scripts/ui/garage_frontend.gd:157)
       [4] click (res://tests/run_garage_frontend_checks.gd:18)
       [5] run (res://tests/run_research_tree_checks.gd:12)
       [6] frames (res://tests/run_garage_frontend_checks.gd:11)
WARNING: Loaded resource as image file, this will not work on export: 'res://assets/research/thumbnails/ussr_su_76m_1943.png'. Instead, import the image file as an Image resource and load it normally as a resource.
   at: load_from_file (core/io/image.cpp:2780)
   GDScript backtrace (most recent call first):
       [0] rebuild (res://scripts/ui/vehicle_research_tree.gd:126)
       [1] show_country (res://scripts/ui/vehicle_research_tree.gd:103)
       [2] _ready (res://scripts/ui/vehicle_research_tree.gd:83)
       [3] open_research_tree (res://scripts/ui/garage_frontend.gd:157)
       [4] click (res://tests/run_garage_frontend_checks.gd:18)
       [5] run (res://tests/run_research_tree_checks.gd:12)
       [6] frames (res://tests/run_garage_frontend_checks.gd:11)
WARNING: Loaded resource as image file, this will not work on export: 'res://assets/research/thumbnails/ussr_su_57b.png'. Instead, import the image file as an Image resource and load it normally as a resource.
   at: load_from_file (core/io/image.cpp:2780)
   GDScript backtrace (most recent call first):
       [0] rebuild (res://scripts/ui/vehicle_research_tree.gd:126)
       [1] show_country (res://scripts/ui/vehicle_research_tree.gd:103)
       [2] _ready (res://scripts/ui/vehicle_research_tree.gd:83)
       [3] open_research_tree (res://scripts/ui/garage_frontend.gd:157)
       [4] click (res://tests/run_garage_frontend_checks.gd:18)
       [5] run (res://tests/run_research_tree_checks.gd:12)
       [6] frames (res://tests/run_garage_frontend_checks.gd:11)
WARNING: Loaded resource as image file, this will not work on export: 'res://assets/research/thumbnails/ussr_su_122.png'. Instead, import the image file as an Image resource and load it normally as a resource.
   at: load_from_file (core/io/image.cpp:2780)
   GDScript backtrace (most recent call first):
       [0] rebuild (res://scripts/ui/vehicle_research_tree.gd:126)
       [1] show_country (res://scripts/ui/vehicle_research_tree.gd:103)
       [2] _ready (res://scripts/ui/vehicle_research_tree.gd:83)
       [3] open_research_tree (res://scripts/ui/garage_frontend.gd:157)
       [4] click (res://tests/run_garage_frontend_checks.gd:18)
       [5] run (res://tests/run_research_tree_checks.gd:12)
       [6] frames (res://tests/run_garage_frontend_checks.gd:11)
WARNING: Loaded resource as image file, this will not work on export: 'res://assets/research/thumbnails/ussr_su_85_1943.png'. Instead, import the image file as an Image resource and load it normally as a resource.
   at: load_from_file (core/io/image.cpp:2780)
   GDScript backtrace (most recent call first):
       [0] rebuild (res://scripts/ui/vehicle_research_tree.gd:126)
       [1] show_country (res://scripts/ui/vehicle_research_tree.gd:103)
       [2] _ready (res://scripts/ui/vehicle_research_tree.gd:83)
       [3] open_research_tree (res://scripts/ui/garage_frontend.gd:157)
       [4] click (res://tests/run_garage_frontend_checks.gd:18)
       [5] run (res://tests/run_research_tree_checks.gd:12)
       [6] frames (res://tests/run_garage_frontend_checks.gd:11)
WARNING: Loaded resource as image file, this will not work on export: 'res://assets/research/thumbnails/ussr_su_152.png'. Instead, import the image file as an Image resource and load it normally as a resource.
   at: load_from_file (core/io/image.cpp:2780)
   GDScript backtrace (most recent call first):
       [0] rebuild (res://scripts/ui/vehicle_research_tree.gd:126)
       [1] show_country (res://scripts/ui/vehicle_research_tree.gd:103)
       [2] _ready (res://scripts/ui/vehicle_research_tree.gd:83)
       [3] open_research_tree (res://scripts/ui/garage_frontend.gd:157)
       [4] click (res://tests/run_garage_frontend_checks.gd:18)
       [5] run (res://tests/run_research_tree_checks.gd:12)
       [6] frames (res://tests/run_garage_frontend_checks.gd:11)
WARNING: Loaded resource as image file, this will not work on export: 'res://assets/research/thumbnails/ussr_isu_122.png'. Instead, import the image file as an Image resource and load it normally as a resource.
   at: load_from_file (core/io/image.cpp:2780)
   GDScript backtrace (most recent call first):
       [0] rebuild (res://scripts/ui/vehicle_research_tree.gd:126)
       [1] show_country (res://scripts/ui/vehicle_research_tree.gd:103)
       [2] _ready (res://scripts/ui/vehicle_research_tree.gd:83)
       [3] open_research_tree (res://scripts/ui/garage_frontend.gd:157)
       [4] click (res://tests/run_garage_frontend_checks.gd:18)
       [5] run (res://tests/run_research_tree_checks.gd:12)
       [6] frames (res://tests/run_garage_frontend_checks.gd:11)
WARNING: Loaded resource as image file, this will not work on export: 'res://assets/research/thumbnails/ussr_isu_152.png'. Instead, import the image file as an Image resource and load it normally as a resource.
   at: load_from_file (core/io/image.cpp:2780)
   GDScript backtrace (most recent call first):
       [0] rebuild (res://scripts/ui/vehicle_research_tree.gd:126)
       [1] show_country (res://scripts/ui/vehicle_research_tree.gd:103)
       [2] _ready (res://scripts/ui/vehicle_research_tree.gd:83)
       [3] open_research_tree (res://scripts/ui/garage_frontend.gd:157)
       [4] click (res://tests/run_garage_frontend_checks.gd:18)
       [5] run (res://tests/run_research_tree_checks.gd:12)
       [6] frames (res://tests/run_garage_frontend_checks.gd:11)
WARNING: Loaded resource as image file, this will not work on export: 'res://assets/research/thumbnails/ussr_su_100_1945.png'. Instead, import the image file as an Image resource and load it normally as a resource.
   at: load_from_file (core/io/image.cpp:2780)
   GDScript backtrace (most recent call first):
       [0] rebuild (res://scripts/ui/vehicle_research_tree.gd:126)
       [1] show_country (res://scripts/ui/vehicle_research_tree.gd:103)
       [2] _ready (res://scripts/ui/vehicle_research_tree.gd:83)
       [3] open_research_tree (res://scripts/ui/garage_frontend.gd:157)
       [4] click (res://tests/run_garage_frontend_checks.gd:18)
       [5] run (res://tests/run_research_tree_checks.gd:12)
       [6] frames (res://tests/run_garage_frontend_checks.gd:11)
WARNING: Loaded resource as image file, this will not work on export: 'res://assets/research/thumbnails/ussr_asu_57.png'. Instead, import the image file as an Image resource and load it normally as a resource.
   at: load_from_file (core/io/image.cpp:2780)
   GDScript backtrace (most recent call first):
       [0] rebuild (res://scripts/ui/vehicle_research_tree.gd:126)
       [1] show_country (res://scripts/ui/vehicle_research_tree.gd:103)
       [2] _ready (res://scripts/ui/vehicle_research_tree.gd:83)
       [3] open_research_tree (res://scripts/ui/garage_frontend.gd:157)
       [4] click (res://tests/run_garage_frontend_checks.gd:18)
       [5] run (res://tests/run_research_tree_checks.gd:12)
       [6] frames (res://tests/run_garage_frontend_checks.gd:11)
WARNING: Loaded resource as image file, this will not work on export: 'res://assets/research/thumbnails/ussr_asu_85.png'. Instead, import the image file as an Image resource and load it normally as a resource.
   at: load_from_file (core/io/image.cpp:2780)
   GDScript backtrace (most recent call first):
       [0] rebuild (res://scripts/ui/vehicle_research_tree.gd:126)
       [1] show_country (res://scripts/ui/vehicle_research_tree.gd:103)
       [2] _ready (res://scripts/ui/vehicle_research_tree.gd:83)
       [3] open_research_tree (res://scripts/ui/garage_frontend.gd:157)
       [4] click (res://tests/run_garage_frontend_checks.gd:18)
       [5] run (res://tests/run_research_tree_checks.gd:12)
       [6] frames (res://tests/run_garage_frontend_checks.gd:11)
WARNING: Loaded resource as image file, this will not work on export: 'res://assets/research/thumbnails/ussr_su_122_54.png'. Instead, import the image file as an Image resource and load it normally as a resource.
   at: load_from_file (core/io/image.cpp:2780)
   GDScript backtrace (most recent call first):
       [0] rebuild (res://scripts/ui/vehicle_research_tree.gd:126)
       [1] show_country (res://scripts/ui/vehicle_research_tree.gd:103)
       [2] _ready (res://scripts/ui/vehicle_research_tree.gd:83)
       [3] open_research_tree (res://scripts/ui/garage_frontend.gd:157)
       [4] click (res://tests/run_garage_frontend_checks.gd:18)
       [5] run (res://tests/run_research_tree_checks.gd:12)
       [6] frames (res://tests/run_garage_frontend_checks.gd:11)
WARNING: Loaded resource as image file, this will not work on export: 'res://assets/research/thumbnails/ussr_su_100Y.png'. Instead, import the image file as an Image resource and load it normally as a resource.
   at: load_from_file (core/io/image.cpp:2780)
   GDScript backtrace (most recent call first):
       [0] rebuild (res://scripts/ui/vehicle_research_tree.gd:126)
       [1] show_country (res://scripts/ui/vehicle_research_tree.gd:103)
       [2] _ready (res://scripts/ui/vehicle_research_tree.gd:83)
       [3] open_research_tree (res://scripts/ui/garage_frontend.gd:157)
       [4] click (res://tests/run_garage_frontend_checks.gd:18)
       [5] run (res://tests/run_research_tree_checks.gd:12)
       [6] frames (res://tests/run_garage_frontend_checks.gd:11)
WARNING: Loaded resource as image file, this will not work on export: 'res://assets/research/thumbnails/ussr_t_80b.png'. Instead, import the image file as an Image resource and load it normally as a resource.
   at: load_from_file (core/io/image.cpp:2780)
   GDScript backtrace (most recent call first):
       [0] rebuild (res://scripts/ui/vehicle_research_tree.gd:126)
       [1] query (res://tests/run_research_tree_checks.gd:4)
       [2] run (res://tests/run_research_tree_checks.gd:28)
       [3] frames (res://tests/run_garage_frontend_checks.gd:11)
WARNING: Loaded resource as image file, this will not work on export: 'res://assets/research/thumbnails/germ_pzkpfw_III_ausf_B.png'. Instead, import the image file as an Image resource and load it normally as a resource.
   at: load_from_file (core/io/image.cpp:2780)
   GDScript backtrace (most recent call first):
       [0] rebuild (res://scripts/ui/vehicle_research_tree.gd:126)
       [1] show_country (res://scripts/ui/vehicle_research_tree.gd:103)
       [2] <anonymous lambda> (res://scripts/ui/vehicle_research_tree.gd:51)
       [3] click (res://tests/run_garage_frontend_checks.gd:18)
       [4] run (res://tests/run_research_tree_checks.gd:51)
       [5] query (res://tests/run_research_tree_checks.gd:4)
       [6] frames (res://tests/run_garage_frontend_checks.gd:11)
WARNING: Loaded resource as image file, this will not work on export: 'res://assets/research/thumbnails/germ_pzkpfw_IV_ausf_C.png'. Instead, import the image file as an Image resource and load it normally as a resource.
   at: load_from_file (core/io/image.cpp:2780)
   GDScript backtrace (most recent call first):
       [0] rebuild (res://scripts/ui/vehicle_research_tree.gd:126)
       [1] show_country (res://scripts/ui/vehicle_research_tree.gd:103)
       [2] <anonymous lambda> (res://scripts/ui/vehicle_research_tree.gd:51)
       [3] click (res://tests/run_garage_frontend_checks.gd:18)
       [4] run (res://tests/run_research_tree_checks.gd:51)
       [5] query (res://tests/run_research_tree_checks.gd:4)
       [6] frames (res://tests/run_garage_frontend_checks.gd:11)
WARNING: Loaded resource as image file, this will not work on export: 'res://assets/research/thumbnails/germ_pzkpfw_V_ausf_d_panther.png'. Instead, import the image file as an Image resource and load it normally as a resource.
   at: load_from_file (core/io/image.cpp:2780)
   GDScript backtrace (most recent call first):
       [0] rebuild (res://scripts/ui/vehicle_research_tree.gd:126)
       [1] show_country (res://scripts/ui/vehicle_research_tree.gd:103)
       [2] <anonymous lambda> (res://scripts/ui/vehicle_research_tree.gd:51)
       [3] click (res://tests/run_garage_frontend_checks.gd:18)
       [4] run (res://tests/run_research_tree_checks.gd:51)
       [5] query (res://tests/run_research_tree_checks.gd:4)
       [6] frames (res://tests/run_garage_frontend_checks.gd:11)
WARNING: Loaded resource as image file, this will not work on export: 'res://assets/research/thumbnails/germ_panther_II.png'. Instead, import the image file as an Image resource and load it normally as a resource.
   at: load_from_file (core/io/image.cpp:2780)
   GDScript backtrace (most recent call first):
       [0] rebuild (res://scripts/ui/vehicle_research_tree.gd:126)
       [1] show_country (res://scripts/ui/vehicle_research_tree.gd:103)
       [2] <anonymous lambda> (res://scripts/ui/vehicle_research_tree.gd:51)
       [3] click (res://tests/run_garage_frontend_checks.gd:18)
       [4] run (res://tests/run_research_tree_checks.gd:51)
       [5] query (res://tests/run_research_tree_checks.gd:4)
       [6] frames (res://tests/run_garage_frontend_checks.gd:11)
WARNING: Loaded resource as image file, this will not work on export: 'res://assets/research/thumbnails/germ_leopard_I.png'. Instead, import the image file as an Image resource and load it normally as a resource.
   at: load_from_file (core/io/image.cpp:2780)
   GDScript backtrace (most recent call first):
       [0] rebuild (res://scripts/ui/vehicle_research_tree.gd:126)
       [1] show_country (res://scripts/ui/vehicle_research_tree.gd:103)
       [2] <anonymous lambda> (res://scripts/ui/vehicle_research_tree.gd:51)
       [3] click (res://tests/run_garage_frontend_checks.gd:18)
       [4] run (res://tests/run_research_tree_checks.gd:51)
       [5] query (res://tests/run_research_tree_checks.gd:4)
       [6] frames (res://tests/run_garage_frontend_checks.gd:11)
WARNING: Loaded resource as image file, this will not work on export: 'res://assets/research/thumbnails/germ_kpz_70.png'. Instead, import the image file as an Image resource and load it normally as a resource.
   at: load_from_file (core/io/image.cpp:2780)
   GDScript backtrace (most recent call first):
       [0] rebuild (res://scripts/ui/vehicle_research_tree.gd:126)
       [1] show_country (res://scripts/ui/vehicle_research_tree.gd:103)
       [2] <anonymous lambda> (res://scripts/ui/vehicle_research_tree.gd:51)
       [3] click (res://tests/run_garage_frontend_checks.gd:18)
       [4] run (res://tests/run_research_tree_checks.gd:51)
       [5] query (res://tests/run_research_tree_checks.gd:4)
       [6] frames (res://tests/run_garage_frontend_checks.gd:11)
WARNING: Loaded resource as image file, this will not work on export: 'res://assets/research/thumbnails/germ_leopard_2a4.png'. Instead, import the image file as an Image resource and load it normally as a resource.
   at: load_from_file (core/io/image.cpp:2780)
   GDScript backtrace (most recent call first):
       [0] rebuild (res://scripts/ui/vehicle_research_tree.gd:126)
       [1] show_country (res://scripts/ui/vehicle_research_tree.gd:103)
       [2] <anonymous lambda> (res://scripts/ui/vehicle_research_tree.gd:51)
       [3] click (res://tests/run_garage_frontend_checks.gd:18)
       [4] run (res://tests/run_research_tree_checks.gd:51)
       [5] query (res://tests/run_research_tree_checks.gd:4)
       [6] frames (res://tests/run_garage_frontend_checks.gd:11)
WARNING: Loaded resource as image file, this will not work on export: 'res://assets/research/thumbnails/germ_erprobungstrager_3_achs_turm.png'. Instead, import the image file as an Image resource and load it normally as a resource.
   at: load_from_file (core/io/image.cpp:2780)
   GDScript backtrace (most recent call first):
       [0] rebuild (res://scripts/ui/vehicle_research_tree.gd:126)
       [1] show_country (res://scripts/ui/vehicle_research_tree.gd:103)
       [2] <anonymous lambda> (res://scripts/ui/vehicle_research_tree.gd:51)
       [3] click (res://tests/run_garage_frontend_checks.gd:18)
       [4] run (res://tests/run_research_tree_checks.gd:51)
       [5] query (res://tests/run_research_tree_checks.gd:4)
       [6] frames (res://tests/run_garage_frontend_checks.gd:11)
WARNING: Loaded resource as image file, this will not work on export: 'res://assets/research/thumbnails/germ_kpz_t72m1.png'. Instead, import the image file as an Image resource and load it normally as a resource.
   at: load_from_file (core/io/image.cpp:2780)
   GDScript backtrace (most recent call first):
       [0] rebuild (res://scripts/ui/vehicle_research_tree.gd:126)
       [1] show_country (res://scripts/ui/vehicle_research_tree.gd:103)
       [2] <anonymous lambda> (res://scripts/ui/vehicle_research_tree.gd:51)
       [3] click (res://tests/run_garage_frontend_checks.gd:18)
       [4] run (res://tests/run_research_tree_checks.gd:51)
       [5] query (res://tests/run_research_tree_checks.gd:4)
       [6] frames (res://tests/run_garage_frontend_checks.gd:11)
WARNING: Loaded resource as image file, this will not work on export: 'res://assets/research/thumbnails/us_m4a2_1944_germ.png'. Instead, import the image file as an Image resource and load it normally as a resource.
   at: load_from_file (core/io/image.cpp:2780)
   GDScript backtrace (most recent call first):
       [0] rebuild (res://scripts/ui/vehicle_research_tree.gd:126)
       [1] show_country (res://scripts/ui/vehicle_research_tree.gd:103)
       [2] <anonymous lambda> (res://scripts/ui/vehicle_research_tree.gd:51)
       [3] click (res://tests/run_garage_frontend_checks.gd:18)
       [4] run (res://tests/run_research_tree_checks.gd:51)
       [5] query (res://tests/run_research_tree_checks.gd:4)
       [6] frames (res://tests/run_garage_frontend_checks.gd:11)
WARNING: Loaded resource as image file, this will not work on export: 'res://assets/research/thumbnails/germ_mkpz_m47.png'. Instead, import the image file as an Image resource and load it normally as a resource.
   at: load_from_file (core/io/image.cpp:2780)
   GDScript backtrace (most recent call first):
       [0] rebuild (res://scripts/ui/vehicle_research_tree.gd:126)
       [1] show_country (res://scripts/ui/vehicle_research_tree.gd:103)
       [2] <anonymous lambda> (res://scripts/ui/vehicle_research_tree.gd:51)
       [3] click (res://tests/run_garage_frontend_checks.gd:18)
       [4] run (res://tests/run_research_tree_checks.gd:51)
       [5] query (res://tests/run_research_tree_checks.gd:4)
       [6] frames (res://tests/run_garage_frontend_checks.gd:11)
WARNING: Loaded resource as image file, this will not work on export: 'res://assets/research/thumbnails/germ_mkpz_m48a2c.png'. Instead, import the image file as an Image resource and load it normally as a resource.
   at: load_from_file (core/io/image.cpp:2780)
   GDScript backtrace (most recent call first):
       [0] rebuild (res://scripts/ui/vehicle_research_tree.gd:126)
       [1] show_country (res://scripts/ui/vehicle_research_tree.gd:103)
       [2] <anonymous lambda> (res://scripts/ui/vehicle_research_tree.gd:51)
       [3] click (res://tests/run_garage_frontend_checks.gd:18)
       [4] run (res://tests/run_research_tree_checks.gd:51)
       [5] query (res://tests/run_research_tree_checks.gd:4)
       [6] frames (res://tests/run_garage_frontend_checks.gd:11)
WARNING: Loaded resource as image file, this will not work on export: 'res://assets/research/thumbnails/germ_t_34_747.png'. Instead, import the image file as an Image resource and load it normally as a resource.
   at: load_from_file (core/io/image.cpp:2780)
   GDScript backtrace (most recent call first):
       [0] rebuild (res://scripts/ui/vehicle_research_tree.gd:126)
       [1] show_country (res://scripts/ui/vehicle_research_tree.gd:103)
       [2] <anonymous lambda> (res://scripts/ui/vehicle_research_tree.gd:51)
       [3] click (res://tests/run_garage_frontend_checks.gd:18)
       [4] run (res://tests/run_research_tree_checks.gd:51)
       [5] query (res://tests/run_research_tree_checks.gd:4)
       [6] frames (res://tests/run_garage_frontend_checks.gd:11)
WARNING: Loaded resource as image file, this will not work on export: 'res://assets/research/thumbnails/germ_vk_3002m.png'. Instead, import the image file as an Image resource and load it normally as a resource.
   at: load_from_file (core/io/image.cpp:2780)
   GDScript backtrace (most recent call first):
       [0] rebuild (res://scripts/ui/vehicle_research_tree.gd:126)
       [1] show_country (res://scripts/ui/vehicle_research_tree.gd:103)
       [2] <anonymous lambda> (res://scripts/ui/vehicle_research_tree.gd:51)
       [3] click (res://tests/run_garage_frontend_checks.gd:18)
       [4] run (res://tests/run_research_tree_checks.gd:51)
       [5] query (res://tests/run_research_tree_checks.gd:4)
       [6] frames (res://tests/run_garage_frontend_checks.gd:11)
WARNING: Loaded resource as image file, this will not work on export: 'res://assets/research/thumbnails/germ_pzkpfw_VI_ausf_h1_tiger.png'. Instead, import the image file as an Image resource and load it normally as a resource.
   at: load_from_file (core/io/image.cpp:2780)
   GDScript backtrace (most recent call first):
       [0] rebuild (res://scripts/ui/vehicle_research_tree.gd:126)
       [1] show_country (res://scripts/ui/vehicle_research_tree.gd:103)
       [2] <anonymous lambda> (res://scripts/ui/vehicle_research_tree.gd:51)
       [3] click (res://tests/run_garage_frontend_checks.gd:18)
       [4] run (res://tests/run_research_tree_checks.gd:51)
       [5] query (res://tests/run_research_tree_checks.gd:4)
       [6] frames (res://tests/run_garage_frontend_checks.gd:11)
WARNING: Loaded resource as image file, this will not work on export: 'res://assets/research/thumbnails/germ_pzkpfw_VI_tiger_P.png'. Instead, import the image file as an Image resource and load it normally as a resource.
   at: load_from_file (core/io/image.cpp:2780)
   GDScript backtrace (most recent call first):
       [0] rebuild (res://scripts/ui/vehicle_research_tree.gd:126)
       [1] show_country (res://scripts/ui/vehicle_research_tree.gd:103)
       [2] <anonymous lambda> (res://scripts/ui/vehicle_research_tree.gd:51)
       [3] click (res://tests/run_garage_frontend_checks.gd:18)
       [4] run (res://tests/run_research_tree_checks.gd:51)
       [5] query (res://tests/run_research_tree_checks.gd:4)
       [6] frames (res://tests/run_garage_frontend_checks.gd:11)
WARNING: Loaded resource as image file, this will not work on export: 'res://assets/research/thumbnails/germ_pzkpfw_VI_ausf_b_tiger_IIh.png'. Instead, import the image file as an Image resource and load it normally as a resource.
   at: load_from_file (core/io/image.cpp:2780)
   GDScript backtrace (most recent call first):
       [0] rebuild (res://scripts/ui/vehicle_research_tree.gd:126)
       [1] show_country (res://scripts/ui/vehicle_research_tree.gd:103)
       [2] <anonymous lambda> (res://scripts/ui/vehicle_research_tree.gd:51)
       [3] click (res://tests/run_garage_frontend_checks.gd:18)
       [4] run (res://tests/run_research_tree_checks.gd:51)
       [5] query (res://tests/run_research_tree_checks.gd:4)
       [6] frames (res://tests/run_garage_frontend_checks.gd:11)
WARNING: Loaded resource as image file, this will not work on export: 'res://assets/research/thumbnails/germ_pzkpfw_Maus.png'. Instead, import the image file as an Image resource and load it normally as a resource.
   at: load_from_file (core/io/image.cpp:2780)
   GDScript backtrace (most recent call first):
       [0] rebuild (res://scripts/ui/vehicle_research_tree.gd:126)
       [1] show_country (res://scripts/ui/vehicle_research_tree.gd:103)
       [2] <anonymous lambda> (res://scripts/ui/vehicle_research_tree.gd:51)
       [3] click (res://tests/run_garage_frontend_checks.gd:18)
       [4] run (res://tests/run_research_tree_checks.gd:51)
       [5] query (res://tests/run_research_tree_checks.gd:4)
       [6] frames (res://tests/run_garage_frontend_checks.gd:11)
WARNING: Loaded resource as image file, this will not work on export: 'res://assets/research/thumbnails/germ_pzkpfw_e_100.png'. Instead, import the image file as an Image resource and load it normally as a resource.
   at: load_from_file (core/io/image.cpp:2780)
   GDScript backtrace (most recent call first):
       [0] rebuild (res://scripts/ui/vehicle_research_tree.gd:126)
       [1] show_country (res://scripts/ui/vehicle_research_tree.gd:103)
       [2] <anonymous lambda> (res://scripts/ui/vehicle_research_tree.gd:51)
       [3] click (res://tests/run_garage_frontend_checks.gd:18)
       [4] run (res://tests/run_research_tree_checks.gd:51)
       [5] query (res://tests/run_research_tree_checks.gd:4)
       [6] frames (res://tests/run_garage_frontend_checks.gd:11)
WARNING: Loaded resource as image file, this will not work on export: 'res://assets/research/thumbnails/germ_infanterie_kampfpanzer_churchill.png'. Instead, import the image file as an Image resource and load it normally as a resource.
   at: load_from_file (core/io/image.cpp:2780)
   GDScript backtrace (most recent call first):
       [0] rebuild (res://scripts/ui/vehicle_research_tree.gd:126)
       [1] show_country (res://scripts/ui/vehicle_research_tree.gd:103)
       [2] <anonymous lambda> (res://scripts/ui/vehicle_research_tree.gd:51)
       [3] click (res://tests/run_garage_frontend_checks.gd:18)
       [4] run (res://tests/run_research_tree_checks.gd:51)
       [5] query (res://tests/run_research_tree_checks.gd:4)
       [6] frames (res://tests/run_garage_frontend_checks.gd:11)
WARNING: Loaded resource as image file, this will not work on export: 'res://assets/research/thumbnails/germ_kv_2_754r.png'. Instead, import the image file as an Image resource and load it normally as a resource.
   at: load_from_file (core/io/image.cpp:2780)
   GDScript backtrace (most recent call first):
       [0] rebuild (res://scripts/ui/vehicle_research_tree.gd:126)
       [1] show_country (res://scripts/ui/vehicle_research_tree.gd:103)
       [2] <anonymous lambda> (res://scripts/ui/vehicle_research_tree.gd:51)
       [3] click (res://tests/run_garage_frontend_checks.gd:18)
       [4] run (res://tests/run_research_tree_checks.gd:51)
       [5] query (res://tests/run_research_tree_checks.gd:4)
       [6] frames (res://tests/run_garage_frontend_checks.gd:11)
WARNING: Loaded resource as image file, this will not work on export: 'res://assets/research/thumbnails/germ_pzkpfw_II_ausf_C.png'. Instead, import the image file as an Image resource and load it normally as a resource.
   at: load_from_file (core/io/image.cpp:2780)
   GDScript backtrace (most recent call first):
       [0] rebuild (res://scripts/ui/vehicle_research_tree.gd:126)
       [1] show_country (res://scripts/ui/vehicle_research_tree.gd:103)
       [2] <anonymous lambda> (res://scripts/ui/vehicle_research_tree.gd:51)
       [3] click (res://tests/run_garage_frontend_checks.gd:18)
       [4] run (res://tests/run_research_tree_checks.gd:51)
       [5] query (res://tests/run_research_tree_checks.gd:4)
       [6] frames (res://tests/run_garage_frontend_checks.gd:11)
WARNING: Loaded resource as image file, this will not work on export: 'res://assets/research/thumbnails/germ_pzkpfw_35t.png'. Instead, import the image file as an Image resource and load it normally as a resource.
   at: load_from_file (core/io/image.cpp:2780)
   GDScript backtrace (most recent call first):
       [0] rebuild (res://scripts/ui/vehicle_research_tree.gd:126)
       [1] show_country (res://scripts/ui/vehicle_research_tree.gd:103)
       [2] <anonymous lambda> (res://scripts/ui/vehicle_research_tree.gd:51)
       [3] click (res://tests/run_garage_frontend_checks.gd:18)
       [4] run (res://tests/run_research_tree_checks.gd:51)
       [5] query (res://tests/run_research_tree_checks.gd:4)
       [6] frames (res://tests/run_garage_frontend_checks.gd:11)
WARNING: Loaded resource as image file, this will not work on export: 'res://assets/research/thumbnails/germ_pzkpfw_38t_ausf_A.png'. Instead, import the image file as an Image resource and load it normally as a resource.
   at: load_from_file (core/io/image.cpp:2780)
   GDScript backtrace (most recent call first):
       [0] rebuild (res://scripts/ui/vehicle_research_tree.gd:126)
       [1] show_country (res://scripts/ui/vehicle_research_tree.gd:103)
       [2] <anonymous lambda> (res://scripts/ui/vehicle_research_tree.gd:51)
       [3] click (res://tests/run_garage_frontend_checks.gd:18)
       [4] run (res://tests/run_research_tree_checks.gd:51)
       [5] query (res://tests/run_research_tree_checks.gd:4)
       [6] frames (res://tests/run_garage_frontend_checks.gd:11)
WARNING: Loaded resource as image file, this will not work on export: 'res://assets/research/thumbnails/germ_amd_35_kwk.png'. Instead, import the image file as an Image resource and load it normally as a resource.
   at: load_from_file (core/io/image.cpp:2780)
   GDScript backtrace (most recent call first):
       [0] rebuild (res://scripts/ui/vehicle_research_tree.gd:126)
       [1] show_country (res://scripts/ui/vehicle_research_tree.gd:103)
       [2] <anonymous lambda> (res://scripts/ui/vehicle_research_tree.gd:51)
       [3] click (res://tests/run_garage_frontend_checks.gd:18)
       [4] run (res://tests/run_research_tree_checks.gd:51)
       [5] query (res://tests/run_research_tree_checks.gd:4)
       [6] frames (res://tests/run_garage_frontend_checks.gd:11)
WARNING: Loaded resource as image file, this will not work on export: 'res://assets/research/thumbnails/germ_begleitpanzer_57.png'. Instead, import the image file as an Image resource and load it normally as a resource.
   at: load_from_file (core/io/image.cpp:2780)
   GDScript backtrace (most recent call first):
       [0] rebuild (res://scripts/ui/vehicle_research_tree.gd:126)
       [1] show_country (res://scripts/ui/vehicle_research_tree.gd:103)
       [2] <anonymous lambda> (res://scripts/ui/vehicle_research_tree.gd:51)
       [3] click (res://tests/run_garage_frontend_checks.gd:18)
       [4] run (res://tests/run_research_tree_checks.gd:51)
       [5] query (res://tests/run_research_tree_checks.gd:4)
       [6] frames (res://tests/run_garage_frontend_checks.gd:11)
WARNING: Loaded resource as image file, this will not work on export: 'res://assets/research/thumbnails/germ_bmp_1_ddr.png'. Instead, import the image file as an Image resource and load it normally as a resource.
   at: load_from_file (core/io/image.cpp:2780)
   GDScript backtrace (most recent call first):
       [0] rebuild (res://scripts/ui/vehicle_research_tree.gd:126)
       [1] show_country (res://scripts/ui/vehicle_research_tree.gd:103)
       [2] <anonymous lambda> (res://scripts/ui/vehicle_research_tree.gd:51)
       [3] click (res://tests/run_garage_frontend_checks.gd:18)
       [4] run (res://tests/run_research_tree_checks.gd:51)
       [5] query (res://tests/run_research_tree_checks.gd:4)
       [6] frames (res://tests/run_garage_frontend_checks.gd:11)
WARNING: Loaded resource as image file, this will not work on export: 'res://assets/research/thumbnails/germ_boxer_3105.png'. Instead, import the image file as an Image resource and load it normally as a resource.
   at: load_from_file (core/io/image.cpp:2780)
   GDScript backtrace (most recent call first):
       [0] rebuild (res://scripts/ui/vehicle_research_tree.gd:126)
       [1] show_country (res://scripts/ui/vehicle_research_tree.gd:103)
       [2] <anonymous lambda> (res://scripts/ui/vehicle_research_tree.gd:51)
       [3] click (res://tests/run_garage_frontend_checks.gd:18)
       [4] run (res://tests/run_research_tree_checks.gd:51)
       [5] query (res://tests/run_research_tree_checks.gd:4)
       [6] frames (res://tests/run_garage_frontend_checks.gd:11)
WARNING: Loaded resource as image file, this will not work on export: 'res://assets/research/thumbnails/germ_boxer_swatrinf.png'. Instead, import the image file as an Image resource and load it normally as a resource.
   at: load_from_file (core/io/image.cpp:2780)
   GDScript backtrace (most recent call first):
       [0] rebuild (res://scripts/ui/vehicle_research_tree.gd:126)
       [1] show_country (res://scripts/ui/vehicle_research_tree.gd:103)
       [2] <anonymous lambda> (res://scripts/ui/vehicle_research_tree.gd:51)
       [3] click (res://tests/run_garage_frontend_checks.gd:18)
       [4] run (res://tests/run_research_tree_checks.gd:51)
       [5] query (res://tests/run_research_tree_checks.gd:4)
       [6] frames (res://tests/run_garage_frontend_checks.gd:11)
WARNING: Loaded resource as image file, this will not work on export: 'res://assets/research/thumbnails/germ_le_kpz_m41.png'. Instead, import the image file as an Image resource and load it normally as a resource.
   at: load_from_file (core/io/image.cpp:2780)
   GDScript backtrace (most recent call first):
       [0] rebuild (res://scripts/ui/vehicle_research_tree.gd:126)
       [1] show_country (res://scripts/ui/vehicle_research_tree.gd:103)
       [2] <anonymous lambda> (res://scripts/ui/vehicle_research_tree.gd:51)
       [3] click (res://tests/run_garage_frontend_checks.gd:18)
       [4] run (res://tests/run_research_tree_checks.gd:51)
       [5] query (res://tests/run_research_tree_checks.gd:4)
       [6] frames (res://tests/run_garage_frontend_checks.gd:11)
WARNING: Loaded resource as image file, this will not work on export: 'res://assets/research/thumbnails/germ_marder_1a1.png'. Instead, import the image file as an Image resource and load it normally as a resource.
   at: load_from_file (core/io/image.cpp:2780)
   GDScript backtrace (most recent call first):
       [0] rebuild (res://scripts/ui/vehicle_research_tree.gd:126)
       [1] show_country (res://scripts/ui/vehicle_research_tree.gd:103)
       [2] <anonymous lambda> (res://scripts/ui/vehicle_research_tree.gd:51)
       [3] click (res://tests/run_garage_frontend_checks.gd:18)
       [4] run (res://tests/run_research_tree_checks.gd:51)
       [5] query (res://tests/run_research_tree_checks.gd:4)
       [6] frames (res://tests/run_garage_frontend_checks.gd:11)
WARNING: Loaded resource as image file, this will not work on export: 'res://assets/research/thumbnails/germ_marder_df_105.png'. Instead, import the image file as an Image resource and load it normally as a resource.
   at: load_from_file (core/io/image.cpp:2780)
   GDScript backtrace (most recent call first):
       [0] rebuild (res://scripts/ui/vehicle_research_tree.gd:126)
       [1] show_country (res://scripts/ui/vehicle_research_tree.gd:103)
       [2] <anonymous lambda> (res://scripts/ui/vehicle_research_tree.gd:51)
       [3] click (res://tests/run_garage_frontend_checks.gd:18)
       [4] run (res://tests/run_research_tree_checks.gd:51)
       [5] query (res://tests/run_research_tree_checks.gd:4)
       [6] frames (res://tests/run_garage_frontend_checks.gd:11)
WARNING: Loaded resource as image file, this will not work on export: 'res://assets/research/thumbnails/germ_pzkpfw_38t_Aufklarungspanzer.png'. Instead, import the image file as an Image resource and load it normally as a resource.
   at: load_from_file (core/io/image.cpp:2780)
   GDScript backtrace (most recent call first):
       [0] rebuild (res://scripts/ui/vehicle_research_tree.gd:126)
       [1] show_country (res://scripts/ui/vehicle_research_tree.gd:103)
       [2] <anonymous lambda> (res://scripts/ui/vehicle_research_tree.gd:51)
       [3] click (res://tests/run_garage_frontend_checks.gd:18)
       [4] run (res://tests/run_research_tree_checks.gd:51)
       [5] query (res://tests/run_research_tree_checks.gd:4)
       [6] frames (res://tests/run_garage_frontend_checks.gd:11)
WARNING: Loaded resource as image file, this will not work on export: 'res://assets/research/thumbnails/germ_radpanzer_90.png'. Instead, import the image file as an Image resource and load it normally as a resource.
   at: load_from_file (core/io/image.cpp:2780)
   GDScript backtrace (most recent call first):
       [0] rebuild (res://scripts/ui/vehicle_research_tree.gd:126)
       [1] show_country (res://scripts/ui/vehicle_research_tree.gd:103)
       [2] <anonymous lambda> (res://scripts/ui/vehicle_research_tree.gd:51)
       [3] click (res://tests/run_garage_frontend_checks.gd:18)
       [4] run (res://tests/run_research_tree_checks.gd:51)
       [5] query (res://tests/run_research_tree_checks.gd:4)
       [6] frames (res://tests/run_garage_frontend_checks.gd:11)
WARNING: Loaded resource as image file, this will not work on export: 'res://assets/research/thumbnails/germ_ru251.png'. Instead, import the image file as an Image resource and load it normally as a resource.
   at: load_from_file (core/io/image.cpp:2780)
   GDScript backtrace (most recent call first):
       [0] rebuild (res://scripts/ui/vehicle_research_tree.gd:126)
       [1] show_country (res://scripts/ui/vehicle_research_tree.gd:103)
       [2] <anonymous lambda> (res://scripts/ui/vehicle_research_tree.gd:51)
       [3] click (res://tests/run_garage_frontend_checks.gd:18)
       [4] run (res://tests/run_research_tree_checks.gd:51)
       [5] query (res://tests/run_research_tree_checks.gd:4)
       [6] frames (res://tests/run_garage_frontend_checks.gd:11)
WARNING: Loaded resource as image file, this will not work on export: 'res://assets/research/thumbnails/germ_schutzenpanzer_puma.png'. Instead, import the image file as an Image resource and load it normally as a resource.
   at: load_from_file (core/io/image.cpp:2780)
   GDScript backtrace (most recent call first):
       [0] rebuild (res://scripts/ui/vehicle_research_tree.gd:126)
       [1] show_country (res://scripts/ui/vehicle_research_tree.gd:103)
       [2] <anonymous lambda> (res://scripts/ui/vehicle_research_tree.gd:51)
       [3] click (res://tests/run_garage_frontend_checks.gd:18)
       [4] run (res://tests/run_research_tree_checks.gd:51)
       [5] query (res://tests/run_research_tree_checks.gd:4)
       [6] frames (res://tests/run_garage_frontend_checks.gd:11)
WARNING: Loaded resource as image file, this will not work on export: 'res://assets/research/thumbnails/germ_sdkfz_221_s_pz_b_41.png'. Instead, import the image file as an Image resource and load it normally as a resource.
   at: load_from_file (core/io/image.cpp:2780)
   GDScript backtrace (most recent call first):
       [0] rebuild (res://scripts/ui/vehicle_research_tree.gd:126)
       [1] show_country (res://scripts/ui/vehicle_research_tree.gd:103)
       [2] <anonymous lambda> (res://scripts/ui/vehicle_research_tree.gd:51)
       [3] click (res://tests/run_garage_frontend_checks.gd:18)
       [4] run (res://tests/run_research_tree_checks.gd:51)
       [5] query (res://tests/run_research_tree_checks.gd:4)
       [6] frames (res://tests/run_garage_frontend_checks.gd:11)
WARNING: Loaded resource as image file, this will not work on export: 'res://assets/research/thumbnails/germ_sdkfz_234_2.png'. Instead, import the image file as an Image resource and load it normally as a resource.
   at: load_from_file (core/io/image.cpp:2780)
   GDScript backtrace (most recent call first):
       [0] rebuild (res://scripts/ui/vehicle_research_tree.gd:126)
       [1] show_country (res://scripts/ui/vehicle_research_tree.gd:103)
       [2] <anonymous lambda> (res://scripts/ui/vehicle_research_tree.gd:51)
       [3] click (res://tests/run_garage_frontend_checks.gd:18)
       [4] run (res://tests/run_research_tree_checks.gd:51)
       [5] query (res://tests/run_research_tree_checks.gd:4)
       [6] frames (res://tests/run_garage_frontend_checks.gd:11)
WARNING: Loaded resource as image file, this will not work on export: 'res://assets/research/thumbnails/germ_sk105_a2.png'. Instead, import the image file as an Image resource and load it normally as a resource.
   at: load_from_file (core/io/image.cpp:2780)
   GDScript backtrace (most recent call first):
       [0] rebuild (res://scripts/ui/vehicle_research_tree.gd:126)
       [1] show_country (res://scripts/ui/vehicle_research_tree.gd:103)
       [2] <anonymous lambda> (res://scripts/ui/vehicle_research_tree.gd:51)
       [3] click (res://tests/run_garage_frontend_checks.gd:18)
       [4] run (res://tests/run_research_tree_checks.gd:51)
       [5] query (res://tests/run_research_tree_checks.gd:4)
       [6] frames (res://tests/run_garage_frontend_checks.gd:11)
WARNING: Loaded resource as image file, this will not work on export: 'res://assets/research/thumbnails/germ_sppz2_luchs_a2.png'. Instead, import the image file as an Image resource and load it normally as a resource.
   at: load_from_file (core/io/image.cpp:2780)
   GDScript backtrace (most recent call first):
       [0] rebuild (res://scripts/ui/vehicle_research_tree.gd:126)
       [1] show_country (res://scripts/ui/vehicle_research_tree.gd:103)
       [2] <anonymous lambda> (res://scripts/ui/vehicle_research_tree.gd:51)
       [3] click (res://tests/run_garage_frontend_checks.gd:18)
       [4] run (res://tests/run_research_tree_checks.gd:51)
       [5] query (res://tests/run_research_tree_checks.gd:4)
       [6] frames (res://tests/run_garage_frontend_checks.gd:11)
WARNING: Loaded resource as image file, this will not work on export: 'res://assets/research/thumbnails/germ_spz_12_3.png'. Instead, import the image file as an Image resource and load it normally as a resource.
   at: load_from_file (core/io/image.cpp:2780)
   GDScript backtrace (most recent call first):
       [0] rebuild (res://scripts/ui/vehicle_research_tree.gd:126)
       [1] show_country (res://scripts/ui/vehicle_research_tree.gd:103)
       [2] <anonymous lambda> (res://scripts/ui/vehicle_research_tree.gd:51)
       [3] click (res://tests/run_garage_frontend_checks.gd:18)
       [4] run (res://tests/run_research_tree_checks.gd:51)
       [5] query (res://tests/run_research_tree_checks.gd:4)
       [6] frames (res://tests/run_garage_frontend_checks.gd:11)
WARNING: Loaded resource as image file, this will not work on export: 'res://assets/research/thumbnails/germ_th_400.png'. Instead, import the image file as an Image resource and load it normally as a resource.
   at: load_from_file (core/io/image.cpp:2780)
   GDScript backtrace (most recent call first):
       [0] rebuild (res://scripts/ui/vehicle_research_tree.gd:126)
       [1] show_country (res://scripts/ui/vehicle_research_tree.gd:103)
       [2] <anonymous lambda> (res://scripts/ui/vehicle_research_tree.gd:51)
       [3] click (res://tests/run_garage_frontend_checks.gd:18)
       [4] run (res://tests/run_research_tree_checks.gd:51)
       [5] query (res://tests/run_research_tree_checks.gd:4)
       [6] frames (res://tests/run_garage_frontend_checks.gd:11)
WARNING: Loaded resource as image file, this will not work on export: 'res://assets/research/thumbnails/germ_thyssen_henschel_tam.png'. Instead, import the image file as an Image resource and load it normally as a resource.
   at: load_from_file (core/io/image.cpp:2780)
   GDScript backtrace (most recent call first):
       [0] rebuild (res://scripts/ui/vehicle_research_tree.gd:126)
       [1] show_country (res://scripts/ui/vehicle_research_tree.gd:103)
       [2] <anonymous lambda> (res://scripts/ui/vehicle_research_tree.gd:51)
       [3] click (res://tests/run_garage_frontend_checks.gd:18)
       [4] run (res://tests/run_research_tree_checks.gd:51)
       [5] query (res://tests/run_research_tree_checks.gd:4)
       [6] frames (res://tests/run_garage_frontend_checks.gd:11)
WARNING: Loaded resource as image file, this will not work on export: 'res://assets/research/thumbnails/germ_vilkas.png'. Instead, import the image file as an Image resource and load it normally as a resource.
   at: load_from_file (core/io/image.cpp:2780)
   GDScript backtrace (most recent call first):
       [0] rebuild (res://scripts/ui/vehicle_research_tree.gd:126)
       [1] show_country (res://scripts/ui/vehicle_research_tree.gd:103)
       [2] <anonymous lambda> (res://scripts/ui/vehicle_research_tree.gd:51)
       [3] click (res://tests/run_garage_frontend_checks.gd:18)
       [4] run (res://tests/run_research_tree_checks.gd:51)
       [5] query (res://tests/run_research_tree_checks.gd:4)
       [6] frames (res://tests/run_garage_frontend_checks.gd:11)
WARNING: Loaded resource as image file, this will not work on export: 'res://assets/research/thumbnails/germ_panzerjager_1.png'. Instead, import the image file as an Image resource and load it normally as a resource.
   at: load_from_file (core/io/image.cpp:2780)
   GDScript backtrace (most recent call first):
       [0] rebuild (res://scripts/ui/vehicle_research_tree.gd:126)
       [1] show_country (res://scripts/ui/vehicle_research_tree.gd:103)
       [2] <anonymous lambda> (res://scripts/ui/vehicle_research_tree.gd:51)
       [3] click (res://tests/run_garage_frontend_checks.gd:18)
       [4] run (res://tests/run_research_tree_checks.gd:51)
       [5] query (res://tests/run_research_tree_checks.gd:4)
       [6] frames (res://tests/run_garage_frontend_checks.gd:11)
WARNING: Loaded resource as image file, this will not work on export: 'res://assets/research/thumbnails/germ_stug_III_ausf_A.png'. Instead, import the image file as an Image resource and load it normally as a resource.
   at: load_from_file (core/io/image.cpp:2780)
   GDScript backtrace (most recent call first):
       [0] rebuild (res://scripts/ui/vehicle_research_tree.gd:126)
       [1] show_country (res://scripts/ui/vehicle_research_tree.gd:103)
       [2] <anonymous lambda> (res://scripts/ui/vehicle_research_tree.gd:51)
       [3] click (res://tests/run_garage_frontend_checks.gd:18)
       [4] run (res://tests/run_research_tree_checks.gd:51)
       [5] query (res://tests/run_research_tree_checks.gd:4)
       [6] frames (res://tests/run_garage_frontend_checks.gd:11)
WARNING: Loaded resource as image file, this will not work on export: 'res://assets/research/thumbnails/germ_pzkpfw_38t_Marder_III.png'. Instead, import the image file as an Image resource and load it normally as a resource.
   at: load_from_file (core/io/image.cpp:2780)
   GDScript backtrace (most recent call first):
       [0] rebuild (res://scripts/ui/vehicle_research_tree.gd:126)
       [1] show_country (res://scripts/ui/vehicle_research_tree.gd:103)
       [2] <anonymous lambda> (res://scripts/ui/vehicle_research_tree.gd:51)
       [3] click (res://tests/run_garage_frontend_checks.gd:18)
       [4] run (res://tests/run_research_tree_checks.gd:51)
       [5] query (res://tests/run_research_tree_checks.gd:4)
       [6] frames (res://tests/run_garage_frontend_checks.gd:11)
WARNING: Loaded resource as image file, this will not work on export: 'res://assets/research/thumbnails/germ_jgdpz_38t.png'. Instead, import the image file as an Image resource and load it normally as a resource.
   at: load_from_file (core/io/image.cpp:2780)
   GDScript backtrace (most recent call first):
       [0] rebuild (res://scripts/ui/vehicle_research_tree.gd:126)
       [1] show_country (res://scripts/ui/vehicle_research_tree.gd:103)
       [2] <anonymous lambda> (res://scripts/ui/vehicle_research_tree.gd:51)
       [3] click (res://tests/run_garage_frontend_checks.gd:18)
       [4] run (res://tests/run_research_tree_checks.gd:51)
       [5] query (res://tests/run_research_tree_checks.gd:4)
       [6] frames (res://tests/run_garage_frontend_checks.gd:11)
WARNING: Loaded resource as image file, this will not work on export: 'res://assets/research/thumbnails/germ_jgdpz_IV_L48.png'. Instead, import the image file as an Image resource and load it normally as a resource.
   at: load_from_file (core/io/image.cpp:2780)
   GDScript backtrace (most recent call first):
       [0] rebuild (res://scripts/ui/vehicle_research_tree.gd:126)
       [1] show_country (res://scripts/ui/vehicle_research_tree.gd:103)
       [2] <anonymous lambda> (res://scripts/ui/vehicle_research_tree.gd:51)
       [3] click (res://tests/run_garage_frontend_checks.gd:18)
       [4] run (res://tests/run_research_tree_checks.gd:51)
       [5] query (res://tests/run_research_tree_checks.gd:4)
       [6] frames (res://tests/run_garage_frontend_checks.gd:11)
WARNING: Loaded resource as image file, this will not work on export: 'res://assets/research/thumbnails/germ_panzerjager_panther.png'. Instead, import the image file as an Image resource and load it normally as a resource.
   at: load_from_file (core/io/image.cpp:2780)
   GDScript backtrace (most recent call first):
       [0] rebuild (res://scripts/ui/vehicle_research_tree.gd:126)
       [1] show_country (res://scripts/ui/vehicle_research_tree.gd:103)
       [2] <anonymous lambda> (res://scripts/ui/vehicle_research_tree.gd:51)
       [3] click (res://tests/run_garage_frontend_checks.gd:18)
       [4] run (res://tests/run_research_tree_checks.gd:51)
       [5] query (res://tests/run_research_tree_checks.gd:4)
       [6] frames (res://tests/run_garage_frontend_checks.gd:11)
WARNING: Loaded resource as image file, this will not work on export: 'res://assets/research/thumbnails/germ_panzerjager_tiger_P_ferdinand.png'. Instead, import the image file as an Image resource and load it normally as a resource.
   at: load_from_file (core/io/image.cpp:2780)
   GDScript backtrace (most recent call first):
       [0] rebuild (res://scripts/ui/vehicle_research_tree.gd:126)
       [1] show_country (res://scripts/ui/vehicle_research_tree.gd:103)
       [2] <anonymous lambda> (res://scripts/ui/vehicle_research_tree.gd:51)
       [3] click (res://tests/run_garage_frontend_checks.gd:18)
       [4] run (res://tests/run_research_tree_checks.gd:51)
       [5] query (res://tests/run_research_tree_checks.gd:4)
       [6] frames (res://tests/run_garage_frontend_checks.gd:11)
WARNING: Loaded resource as image file, this will not work on export: 'res://assets/research/thumbnails/germ_panzerjager_tiger.png'. Instead, import the image file as an Image resource and load it normally as a resource.
   at: load_from_file (core/io/image.cpp:2780)
   GDScript backtrace (most recent call first):
       [0] rebuild (res://scripts/ui/vehicle_research_tree.gd:126)
       [1] show_country (res://scripts/ui/vehicle_research_tree.gd:103)
       [2] <anonymous lambda> (res://scripts/ui/vehicle_research_tree.gd:51)
       [3] click (res://tests/run_garage_frontend_checks.gd:18)
       [4] run (res://tests/run_research_tree_checks.gd:51)
       [5] query (res://tests/run_research_tree_checks.gd:4)
       [6] frames (res://tests/run_garage_frontend_checks.gd:11)
WARNING: Loaded resource as image file, this will not work on export: 'res://assets/research/thumbnails/germ_hummel.png'. Instead, import the image file as an Image resource and load it normally as a resource.
   at: load_from_file (core/io/image.cpp:2780)
   GDScript backtrace (most recent call first):
       [0] rebuild (res://scripts/ui/vehicle_research_tree.gd:126)
       [1] show_country (res://scripts/ui/vehicle_research_tree.gd:103)
       [2] <anonymous lambda> (res://scripts/ui/vehicle_research_tree.gd:51)
       [3] click (res://tests/run_garage_frontend_checks.gd:18)
       [4] run (res://tests/run_research_tree_checks.gd:51)
       [5] query (res://tests/run_research_tree_checks.gd:4)
       [6] frames (res://tests/run_garage_frontend_checks.gd:11)
WARNING: Loaded resource as image file, this will not work on export: 'res://assets/research/thumbnails/germ_jaguar_2.png'. Instead, import the image file as an Image resource and load it normally as a resource.
   at: load_from_file (core/io/image.cpp:2780)
   GDScript backtrace (most recent call first):
       [0] rebuild (res://scripts/ui/vehicle_research_tree.gd:126)
       [1] show_country (res://scripts/ui/vehicle_research_tree.gd:103)
       [2] <anonymous lambda> (res://scripts/ui/vehicle_research_tree.gd:51)
       [3] click (res://tests/run_garage_frontend_checks.gd:18)
       [4] run (res://tests/run_research_tree_checks.gd:51)
       [5] query (res://tests/run_research_tree_checks.gd:4)
       [6] frames (res://tests/run_garage_frontend_checks.gd:11)
WARNING: Loaded resource as image file, this will not work on export: 'res://assets/research/thumbnails/germ_kanonenjagdpanzer.png'. Instead, import the image file as an Image resource and load it normally as a resource.
   at: load_from_file (core/io/image.cpp:2780)
   GDScript backtrace (most recent call first):
       [0] rebuild (res://scripts/ui/vehicle_research_tree.gd:126)
       [1] show_country (res://scripts/ui/vehicle_research_tree.gd:103)
       [2] <anonymous lambda> (res://scripts/ui/vehicle_research_tree.gd:51)
       [3] click (res://tests/run_garage_frontend_checks.gd:18)
       [4] run (res://tests/run_research_tree_checks.gd:51)
       [5] query (res://tests/run_research_tree_checks.gd:4)
       [6] frames (res://tests/run_garage_frontend_checks.gd:11)
WARNING: Loaded resource as image file, this will not work on export: 'res://assets/research/thumbnails/germ_m44.png'. Instead, import the image file as an Image resource and load it normally as a resource.
   at: load_from_file (core/io/image.cpp:2780)
   GDScript backtrace (most recent call first):
       [0] rebuild (res://scripts/ui/vehicle_research_tree.gd:126)
       [1] show_country (res://scripts/ui/vehicle_research_tree.gd:103)
       [2] <anonymous lambda> (res://scripts/ui/vehicle_research_tree.gd:51)
       [3] click (res://tests/run_garage_frontend_checks.gd:18)
       [4] run (res://tests/run_research_tree_checks.gd:51)
       [5] query (res://tests/run_research_tree_checks.gd:4)
       [6] frames (res://tests/run_garage_frontend_checks.gd:11)
WARNING: Loaded resource as image file, this will not work on export: 'res://assets/research/thumbnails/germ_m55.png'. Instead, import the image file as an Image resource and load it normally as a resource.
   at: load_from_file (core/io/image.cpp:2780)
   GDScript backtrace (most recent call first):
       [0] rebuild (res://scripts/ui/vehicle_research_tree.gd:126)
       [1] show_country (res://scripts/ui/vehicle_research_tree.gd:103)
       [2] <anonymous lambda> (res://scripts/ui/vehicle_research_tree.gd:51)
       [3] click (res://tests/run_garage_frontend_checks.gd:18)
       [4] run (res://tests/run_research_tree_checks.gd:51)
       [5] query (res://tests/run_research_tree_checks.gd:4)
       [6] frames (res://tests/run_garage_frontend_checks.gd:11)
WARNING: Loaded resource as image file, this will not work on export: 'res://assets/research/thumbnails/germ_m109g.png'. Instead, import the image file as an Image resource and load it normally as a resource.
   at: load_from_file (core/io/image.cpp:2780)
   GDScript backtrace (most recent call first):
       [0] rebuild (res://scripts/ui/vehicle_research_tree.gd:126)
       [1] show_country (res://scripts/ui/vehicle_research_tree.gd:103)
       [2] <anonymous lambda> (res://scripts/ui/vehicle_research_tree.gd:51)
       [3] click (res://tests/run_garage_frontend_checks.gd:18)
       [4] run (res://tests/run_research_tree_checks.gd:51)
       [5] query (res://tests/run_research_tree_checks.gd:4)
       [6] frames (res://tests/run_garage_frontend_checks.gd:11)
WARNING: Loaded resource as image file, this will not work on export: 'res://assets/research/thumbnails/germ_panzerjager_nashorn.png'. Instead, import the image file as an Image resource and load it normally as a resource.
   at: load_from_file (core/io/image.cpp:2780)
   GDScript backtrace (most recent call first):
       [0] rebuild (res://scripts/ui/vehicle_research_tree.gd:126)
       [1] show_country (res://scripts/ui/vehicle_research_tree.gd:103)
       [2] <anonymous lambda> (res://scripts/ui/vehicle_research_tree.gd:51)
       [3] click (res://tests/run_garage_frontend_checks.gd:18)
       [4] run (res://tests/run_research_tree_checks.gd:51)
       [5] query (res://tests/run_research_tree_checks.gd:4)
       [6] frames (res://tests/run_garage_frontend_checks.gd:11)
WARNING: Loaded resource as image file, this will not work on export: 'res://assets/research/thumbnails/germ_pzh_2000.png'. Instead, import the image file as an Image resource and load it normally as a resource.
   at: load_from_file (core/io/image.cpp:2780)
   GDScript backtrace (most recent call first):
       [0] rebuild (res://scripts/ui/vehicle_research_tree.gd:126)
       [1] show_country (res://scripts/ui/vehicle_research_tree.gd:103)
       [2] <anonymous lambda> (res://scripts/ui/vehicle_research_tree.gd:51)
       [3] click (res://tests/run_garage_frontend_checks.gd:18)
       [4] run (res://tests/run_research_tree_checks.gd:51)
       [5] query (res://tests/run_research_tree_checks.gd:4)
       [6] frames (res://tests/run_garage_frontend_checks.gd:11)
WARNING: Loaded resource as image file, this will not work on export: 'res://assets/research/thumbnails/germ_pzsfl_IVa_dickermax.png'. Instead, import the image file as an Image resource and load it normally as a resource.
   at: load_from_file (core/io/image.cpp:2780)
   GDScript backtrace (most recent call first):
       [0] rebuild (res://scripts/ui/vehicle_research_tree.gd:126)
       [1] show_country (res://scripts/ui/vehicle_research_tree.gd:103)
       [2] <anonymous lambda> (res://scripts/ui/vehicle_research_tree.gd:51)
       [3] click (res://tests/run_garage_frontend_checks.gd:18)
       [4] run (res://tests/run_research_tree_checks.gd:51)
       [5] query (res://tests/run_research_tree_checks.gd:4)
       [6] frames (res://tests/run_garage_frontend_checks.gd:11)
WARNING: Loaded resource as image file, this will not work on export: 'res://assets/research/thumbnails/germ_pzsflk40_sturer_emil.png'. Instead, import the image file as an Image resource and load it normally as a resource.
   at: load_from_file (core/io/image.cpp:2780)
   GDScript backtrace (most recent call first):
       [0] rebuild (res://scripts/ui/vehicle_research_tree.gd:126)
       [1] show_country (res://scripts/ui/vehicle_research_tree.gd:103)
       [2] <anonymous lambda> (res://scripts/ui/vehicle_research_tree.gd:51)
       [3] click (res://tests/run_garage_frontend_checks.gd:18)
       [4] run (res://tests/run_research_tree_checks.gd:51)
       [5] query (res://tests/run_research_tree_checks.gd:4)
       [6] frames (res://tests/run_garage_frontend_checks.gd:11)
WARNING: Loaded resource as image file, this will not work on export: 'res://assets/research/thumbnails/germ_raketenjagdpanzer_2.png'. Instead, import the image file as an Image resource and load it normally as a resource.
   at: load_from_file (core/io/image.cpp:2780)
   GDScript backtrace (most recent call first):
       [0] rebuild (res://scripts/ui/vehicle_research_tree.gd:126)
       [1] show_country (res://scripts/ui/vehicle_research_tree.gd:103)
       [2] <anonymous lambda> (res://scripts/ui/vehicle_research_tree.gd:51)
       [3] click (res://tests/run_garage_frontend_checks.gd:18)
       [4] run (res://tests/run_research_tree_checks.gd:51)
       [5] query (res://tests/run_research_tree_checks.gd:4)
       [6] frames (res://tests/run_garage_frontend_checks.gd:11)
WARNING: Loaded resource as image file, this will not work on export: 'res://assets/research/thumbnails/germ_sturmmorser_sturmtiger.png'. Instead, import the image file as an Image resource and load it normally as a resource.
   at: load_from_file (core/io/image.cpp:2780)
   GDScript backtrace (most recent call first):
       [0] rebuild (res://scripts/ui/vehicle_research_tree.gd:126)
       [1] show_country (res://scripts/ui/vehicle_research_tree.gd:103)
       [2] <anonymous lambda> (res://scripts/ui/vehicle_research_tree.gd:51)
       [3] click (res://tests/run_garage_frontend_checks.gd:18)
       [4] run (res://tests/run_research_tree_checks.gd:51)
       [5] query (res://tests/run_research_tree_checks.gd:4)
       [6] frames (res://tests/run_garage_frontend_checks.gd:11)
WARNING: Loaded resource as image file, this will not work on export: 'res://assets/research/thumbnails/germ_sturmpanzer_II.png'. Instead, import the image file as an Image resource and load it normally as a resource.
   at: load_from_file (core/io/image.cpp:2780)
   GDScript backtrace (most recent call first):
       [0] rebuild (res://scripts/ui/vehicle_research_tree.gd:126)
       [1] show_country (res://scripts/ui/vehicle_research_tree.gd:103)
       [2] <anonymous lambda> (res://scripts/ui/vehicle_research_tree.gd:51)
       [3] click (res://tests/run_garage_frontend_checks.gd:18)
       [4] run (res://tests/run_research_tree_checks.gd:51)
       [5] query (res://tests/run_research_tree_checks.gd:4)
       [6] frames (res://tests/run_garage_frontend_checks.gd:11)
WARNING: Loaded resource as image file, this will not work on export: 'res://assets/research/thumbnails/germ_sturmpanzer_IV_brummbar.png'. Instead, import the image file as an Image resource and load it normally as a resource.
   at: load_from_file (core/io/image.cpp:2780)
   GDScript backtrace (most recent call first):
       [0] rebuild (res://scripts/ui/vehicle_research_tree.gd:126)
       [1] show_country (res://scripts/ui/vehicle_research_tree.gd:103)
       [2] <anonymous lambda> (res://scripts/ui/vehicle_research_tree.gd:51)
       [3] click (res://tests/run_garage_frontend_checks.gd:18)
       [4] run (res://tests/run_research_tree_checks.gd:51)
       [5] query (res://tests/run_research_tree_checks.gd:4)
       [6] frames (res://tests/run_garage_frontend_checks.gd:11)
WARNING: Loaded resource as image file, this will not work on export: 'res://assets/research/thumbnails/germ_vt_1_2.png'. Instead, import the image file as an Image resource and load it normally as a resource.
   at: load_from_file (core/io/image.cpp:2780)
   GDScript backtrace (most recent call first):
       [0] rebuild (res://scripts/ui/vehicle_research_tree.gd:126)
       [1] show_country (res://scripts/ui/vehicle_research_tree.gd:103)
       [2] <anonymous lambda> (res://scripts/ui/vehicle_research_tree.gd:51)
       [3] click (res://tests/run_garage_frontend_checks.gd:18)
       [4] run (res://tests/run_research_tree_checks.gd:51)
       [5] query (res://tests/run_research_tree_checks.gd:4)
       [6] frames (res://tests/run_garage_frontend_checks.gd:11)
WARNING: Loaded resource as image file, this will not work on export: 'res://assets/research/thumbnails/germ_waffentrager_krupp_steyr.png'. Instead, import the image file as an Image resource and load it normally as a resource.
   at: load_from_file (core/io/image.cpp:2780)
   GDScript backtrace (most recent call first):
       [0] rebuild (res://scripts/ui/vehicle_research_tree.gd:126)
       [1] show_country (res://scripts/ui/vehicle_research_tree.gd:103)
       [2] <anonymous lambda> (res://scripts/ui/vehicle_research_tree.gd:51)
       [3] click (res://tests/run_garage_frontend_checks.gd:18)
       [4] run (res://tests/run_research_tree_checks.gd:51)
       [5] query (res://tests/run_research_tree_checks.gd:4)
       [6] frames (res://tests/run_garage_frontend_checks.gd:11)
WARNING: Loaded resource as image file, this will not work on export: 'res://assets/research/thumbnails/germ_wiesel_1_tow.png'. Instead, import the image file as an Image resource and load it normally as a resource.
   at: load_from_file (core/io/image.cpp:2780)
   GDScript backtrace (most recent call first):
       [0] rebuild (res://scripts/ui/vehicle_research_tree.gd:126)
       [1] show_country (res://scripts/ui/vehicle_research_tree.gd:103)
       [2] <anonymous lambda> (res://scripts/ui/vehicle_research_tree.gd:51)
       [3] click (res://tests/run_garage_frontend_checks.gd:18)
       [4] run (res://tests/run_research_tree_checks.gd:51)
       [5] query (res://tests/run_research_tree_checks.gd:4)
       [6] frames (res://tests/run_garage_frontend_checks.gd:11)
WARNING: Loaded resource as image file, this will not work on export: 'res://assets/research/thumbnails/germ_flakpanzer_IV_Kugelblitz.png'. Instead, import the image file as an Image resource and load it normally as a resource.
   at: load_from_file (core/io/image.cpp:2780)
   GDScript backtrace (most recent call first):
       [0] rebuild (res://scripts/ui/vehicle_research_tree.gd:126)
       [1] show_country (res://scripts/ui/vehicle_research_tree.gd:103)
       [2] <anonymous lambda> (res://scripts/ui/vehicle_research_tree.gd:51)
       [3] click (res://tests/run_garage_frontend_checks.gd:18)
       [4] run (res://tests/run_research_tree_checks.gd:51)
       [5] query (res://tests/run_research_tree_checks.gd:4)
       [6] frames (res://tests/run_garage_frontend_checks.gd:11)
WARNING: Loaded resource as image file, this will not work on export: 'res://assets/research/thumbnails/germ_flakpz_I_Gepard.png'. Instead, import the image file as an Image resource and load it normally as a resource.
   at: load_from_file (core/io/image.cpp:2780)
   GDScript backtrace (most recent call first):
       [0] rebuild (res://scripts/ui/vehicle_research_tree.gd:126)
       [1] show_country (res://scripts/ui/vehicle_research_tree.gd:103)
       [2] <anonymous lambda> (res://scripts/ui/vehicle_research_tree.gd:51)
       [3] click (res://tests/run_garage_frontend_checks.gd:18)
       [4] run (res://tests/run_research_tree_checks.gd:51)
       [5] query (res://tests/run_research_tree_checks.gd:4)
       [6] frames (res://tests/run_garage_frontend_checks.gd:11)
WARNING: Loaded resource as image file, this will not work on export: 'res://assets/research/thumbnails/germ_flarakpz_1.png'. Instead, import the image file as an Image resource and load it normally as a resource.
   at: load_from_file (core/io/image.cpp:2780)
   GDScript backtrace (most recent call first):
       [0] rebuild (res://scripts/ui/vehicle_research_tree.gd:126)
       [1] show_country (res://scripts/ui/vehicle_research_tree.gd:103)
       [2] <anonymous lambda> (res://scripts/ui/vehicle_research_tree.gd:51)
       [3] click (res://tests/run_garage_frontend_checks.gd:18)
       [4] run (res://tests/run_research_tree_checks.gd:51)
       [5] query (res://tests/run_research_tree_checks.gd:4)
       [6] frames (res://tests/run_garage_frontend_checks.gd:11)
WARNING: Loaded resource as image file, this will not work on export: 'res://assets/research/thumbnails/germ_9a35_m.png'. Instead, import the image file as an Image resource and load it normally as a resource.
   at: load_from_file (core/io/image.cpp:2780)
   GDScript backtrace (most recent call first):
       [0] rebuild (res://scripts/ui/vehicle_research_tree.gd:126)
       [1] show_country (res://scripts/ui/vehicle_research_tree.gd:103)
       [2] <anonymous lambda> (res://scripts/ui/vehicle_research_tree.gd:51)
       [3] click (res://tests/run_garage_frontend_checks.gd:18)
       [4] run (res://tests/run_research_tree_checks.gd:51)
       [5] query (res://tests/run_research_tree_checks.gd:4)
       [6] frames (res://tests/run_garage_frontend_checks.gd:11)
WARNING: Loaded resource as image file, this will not work on export: 'res://assets/research/thumbnails/germ_sdkfz_222.png'. Instead, import the image file as an Image resource and load it normally as a resource.
   at: load_from_file (core/io/image.cpp:2780)
   GDScript backtrace (most recent call first):
       [0] rebuild (res://scripts/ui/vehicle_research_tree.gd:126)
       [1] show_country (res://scripts/ui/vehicle_research_tree.gd:103)
       [2] <anonymous lambda> (res://scripts/ui/vehicle_research_tree.gd:51)
       [3] click (res://tests/run_garage_frontend_checks.gd:18)
       [4] run (res://tests/run_research_tree_checks.gd:51)
       [5] query (res://tests/run_research_tree_checks.gd:4)
       [6] frames (res://tests/run_garage_frontend_checks.gd:11)
WARNING: Loaded resource as image file, this will not work on export: 'res://assets/research/thumbnails/germ_wiesel_1_mk20.png'. Instead, import the image file as an Image resource and load it normally as a resource.
   at: load_from_file (core/io/image.cpp:2780)
   GDScript backtrace (most recent call first):
       [0] rebuild (res://scripts/ui/vehicle_research_tree.gd:126)
       [1] show_country (res://scripts/ui/vehicle_research_tree.gd:103)
       [2] <anonymous lambda> (res://scripts/ui/vehicle_research_tree.gd:51)
       [3] click (res://tests/run_garage_frontend_checks.gd:18)
       [4] run (res://tests/run_research_tree_checks.gd:51)
       [5] query (res://tests/run_research_tree_checks.gd:4)
       [6] frames (res://tests/run_garage_frontend_checks.gd:11)
WARNING: Loaded resource as image file, this will not work on export: 'res://assets/research/thumbnails/germ_wiesel_2_adwc.png'. Instead, import the image file as an Image resource and load it normally as a resource.
   at: load_from_file (core/io/image.cpp:2780)
   GDScript backtrace (most recent call first):
       [0] rebuild (res://scripts/ui/vehicle_research_tree.gd:126)
       [1] show_country (res://scripts/ui/vehicle_research_tree.gd:103)
       [2] <anonymous lambda> (res://scripts/ui/vehicle_research_tree.gd:51)
       [3] click (res://tests/run_garage_frontend_checks.gd:18)
       [4] run (res://tests/run_research_tree_checks.gd:51)
       [5] query (res://tests/run_research_tree_checks.gd:4)
       [6] frames (res://tests/run_garage_frontend_checks.gd:11)
WARNING: Loaded resource as image file, this will not work on export: 'res://assets/research/thumbnails/germ_leopard_2a4.png'. Instead, import the image file as an Image resource and load it normally as a resource.
   at: load_from_file (core/io/image.cpp:2780)
   GDScript backtrace (most recent call first):
       [0] rebuild (res://scripts/ui/vehicle_research_tree.gd:126)
       [1] query (res://tests/run_research_tree_checks.gd:4)
       [2] run (res://tests/run_research_tree_checks.gd:54)
       [3] click (res://tests/run_garage_frontend_checks.gd:18)
       [4] frames (res://tests/run_garage_frontend_checks.gd:11)
WARNING: Loaded resource as image file, this will not work on export: 'res://assets/research/thumbnails/germ_pzkpfw_III_ausf_B.png'. Instead, import the image file as an Image resource and load it normally as a resource.
   at: load_from_file (core/io/image.cpp:2780)
   GDScript backtrace (most recent call first):
       [0] rebuild (res://scripts/ui/vehicle_research_tree.gd:126)
       [1] query (res://tests/run_research_tree_checks.gd:4)
       [2] run (res://tests/run_research_tree_checks.gd:61)
       [3] click (res://tests/run_garage_frontend_checks.gd:18)
       [4] frames (res://tests/run_garage_frontend_checks.gd:11)
WARNING: Loaded resource as image file, this will not work on export: 'res://assets/research/thumbnails/germ_pzkpfw_IV_ausf_C.png'. Instead, import the image file as an Image resource and load it normally as a resource.
   at: load_from_file (core/io/image.cpp:2780)
   GDScript backtrace (most recent call first):
       [0] rebuild (res://scripts/ui/vehicle_research_tree.gd:126)
       [1] query (res://tests/run_research_tree_checks.gd:4)
       [2] run (res://tests/run_research_tree_checks.gd:61)
       [3] click (res://tests/run_garage_frontend_checks.gd:18)
       [4] frames (res://tests/run_garage_frontend_checks.gd:11)
WARNING: Loaded resource as image file, this will not work on export: 'res://assets/research/thumbnails/germ_pzkpfw_V_ausf_d_panther.png'. Instead, import the image file as an Image resource and load it normally as a resource.
   at: load_from_file (core/io/image.cpp:2780)
   GDScript backtrace (most recent call first):
       [0] rebuild (res://scripts/ui/vehicle_research_tree.gd:126)
       [1] query (res://tests/run_research_tree_checks.gd:4)
       [2] run (res://tests/run_research_tree_checks.gd:61)
       [3] click (res://tests/run_garage_frontend_checks.gd:18)
       [4] frames (res://tests/run_garage_frontend_checks.gd:11)
WARNING: Loaded resource as image file, this will not work on export: 'res://assets/research/thumbnails/germ_panther_II.png'. Instead, import the image file as an Image resource and load it normally as a resource.
   at: load_from_file (core/io/image.cpp:2780)
   GDScript backtrace (most recent call first):
       [0] rebuild (res://scripts/ui/vehicle_research_tree.gd:126)
       [1] query (res://tests/run_research_tree_checks.gd:4)
       [2] run (res://tests/run_research_tree_checks.gd:61)
       [3] click (res://tests/run_garage_frontend_checks.gd:18)
       [4] frames (res://tests/run_garage_frontend_checks.gd:11)
WARNING: Loaded resource as image file, this will not work on export: 'res://assets/research/thumbnails/germ_leopard_I.png'. Instead, import the image file as an Image resource and load it normally as a resource.
   at: load_from_file (core/io/image.cpp:2780)
   GDScript backtrace (most recent call first):
       [0] rebuild (res://scripts/ui/vehicle_research_tree.gd:126)
       [1] query (res://tests/run_research_tree_checks.gd:4)
       [2] run (res://tests/run_research_tree_checks.gd:61)
       [3] click (res://tests/run_garage_frontend_checks.gd:18)
       [4] frames (res://tests/run_garage_frontend_checks.gd:11)
WARNING: Loaded resource as image file, this will not work on export: 'res://assets/research/thumbnails/germ_kpz_70.png'. Instead, import the image file as an Image resource and load it normally as a resource.
   at: load_from_file (core/io/image.cpp:2780)
   GDScript backtrace (most recent call first):
       [0] rebuild (res://scripts/ui/vehicle_research_tree.gd:126)
       [1] query (res://tests/run_research_tree_checks.gd:4)
       [2] run (res://tests/run_research_tree_checks.gd:61)
       [3] click (res://tests/run_garage_frontend_checks.gd:18)
       [4] frames (res://tests/run_garage_frontend_checks.gd:11)
WARNING: Loaded resource as image file, this will not work on export: 'res://assets/research/thumbnails/germ_leopard_2a4.png'. Instead, import the image file as an Image resource and load it normally as a resource.
   at: load_from_file (core/io/image.cpp:2780)
   GDScript backtrace (most recent call first):
       [0] rebuild (res://scripts/ui/vehicle_research_tree.gd:126)
       [1] query (res://tests/run_research_tree_checks.gd:4)
       [2] run (res://tests/run_research_tree_checks.gd:61)
       [3] click (res://tests/run_garage_frontend_checks.gd:18)
       [4] frames (res://tests/run_garage_frontend_checks.gd:11)
WARNING: Loaded resource as image file, this will not work on export: 'res://assets/research/thumbnails/germ_erprobungstrager_3_achs_turm.png'. Instead, import the image file as an Image resource and load it normally as a resource.
   at: load_from_file (core/io/image.cpp:2780)
   GDScript backtrace (most recent call first):
       [0] rebuild (res://scripts/ui/vehicle_research_tree.gd:126)
       [1] query (res://tests/run_research_tree_checks.gd:4)
       [2] run (res://tests/run_research_tree_checks.gd:61)
       [3] click (res://tests/run_garage_frontend_checks.gd:18)
       [4] frames (res://tests/run_garage_frontend_checks.gd:11)
WARNING: Loaded resource as image file, this will not work on export: 'res://assets/research/thumbnails/germ_kpz_t72m1.png'. Instead, import the image file as an Image resource and load it normally as a resource.
   at: load_from_file (core/io/image.cpp:2780)
   GDScript backtrace (most recent call first):
       [0] rebuild (res://scripts/ui/vehicle_research_tree.gd:126)
       [1] query (res://tests/run_research_tree_checks.gd:4)
       [2] run (res://tests/run_research_tree_checks.gd:61)
       [3] click (res://tests/run_garage_frontend_checks.gd:18)
       [4] frames (res://tests/run_garage_frontend_checks.gd:11)
WARNING: Loaded resource as image file, this will not work on export: 'res://assets/research/thumbnails/us_m4a2_1944_germ.png'. Instead, import the image file as an Image resource and load it normally as a resource.
   at: load_from_file (core/io/image.cpp:2780)
   GDScript backtrace (most recent call first):
       [0] rebuild (res://scripts/ui/vehicle_research_tree.gd:126)
       [1] query (res://tests/run_research_tree_checks.gd:4)
       [2] run (res://tests/run_research_tree_checks.gd:61)
       [3] click (res://tests/run_garage_frontend_checks.gd:18)
       [4] frames (res://tests/run_garage_frontend_checks.gd:11)
WARNING: Loaded resource as image file, this will not work on export: 'res://assets/research/thumbnails/germ_mkpz_m47.png'. Instead, import the image file as an Image resource and load it normally as a resource.
   at: load_from_file (core/io/image.cpp:2780)
   GDScript backtrace (most recent call first):
       [0] rebuild (res://scripts/ui/vehicle_research_tree.gd:126)
       [1] query (res://tests/run_research_tree_checks.gd:4)
       [2] run (res://tests/run_research_tree_checks.gd:61)
       [3] click (res://tests/run_garage_frontend_checks.gd:18)
       [4] frames (res://tests/run_garage_frontend_checks.gd:11)
WARNING: Loaded resource as image file, this will not work on export: 'res://assets/research/thumbnails/germ_mkpz_m48a2c.png'. Instead, import the image file as an Image resource and load it normally as a resource.
   at: load_from_file (core/io/image.cpp:2780)
   GDScript backtrace (most recent call first):
       [0] rebuild (res://scripts/ui/vehicle_research_tree.gd:126)
       [1] query (res://tests/run_research_tree_checks.gd:4)
       [2] run (res://tests/run_research_tree_checks.gd:61)
       [3] click (res://tests/run_garage_frontend_checks.gd:18)
       [4] frames (res://tests/run_garage_frontend_checks.gd:11)
WARNING: Loaded resource as image file, this will not work on export: 'res://assets/research/thumbnails/germ_t_34_747.png'. Instead, import the image file as an Image resource and load it normally as a resource.
   at: load_from_file (core/io/image.cpp:2780)
   GDScript backtrace (most recent call first):
       [0] rebuild (res://scripts/ui/vehicle_research_tree.gd:126)
       [1] query (res://tests/run_research_tree_checks.gd:4)
       [2] run (res://tests/run_research_tree_checks.gd:61)
       [3] click (res://tests/run_garage_frontend_checks.gd:18)
       [4] frames (res://tests/run_garage_frontend_checks.gd:11)
WARNING: Loaded resource as image file, this will not work on export: 'res://assets/research/thumbnails/germ_vk_3002m.png'. Instead, import the image file as an Image resource and load it normally as a resource.
   at: load_from_file (core/io/image.cpp:2780)
   GDScript backtrace (most recent call first):
       [0] rebuild (res://scripts/ui/vehicle_research_tree.gd:126)
       [1] query (res://tests/run_research_tree_checks.gd:4)
       [2] run (res://tests/run_research_tree_checks.gd:61)
       [3] click (res://tests/run_garage_frontend_checks.gd:18)
       [4] frames (res://tests/run_garage_frontend_checks.gd:11)
WARNING: Loaded resource as image file, this will not work on export: 'res://assets/research/thumbnails/germ_pzkpfw_VI_ausf_h1_tiger.png'. Instead, import the image file as an Image resource and load it normally as a resource.
   at: load_from_file (core/io/image.cpp:2780)
   GDScript backtrace (most recent call first):
       [0] rebuild (res://scripts/ui/vehicle_research_tree.gd:126)
       [1] query (res://tests/run_research_tree_checks.gd:4)
       [2] run (res://tests/run_research_tree_checks.gd:61)
       [3] click (res://tests/run_garage_frontend_checks.gd:18)
       [4] frames (res://tests/run_garage_frontend_checks.gd:11)
WARNING: Loaded resource as image file, this will not work on export: 'res://assets/research/thumbnails/germ_pzkpfw_VI_tiger_P.png'. Instead, import the image file as an Image resource and load it normally as a resource.
   at: load_from_file (core/io/image.cpp:2780)
   GDScript backtrace (most recent call first):
       [0] rebuild (res://scripts/ui/vehicle_research_tree.gd:126)
       [1] query (res://tests/run_research_tree_checks.gd:4)
       [2] run (res://tests/run_research_tree_checks.gd:61)
       [3] click (res://tests/run_garage_frontend_checks.gd:18)
       [4] frames (res://tests/run_garage_frontend_checks.gd:11)
WARNING: Loaded resource as image file, this will not work on export: 'res://assets/research/thumbnails/germ_pzkpfw_VI_ausf_b_tiger_IIh.png'. Instead, import the image file as an Image resource and load it normally as a resource.
   at: load_from_file (core/io/image.cpp:2780)
   GDScript backtrace (most recent call first):
       [0] rebuild (res://scripts/ui/vehicle_research_tree.gd:126)
       [1] query (res://tests/run_research_tree_checks.gd:4)
       [2] run (res://tests/run_research_tree_checks.gd:61)
       [3] click (res://tests/run_garage_frontend_checks.gd:18)
       [4] frames (res://tests/run_garage_frontend_checks.gd:11)
WARNING: Loaded resource as image file, this will not work on export: 'res://assets/research/thumbnails/germ_pzkpfw_Maus.png'. Instead, import the image file as an Image resource and load it normally as a resource.
   at: load_from_file (core/io/image.cpp:2780)
   GDScript backtrace (most recent call first):
       [0] rebuild (res://scripts/ui/vehicle_research_tree.gd:126)
       [1] query (res://tests/run_research_tree_checks.gd:4)
       [2] run (res://tests/run_research_tree_checks.gd:61)
       [3] click (res://tests/run_garage_frontend_checks.gd:18)
       [4] frames (res://tests/run_garage_frontend_checks.gd:11)
WARNING: Loaded resource as image file, this will not work on export: 'res://assets/research/thumbnails/germ_pzkpfw_e_100.png'. Instead, import the image file as an Image resource and load it normally as a resource.
   at: load_from_file (core/io/image.cpp:2780)
   GDScript backtrace (most recent call first):
       [0] rebuild (res://scripts/ui/vehicle_research_tree.gd:126)
       [1] query (res://tests/run_research_tree_checks.gd:4)
       [2] run (res://tests/run_research_tree_checks.gd:61)
       [3] click (res://tests/run_garage_frontend_checks.gd:18)
       [4] frames (res://tests/run_garage_frontend_checks.gd:11)
WARNING: Loaded resource as image file, this will not work on export: 'res://assets/research/thumbnails/germ_infanterie_kampfpanzer_churchill.png'. Instead, import the image file as an Image resource and load it normally as a resource.
   at: load_from_file (core/io/image.cpp:2780)
   GDScript backtrace (most recent call first):
       [0] rebuild (res://scripts/ui/vehicle_research_tree.gd:126)
       [1] query (res://tests/run_research_tree_checks.gd:4)
       [2] run (res://tests/run_research_tree_checks.gd:61)
       [3] click (res://tests/run_garage_frontend_checks.gd:18)
       [4] frames (res://tests/run_garage_frontend_checks.gd:11)
WARNING: Loaded resource as image file, this will not work on export: 'res://assets/research/thumbnails/germ_kv_2_754r.png'. Instead, import the image file as an Image resource and load it normally as a resource.
   at: load_from_file (core/io/image.cpp:2780)
   GDScript backtrace (most recent call first):
       [0] rebuild (res://scripts/ui/vehicle_research_tree.gd:126)
       [1] query (res://tests/run_research_tree_checks.gd:4)
       [2] run (res://tests/run_research_tree_checks.gd:61)
       [3] click (res://tests/run_garage_frontend_checks.gd:18)
       [4] frames (res://tests/run_garage_frontend_checks.gd:11)
WARNING: Loaded resource as image file, this will not work on export: 'res://assets/research/thumbnails/germ_pzkpfw_II_ausf_C.png'. Instead, import the image file as an Image resource and load it normally as a resource.
   at: load_from_file (core/io/image.cpp:2780)
   GDScript backtrace (most recent call first):
       [0] rebuild (res://scripts/ui/vehicle_research_tree.gd:126)
       [1] query (res://tests/run_research_tree_checks.gd:4)
       [2] run (res://tests/run_research_tree_checks.gd:61)
       [3] click (res://tests/run_garage_frontend_checks.gd:18)
       [4] frames (res://tests/run_garage_frontend_checks.gd:11)
WARNING: Loaded resource as image file, this will not work on export: 'res://assets/research/thumbnails/germ_pzkpfw_35t.png'. Instead, import the image file as an Image resource and load it normally as a resource.
   at: load_from_file (core/io/image.cpp:2780)
   GDScript backtrace (most recent call first):
       [0] rebuild (res://scripts/ui/vehicle_research_tree.gd:126)
       [1] query (res://tests/run_research_tree_checks.gd:4)
       [2] run (res://tests/run_research_tree_checks.gd:61)
       [3] click (res://tests/run_garage_frontend_checks.gd:18)
       [4] frames (res://tests/run_garage_frontend_checks.gd:11)
WARNING: Loaded resource as image file, this will not work on export: 'res://assets/research/thumbnails/germ_pzkpfw_38t_ausf_A.png'. Instead, import the image file as an Image resource and load it normally as a resource.
   at: load_from_file (core/io/image.cpp:2780)
   GDScript backtrace (most recent call first):
       [0] rebuild (res://scripts/ui/vehicle_research_tree.gd:126)
       [1] query (res://tests/run_research_tree_checks.gd:4)
       [2] run (res://tests/run_research_tree_checks.gd:61)
       [3] click (res://tests/run_garage_frontend_checks.gd:18)
       [4] frames (res://tests/run_garage_frontend_checks.gd:11)
WARNING: Loaded resource as image file, this will not work on export: 'res://assets/research/thumbnails/germ_amd_35_kwk.png'. Instead, import the image file as an Image resource and load it normally as a resource.
   at: load_from_file (core/io/image.cpp:2780)
   GDScript backtrace (most recent call first):
       [0] rebuild (res://scripts/ui/vehicle_research_tree.gd:126)
       [1] query (res://tests/run_research_tree_checks.gd:4)
       [2] run (res://tests/run_research_tree_checks.gd:61)
       [3] click (res://tests/run_garage_frontend_checks.gd:18)
       [4] frames (res://tests/run_garage_frontend_checks.gd:11)
WARNING: Loaded resource as image file, this will not work on export: 'res://assets/research/thumbnails/germ_begleitpanzer_57.png'. Instead, import the image file as an Image resource and load it normally as a resource.
   at: load_from_file (core/io/image.cpp:2780)
   GDScript backtrace (most recent call first):
       [0] rebuild (res://scripts/ui/vehicle_research_tree.gd:126)
       [1] query (res://tests/run_research_tree_checks.gd:4)
       [2] run (res://tests/run_research_tree_checks.gd:61)
       [3] click (res://tests/run_garage_frontend_checks.gd:18)
       [4] frames (res://tests/run_garage_frontend_checks.gd:11)
WARNING: Loaded resource as image file, this will not work on export: 'res://assets/research/thumbnails/germ_bmp_1_ddr.png'. Instead, import the image file as an Image resource and load it normally as a resource.
   at: load_from_file (core/io/image.cpp:2780)
   GDScript backtrace (most recent call first):
       [0] rebuild (res://scripts/ui/vehicle_research_tree.gd:126)
       [1] query (res://tests/run_research_tree_checks.gd:4)
       [2] run (res://tests/run_research_tree_checks.gd:61)
       [3] click (res://tests/run_garage_frontend_checks.gd:18)
       [4] frames (res://tests/run_garage_frontend_checks.gd:11)
WARNING: Loaded resource as image file, this will not work on export: 'res://assets/research/thumbnails/germ_boxer_3105.png'. Instead, import the image file as an Image resource and load it normally as a resource.
   at: load_from_file (core/io/image.cpp:2780)
   GDScript backtrace (most recent call first):
       [0] rebuild (res://scripts/ui/vehicle_research_tree.gd:126)
       [1] query (res://tests/run_research_tree_checks.gd:4)
       [2] run (res://tests/run_research_tree_checks.gd:61)
       [3] click (res://tests/run_garage_frontend_checks.gd:18)
       [4] frames (res://tests/run_garage_frontend_checks.gd:11)
WARNING: Loaded resource as image file, this will not work on export: 'res://assets/research/thumbnails/germ_boxer_swatrinf.png'. Instead, import the image file as an Image resource and load it normally as a resource.
   at: load_from_file (core/io/image.cpp:2780)
   GDScript backtrace (most recent call first):
       [0] rebuild (res://scripts/ui/vehicle_research_tree.gd:126)
       [1] query (res://tests/run_research_tree_checks.gd:4)
       [2] run (res://tests/run_research_tree_checks.gd:61)
       [3] click (res://tests/run_garage_frontend_checks.gd:18)
       [4] frames (res://tests/run_garage_frontend_checks.gd:11)
WARNING: Loaded resource as image file, this will not work on export: 'res://assets/research/thumbnails/germ_le_kpz_m41.png'. Instead, import the image file as an Image resource and load it normally as a resource.
   at: load_from_file (core/io/image.cpp:2780)
   GDScript backtrace (most recent call first):
       [0] rebuild (res://scripts/ui/vehicle_research_tree.gd:126)
       [1] query (res://tests/run_research_tree_checks.gd:4)
       [2] run (res://tests/run_research_tree_checks.gd:61)
       [3] click (res://tests/run_garage_frontend_checks.gd:18)
       [4] frames (res://tests/run_garage_frontend_checks.gd:11)
WARNING: Loaded resource as image file, this will not work on export: 'res://assets/research/thumbnails/germ_marder_1a1.png'. Instead, import the image file as an Image resource and load it normally as a resource.
   at: load_from_file (core/io/image.cpp:2780)
   GDScript backtrace (most recent call first):
       [0] rebuild (res://scripts/ui/vehicle_research_tree.gd:126)
       [1] query (res://tests/run_research_tree_checks.gd:4)
       [2] run (res://tests/run_research_tree_checks.gd:61)
       [3] click (res://tests/run_garage_frontend_checks.gd:18)
       [4] frames (res://tests/run_garage_frontend_checks.gd:11)
WARNING: Loaded resource as image file, this will not work on export: 'res://assets/research/thumbnails/germ_marder_df_105.png'. Instead, import the image file as an Image resource and load it normally as a resource.
   at: load_from_file (core/io/image.cpp:2780)
   GDScript backtrace (most recent call first):
       [0] rebuild (res://scripts/ui/vehicle_research_tree.gd:126)
       [1] query (res://tests/run_research_tree_checks.gd:4)
       [2] run (res://tests/run_research_tree_checks.gd:61)
       [3] click (res://tests/run_garage_frontend_checks.gd:18)
       [4] frames (res://tests/run_garage_frontend_checks.gd:11)
WARNING: Loaded resource as image file, this will not work on export: 'res://assets/research/thumbnails/germ_pzkpfw_38t_Aufklarungspanzer.png'. Instead, import the image file as an Image resource and load it normally as a resource.
   at: load_from_file (core/io/image.cpp:2780)
   GDScript backtrace (most recent call first):
       [0] rebuild (res://scripts/ui/vehicle_research_tree.gd:126)
       [1] query (res://tests/run_research_tree_checks.gd:4)
       [2] run (res://tests/run_research_tree_checks.gd:61)
       [3] click (res://tests/run_garage_frontend_checks.gd:18)
       [4] frames (res://tests/run_garage_frontend_checks.gd:11)
WARNING: Loaded resource as image file, this will not work on export: 'res://assets/research/thumbnails/germ_radpanzer_90.png'. Instead, import the image file as an Image resource and load it normally as a resource.
   at: load_from_file (core/io/image.cpp:2780)
   GDScript backtrace (most recent call first):
       [0] rebuild (res://scripts/ui/vehicle_research_tree.gd:126)
       [1] query (res://tests/run_research_tree_checks.gd:4)
       [2] run (res://tests/run_research_tree_checks.gd:61)
       [3] click (res://tests/run_garage_frontend_checks.gd:18)
       [4] frames (res://tests/run_garage_frontend_checks.gd:11)
WARNING: Loaded resource as image file, this will not work on export: 'res://assets/research/thumbnails/germ_ru251.png'. Instead, import the image file as an Image resource and load it normally as a resource.
   at: load_from_file (core/io/image.cpp:2780)
   GDScript backtrace (most recent call first):
       [0] rebuild (res://scripts/ui/vehicle_research_tree.gd:126)
       [1] query (res://tests/run_research_tree_checks.gd:4)
       [2] run (res://tests/run_research_tree_checks.gd:61)
       [3] click (res://tests/run_garage_frontend_checks.gd:18)
       [4] frames (res://tests/run_garage_frontend_checks.gd:11)
WARNING: Loaded resource as image file, this will not work on export: 'res://assets/research/thumbnails/germ_schutzenpanzer_puma.png'. Instead, import the image file as an Image resource and load it normally as a resource.
   at: load_from_file (core/io/image.cpp:2780)
   GDScript backtrace (most recent call first):
       [0] rebuild (res://scripts/ui/vehicle_research_tree.gd:126)
       [1] query (res://tests/run_research_tree_checks.gd:4)
       [2] run (res://tests/run_research_tree_checks.gd:61)
       [3] click (res://tests/run_garage_frontend_checks.gd:18)
       [4] frames (res://tests/run_garage_frontend_checks.gd:11)
WARNING: Loaded resource as image file, this will not work on export: 'res://assets/research/thumbnails/germ_sdkfz_221_s_pz_b_41.png'. Instead, import the image file as an Image resource and load it normally as a resource.
   at: load_from_file (core/io/image.cpp:2780)
   GDScript backtrace (most recent call first):
       [0] rebuild (res://scripts/ui/vehicle_research_tree.gd:126)
       [1] query (res://tests/run_research_tree_checks.gd:4)
       [2] run (res://tests/run_research_tree_checks.gd:61)
       [3] click (res://tests/run_garage_frontend_checks.gd:18)
       [4] frames (res://tests/run_garage_frontend_checks.gd:11)
WARNING: Loaded resource as image file, this will not work on export: 'res://assets/research/thumbnails/germ_sdkfz_234_2.png'. Instead, import the image file as an Image resource and load it normally as a resource.
   at: load_from_file (core/io/image.cpp:2780)
   GDScript backtrace (most recent call first):
       [0] rebuild (res://scripts/ui/vehicle_research_tree.gd:126)
       [1] query (res://tests/run_research_tree_checks.gd:4)
       [2] run (res://tests/run_research_tree_checks.gd:61)
       [3] click (res://tests/run_garage_frontend_checks.gd:18)
       [4] frames (res://tests/run_garage_frontend_checks.gd:11)
WARNING: Loaded resource as image file, this will not work on export: 'res://assets/research/thumbnails/germ_sk105_a2.png'. Instead, import the image file as an Image resource and load it normally as a resource.
   at: load_from_file (core/io/image.cpp:2780)
   GDScript backtrace (most recent call first):
       [0] rebuild (res://scripts/ui/vehicle_research_tree.gd:126)
       [1] query (res://tests/run_research_tree_checks.gd:4)
       [2] run (res://tests/run_research_tree_checks.gd:61)
       [3] click (res://tests/run_garage_frontend_checks.gd:18)
       [4] frames (res://tests/run_garage_frontend_checks.gd:11)
WARNING: Loaded resource as image file, this will not work on export: 'res://assets/research/thumbnails/germ_sppz2_luchs_a2.png'. Instead, import the image file as an Image resource and load it normally as a resource.
   at: load_from_file (core/io/image.cpp:2780)
   GDScript backtrace (most recent call first):
       [0] rebuild (res://scripts/ui/vehicle_research_tree.gd:126)
       [1] query (res://tests/run_research_tree_checks.gd:4)
       [2] run (res://tests/run_research_tree_checks.gd:61)
       [3] click (res://tests/run_garage_frontend_checks.gd:18)
       [4] frames (res://tests/run_garage_frontend_checks.gd:11)
WARNING: Loaded resource as image file, this will not work on export: 'res://assets/research/thumbnails/germ_spz_12_3.png'. Instead, import the image file as an Image resource and load it normally as a resource.
   at: load_from_file (core/io/image.cpp:2780)
   GDScript backtrace (most recent call first):
       [0] rebuild (res://scripts/ui/vehicle_research_tree.gd:126)
       [1] query (res://tests/run_research_tree_checks.gd:4)
       [2] run (res://tests/run_research_tree_checks.gd:61)
       [3] click (res://tests/run_garage_frontend_checks.gd:18)
       [4] frames (res://tests/run_garage_frontend_checks.gd:11)
WARNING: Loaded resource as image file, this will not work on export: 'res://assets/research/thumbnails/germ_th_400.png'. Instead, import the image file as an Image resource and load it normally as a resource.
   at: load_from_file (core/io/image.cpp:2780)
   GDScript backtrace (most recent call first):
       [0] rebuild (res://scripts/ui/vehicle_research_tree.gd:126)
       [1] query (res://tests/run_research_tree_checks.gd:4)
       [2] run (res://tests/run_research_tree_checks.gd:61)
       [3] click (res://tests/run_garage_frontend_checks.gd:18)
       [4] frames (res://tests/run_garage_frontend_checks.gd:11)
WARNING: Loaded resource as image file, this will not work on export: 'res://assets/research/thumbnails/germ_thyssen_henschel_tam.png'. Instead, import the image file as an Image resource and load it normally as a resource.
   at: load_from_file (core/io/image.cpp:2780)
   GDScript backtrace (most recent call first):
       [0] rebuild (res://scripts/ui/vehicle_research_tree.gd:126)
       [1] query (res://tests/run_research_tree_checks.gd:4)
       [2] run (res://tests/run_research_tree_checks.gd:61)
       [3] click (res://tests/run_garage_frontend_checks.gd:18)
       [4] frames (res://tests/run_garage_frontend_checks.gd:11)
WARNING: Loaded resource as image file, this will not work on export: 'res://assets/research/thumbnails/germ_vilkas.png'. Instead, import the image file as an Image resource and load it normally as a resource.
   at: load_from_file (core/io/image.cpp:2780)
   GDScript backtrace (most recent call first):
       [0] rebuild (res://scripts/ui/vehicle_research_tree.gd:126)
       [1] query (res://tests/run_research_tree_checks.gd:4)
       [2] run (res://tests/run_research_tree_checks.gd:61)
       [3] click (res://tests/run_garage_frontend_checks.gd:18)
       [4] frames (res://tests/run_garage_frontend_checks.gd:11)
WARNING: Loaded resource as image file, this will not work on export: 'res://assets/research/thumbnails/germ_panzerjager_1.png'. Instead, import the image file as an Image resource and load it normally as a resource.
   at: load_from_file (core/io/image.cpp:2780)
   GDScript backtrace (most recent call first):
       [0] rebuild (res://scripts/ui/vehicle_research_tree.gd:126)
       [1] query (res://tests/run_research_tree_checks.gd:4)
       [2] run (res://tests/run_research_tree_checks.gd:61)
       [3] click (res://tests/run_garage_frontend_checks.gd:18)
       [4] frames (res://tests/run_garage_frontend_checks.gd:11)
WARNING: Loaded resource as image file, this will not work on export: 'res://assets/research/thumbnails/germ_stug_III_ausf_A.png'. Instead, import the image file as an Image resource and load it normally as a resource.
   at: load_from_file (core/io/image.cpp:2780)
   GDScript backtrace (most recent call first):
       [0] rebuild (res://scripts/ui/vehicle_research_tree.gd:126)
       [1] query (res://tests/run_research_tree_checks.gd:4)
       [2] run (res://tests/run_research_tree_checks.gd:61)
       [3] click (res://tests/run_garage_frontend_checks.gd:18)
       [4] frames (res://tests/run_garage_frontend_checks.gd:11)
WARNING: Loaded resource as image file, this will not work on export: 'res://assets/research/thumbnails/germ_pzkpfw_38t_Marder_III.png'. Instead, import the image file as an Image resource and load it normally as a resource.
   at: load_from_file (core/io/image.cpp:2780)
   GDScript backtrace (most recent call first):
       [0] rebuild (res://scripts/ui/vehicle_research_tree.gd:126)
       [1] query (res://tests/run_research_tree_checks.gd:4)
       [2] run (res://tests/run_research_tree_checks.gd:61)
       [3] click (res://tests/run_garage_frontend_checks.gd:18)
       [4] frames (res://tests/run_garage_frontend_checks.gd:11)
WARNING: Loaded resource as image file, this will not work on export: 'res://assets/research/thumbnails/germ_jgdpz_38t.png'. Instead, import the image file as an Image resource and load it normally as a resource.
   at: load_from_file (core/io/image.cpp:2780)
   GDScript backtrace (most recent call first):
       [0] rebuild (res://scripts/ui/vehicle_research_tree.gd:126)
       [1] query (res://tests/run_research_tree_checks.gd:4)
       [2] run (res://tests/run_research_tree_checks.gd:61)
       [3] click (res://tests/run_garage_frontend_checks.gd:18)
       [4] frames (res://tests/run_garage_frontend_checks.gd:11)
WARNING: Loaded resource as image file, this will not work on export: 'res://assets/research/thumbnails/germ_jgdpz_IV_L48.png'. Instead, import the image file as an Image resource and load it normally as a resource.
   at: load_from_file (core/io/image.cpp:2780)
   GDScript backtrace (most recent call first):
       [0] rebuild (res://scripts/ui/vehicle_research_tree.gd:126)
       [1] query (res://tests/run_research_tree_checks.gd:4)
       [2] run (res://tests/run_research_tree_checks.gd:61)
       [3] click (res://tests/run_garage_frontend_checks.gd:18)
       [4] frames (res://tests/run_garage_frontend_checks.gd:11)
WARNING: Loaded resource as image file, this will not work on export: 'res://assets/research/thumbnails/germ_panzerjager_panther.png'. Instead, import the image file as an Image resource and load it normally as a resource.
   at: load_from_file (core/io/image.cpp:2780)
   GDScript backtrace (most recent call first):
       [0] rebuild (res://scripts/ui/vehicle_research_tree.gd:126)
       [1] query (res://tests/run_research_tree_checks.gd:4)
       [2] run (res://tests/run_research_tree_checks.gd:61)
       [3] click (res://tests/run_garage_frontend_checks.gd:18)
       [4] frames (res://tests/run_garage_frontend_checks.gd:11)
WARNING: Loaded resource as image file, this will not work on export: 'res://assets/research/thumbnails/germ_panzerjager_tiger_P_ferdinand.png'. Instead, import the image file as an Image resource and load it normally as a resource.
   at: load_from_file (core/io/image.cpp:2780)
   GDScript backtrace (most recent call first):
       [0] rebuild (res://scripts/ui/vehicle_research_tree.gd:126)
       [1] query (res://tests/run_research_tree_checks.gd:4)
       [2] run (res://tests/run_research_tree_checks.gd:61)
       [3] click (res://tests/run_garage_frontend_checks.gd:18)
       [4] frames (res://tests/run_garage_frontend_checks.gd:11)
WARNING: Loaded resource as image file, this will not work on export: 'res://assets/research/thumbnails/germ_panzerjager_tiger.png'. Instead, import the image file as an Image resource and load it normally as a resource.
   at: load_from_file (core/io/image.cpp:2780)
   GDScript backtrace (most recent call first):
       [0] rebuild (res://scripts/ui/vehicle_research_tree.gd:126)
       [1] query (res://tests/run_research_tree_checks.gd:4)
       [2] run (res://tests/run_research_tree_checks.gd:61)
       [3] click (res://tests/run_garage_frontend_checks.gd:18)
       [4] frames (res://tests/run_garage_frontend_checks.gd:11)
WARNING: Loaded resource as image file, this will not work on export: 'res://assets/research/thumbnails/germ_hummel.png'. Instead, import the image file as an Image resource and load it normally as a resource.
   at: load_from_file (core/io/image.cpp:2780)
   GDScript backtrace (most recent call first):
       [0] rebuild (res://scripts/ui/vehicle_research_tree.gd:126)
       [1] query (res://tests/run_research_tree_checks.gd:4)
       [2] run (res://tests/run_research_tree_checks.gd:61)
       [3] click (res://tests/run_garage_frontend_checks.gd:18)
       [4] frames (res://tests/run_garage_frontend_checks.gd:11)
WARNING: Loaded resource as image file, this will not work on export: 'res://assets/research/thumbnails/germ_jaguar_2.png'. Instead, import the image file as an Image resource and load it normally as a resource.
   at: load_from_file (core/io/image.cpp:2780)
   GDScript backtrace (most recent call first):
       [0] rebuild (res://scripts/ui/vehicle_research_tree.gd:126)
       [1] query (res://tests/run_research_tree_checks.gd:4)
       [2] run (res://tests/run_research_tree_checks.gd:61)
       [3] click (res://tests/run_garage_frontend_checks.gd:18)
       [4] frames (res://tests/run_garage_frontend_checks.gd:11)
WARNING: Loaded resource as image file, this will not work on export: 'res://assets/research/thumbnails/germ_kanonenjagdpanzer.png'. Instead, import the image file as an Image resource and load it normally as a resource.
   at: load_from_file (core/io/image.cpp:2780)
   GDScript backtrace (most recent call first):
       [0] rebuild (res://scripts/ui/vehicle_research_tree.gd:126)
       [1] query (res://tests/run_research_tree_checks.gd:4)
       [2] run (res://tests/run_research_tree_checks.gd:61)
       [3] click (res://tests/run_garage_frontend_checks.gd:18)
       [4] frames (res://tests/run_garage_frontend_checks.gd:11)
WARNING: Loaded resource as image file, this will not work on export: 'res://assets/research/thumbnails/germ_m44.png'. Instead, import the image file as an Image resource and load it normally as a resource.
   at: load_from_file (core/io/image.cpp:2780)
   GDScript backtrace (most recent call first):
       [0] rebuild (res://scripts/ui/vehicle_research_tree.gd:126)
       [1] query (res://tests/run_research_tree_checks.gd:4)
       [2] run (res://tests/run_research_tree_checks.gd:61)
       [3] click (res://tests/run_garage_frontend_checks.gd:18)
       [4] frames (res://tests/run_garage_frontend_checks.gd:11)
WARNING: Loaded resource as image file, this will not work on export: 'res://assets/research/thumbnails/germ_m55.png'. Instead, import the image file as an Image resource and load it normally as a resource.
   at: load_from_file (core/io/image.cpp:2780)
   GDScript backtrace (most recent call first):
       [0] rebuild (res://scripts/ui/vehicle_research_tree.gd:126)
       [1] query (res://tests/run_research_tree_checks.gd:4)
       [2] run (res://tests/run_research_tree_checks.gd:61)
       [3] click (res://tests/run_garage_frontend_checks.gd:18)
       [4] frames (res://tests/run_garage_frontend_checks.gd:11)
WARNING: Loaded resource as image file, this will not work on export: 'res://assets/research/thumbnails/germ_m109g.png'. Instead, import the image file as an Image resource and load it normally as a resource.
   at: load_from_file (core/io/image.cpp:2780)
   GDScript backtrace (most recent call first):
       [0] rebuild (res://scripts/ui/vehicle_research_tree.gd:126)
       [1] query (res://tests/run_research_tree_checks.gd:4)
       [2] run (res://tests/run_research_tree_checks.gd:61)
       [3] click (res://tests/run_garage_frontend_checks.gd:18)
       [4] frames (res://tests/run_garage_frontend_checks.gd:11)
WARNING: Loaded resource as image file, this will not work on export: 'res://assets/research/thumbnails/germ_panzerjager_nashorn.png'. Instead, import the image file as an Image resource and load it normally as a resource.
   at: load_from_file (core/io/image.cpp:2780)
   GDScript backtrace (most recent call first):
       [0] rebuild (res://scripts/ui/vehicle_research_tree.gd:126)
       [1] query (res://tests/run_research_tree_checks.gd:4)
       [2] run (res://tests/run_research_tree_checks.gd:61)
       [3] click (res://tests/run_garage_frontend_checks.gd:18)
       [4] frames (res://tests/run_garage_frontend_checks.gd:11)
WARNING: Loaded resource as image file, this will not work on export: 'res://assets/research/thumbnails/germ_pzh_2000.png'. Instead, import the image file as an Image resource and load it normally as a resource.
   at: load_from_file (core/io/image.cpp:2780)
   GDScript backtrace (most recent call first):
       [0] rebuild (res://scripts/ui/vehicle_research_tree.gd:126)
       [1] query (res://tests/run_research_tree_checks.gd:4)
       [2] run (res://tests/run_research_tree_checks.gd:61)
       [3] click (res://tests/run_garage_frontend_checks.gd:18)
       [4] frames (res://tests/run_garage_frontend_checks.gd:11)
WARNING: Loaded resource as image file, this will not work on export: 'res://assets/research/thumbnails/germ_pzsfl_IVa_dickermax.png'. Instead, import the image file as an Image resource and load it normally as a resource.
   at: load_from_file (core/io/image.cpp:2780)
   GDScript backtrace (most recent call first):
       [0] rebuild (res://scripts/ui/vehicle_research_tree.gd:126)
       [1] query (res://tests/run_research_tree_checks.gd:4)
       [2] run (res://tests/run_research_tree_checks.gd:61)
       [3] click (res://tests/run_garage_frontend_checks.gd:18)
       [4] frames (res://tests/run_garage_frontend_checks.gd:11)
WARNING: Loaded resource as image file, this will not work on export: 'res://assets/research/thumbnails/germ_pzsflk40_sturer_emil.png'. Instead, import the image file as an Image resource and load it normally as a resource.
   at: load_from_file (core/io/image.cpp:2780)
   GDScript backtrace (most recent call first):
       [0] rebuild (res://scripts/ui/vehicle_research_tree.gd:126)
       [1] query (res://tests/run_research_tree_checks.gd:4)
       [2] run (res://tests/run_research_tree_checks.gd:61)
       [3] click (res://tests/run_garage_frontend_checks.gd:18)
       [4] frames (res://tests/run_garage_frontend_checks.gd:11)
WARNING: Loaded resource as image file, this will not work on export: 'res://assets/research/thumbnails/germ_raketenjagdpanzer_2.png'. Instead, import the image file as an Image resource and load it normally as a resource.
   at: load_from_file (core/io/image.cpp:2780)
   GDScript backtrace (most recent call first):
       [0] rebuild (res://scripts/ui/vehicle_research_tree.gd:126)
       [1] query (res://tests/run_research_tree_checks.gd:4)
       [2] run (res://tests/run_research_tree_checks.gd:61)
       [3] click (res://tests/run_garage_frontend_checks.gd:18)
       [4] frames (res://tests/run_garage_frontend_checks.gd:11)
WARNING: Loaded resource as image file, this will not work on export: 'res://assets/research/thumbnails/germ_sturmmorser_sturmtiger.png'. Instead, import the image file as an Image resource and load it normally as a resource.
   at: load_from_file (core/io/image.cpp:2780)
   GDScript backtrace (most recent call first):
       [0] rebuild (res://scripts/ui/vehicle_research_tree.gd:126)
       [1] query (res://tests/run_research_tree_checks.gd:4)
       [2] run (res://tests/run_research_tree_checks.gd:61)
       [3] click (res://tests/run_garage_frontend_checks.gd:18)
       [4] frames (res://tests/run_garage_frontend_checks.gd:11)
WARNING: Loaded resource as image file, this will not work on export: 'res://assets/research/thumbnails/germ_sturmpanzer_II.png'. Instead, import the image file as an Image resource and load it normally as a resource.
   at: load_from_file (core/io/image.cpp:2780)
   GDScript backtrace (most recent call first):
       [0] rebuild (res://scripts/ui/vehicle_research_tree.gd:126)
       [1] query (res://tests/run_research_tree_checks.gd:4)
       [2] run (res://tests/run_research_tree_checks.gd:61)
       [3] click (res://tests/run_garage_frontend_checks.gd:18)
       [4] frames (res://tests/run_garage_frontend_checks.gd:11)
WARNING: Loaded resource as image file, this will not work on export: 'res://assets/research/thumbnails/germ_sturmpanzer_IV_brummbar.png'. Instead, import the image file as an Image resource and load it normally as a resource.
   at: load_from_file (core/io/image.cpp:2780)
   GDScript backtrace (most recent call first):
       [0] rebuild (res://scripts/ui/vehicle_research_tree.gd:126)
       [1] query (res://tests/run_research_tree_checks.gd:4)
       [2] run (res://tests/run_research_tree_checks.gd:61)
       [3] click (res://tests/run_garage_frontend_checks.gd:18)
       [4] frames (res://tests/run_garage_frontend_checks.gd:11)
WARNING: Loaded resource as image file, this will not work on export: 'res://assets/research/thumbnails/germ_vt_1_2.png'. Instead, import the image file as an Image resource and load it normally as a resource.
   at: load_from_file (core/io/image.cpp:2780)
   GDScript backtrace (most recent call first):
       [0] rebuild (res://scripts/ui/vehicle_research_tree.gd:126)
       [1] query (res://tests/run_research_tree_checks.gd:4)
       [2] run (res://tests/run_research_tree_checks.gd:61)
       [3] click (res://tests/run_garage_frontend_checks.gd:18)
       [4] frames (res://tests/run_garage_frontend_checks.gd:11)
WARNING: Loaded resource as image file, this will not work on export: 'res://assets/research/thumbnails/germ_waffentrager_krupp_steyr.png'. Instead, import the image file as an Image resource and load it normally as a resource.
   at: load_from_file (core/io/image.cpp:2780)
   GDScript backtrace (most recent call first):
       [0] rebuild (res://scripts/ui/vehicle_research_tree.gd:126)
       [1] query (res://tests/run_research_tree_checks.gd:4)
       [2] run (res://tests/run_research_tree_checks.gd:61)
       [3] click (res://tests/run_garage_frontend_checks.gd:18)
       [4] frames (res://tests/run_garage_frontend_checks.gd:11)
WARNING: Loaded resource as image file, this will not work on export: 'res://assets/research/thumbnails/germ_wiesel_1_tow.png'. Instead, import the image file as an Image resource and load it normally as a resource.
   at: load_from_file (core/io/image.cpp:2780)
   GDScript backtrace (most recent call first):
       [0] rebuild (res://scripts/ui/vehicle_research_tree.gd:126)
       [1] query (res://tests/run_research_tree_checks.gd:4)
       [2] run (res://tests/run_research_tree_checks.gd:61)
       [3] click (res://tests/run_garage_frontend_checks.gd:18)
       [4] frames (res://tests/run_garage_frontend_checks.gd:11)
WARNING: Loaded resource as image file, this will not work on export: 'res://assets/research/thumbnails/germ_flakpanzer_IV_Kugelblitz.png'. Instead, import the image file as an Image resource and load it normally as a resource.
   at: load_from_file (core/io/image.cpp:2780)
   GDScript backtrace (most recent call first):
       [0] rebuild (res://scripts/ui/vehicle_research_tree.gd:126)
       [1] query (res://tests/run_research_tree_checks.gd:4)
       [2] run (res://tests/run_research_tree_checks.gd:61)
       [3] click (res://tests/run_garage_frontend_checks.gd:18)
       [4] frames (res://tests/run_garage_frontend_checks.gd:11)
WARNING: Loaded resource as image file, this will not work on export: 'res://assets/research/thumbnails/germ_flakpz_I_Gepard.png'. Instead, import the image file as an Image resource and load it normally as a resource.
   at: load_from_file (core/io/image.cpp:2780)
   GDScript backtrace (most recent call first):
       [0] rebuild (res://scripts/ui/vehicle_research_tree.gd:126)
       [1] query (res://tests/run_research_tree_checks.gd:4)
       [2] run (res://tests/run_research_tree_checks.gd:61)
       [3] click (res://tests/run_garage_frontend_checks.gd:18)
       [4] frames (res://tests/run_garage_frontend_checks.gd:11)
WARNING: Loaded resource as image file, this will not work on export: 'res://assets/research/thumbnails/germ_flarakpz_1.png'. Instead, import the image file as an Image resource and load it normally as a resource.
   at: load_from_file (core/io/image.cpp:2780)
   GDScript backtrace (most recent call first):
       [0] rebuild (res://scripts/ui/vehicle_research_tree.gd:126)
       [1] query (res://tests/run_research_tree_checks.gd:4)
       [2] run (res://tests/run_research_tree_checks.gd:61)
       [3] click (res://tests/run_garage_frontend_checks.gd:18)
       [4] frames (res://tests/run_garage_frontend_checks.gd:11)
WARNING: Loaded resource as image file, this will not work on export: 'res://assets/research/thumbnails/germ_9a35_m.png'. Instead, import the image file as an Image resource and load it normally as a resource.
   at: load_from_file (core/io/image.cpp:2780)
   GDScript backtrace (most recent call first):
       [0] rebuild (res://scripts/ui/vehicle_research_tree.gd:126)
       [1] query (res://tests/run_research_tree_checks.gd:4)
       [2] run (res://tests/run_research_tree_checks.gd:61)
       [3] click (res://tests/run_garage_frontend_checks.gd:18)
       [4] frames (res://tests/run_garage_frontend_checks.gd:11)
WARNING: Loaded resource as image file, this will not work on export: 'res://assets/research/thumbnails/germ_sdkfz_222.png'. Instead, import the image file as an Image resource and load it normally as a resource.
   at: load_from_file (core/io/image.cpp:2780)
   GDScript backtrace (most recent call first):
       [0] rebuild (res://scripts/ui/vehicle_research_tree.gd:126)
       [1] query (res://tests/run_research_tree_checks.gd:4)
       [2] run (res://tests/run_research_tree_checks.gd:61)
       [3] click (res://tests/run_garage_frontend_checks.gd:18)
       [4] frames (res://tests/run_garage_frontend_checks.gd:11)
WARNING: Loaded resource as image file, this will not work on export: 'res://assets/research/thumbnails/germ_wiesel_1_mk20.png'. Instead, import the image file as an Image resource and load it normally as a resource.
   at: load_from_file (core/io/image.cpp:2780)
   GDScript backtrace (most recent call first):
       [0] rebuild (res://scripts/ui/vehicle_research_tree.gd:126)
       [1] query (res://tests/run_research_tree_checks.gd:4)
       [2] run (res://tests/run_research_tree_checks.gd:61)
       [3] click (res://tests/run_garage_frontend_checks.gd:18)
       [4] frames (res://tests/run_garage_frontend_checks.gd:11)
WARNING: Loaded resource as image file, this will not work on export: 'res://assets/research/thumbnails/germ_wiesel_2_adwc.png'. Instead, import the image file as an Image resource and load it normally as a resource.
   at: load_from_file (core/io/image.cpp:2780)
   GDScript backtrace (most recent call first):
       [0] rebuild (res://scripts/ui/vehicle_research_tree.gd:126)
       [1] query (res://tests/run_research_tree_checks.gd:4)
       [2] run (res://tests/run_research_tree_checks.gd:61)
       [3] click (res://tests/run_garage_frontend_checks.gd:18)
       [4] frames (res://tests/run_garage_frontend_checks.gd:11)
WARNING: Loaded resource as image file, this will not work on export: 'res://assets/research/thumbnails/germ_pzkpfw_III_ausf_B.png'. Instead, import the image file as an Image resource and load it normally as a resource.
   at: load_from_file (core/io/image.cpp:2780)
   GDScript backtrace (most recent call first):
       [0] rebuild (res://scripts/ui/vehicle_research_tree.gd:126)
       [1] <anonymous lambda> (res://scripts/ui/vehicle_research_tree.gd:57)
       [2] run (res://tests/run_research_tree_checks.gd:61)
       [3] query (res://tests/run_research_tree_checks.gd:4)
       [4] frames (res://tests/run_garage_frontend_checks.gd:11)
WARNING: Loaded resource as image file, this will not work on export: 'res://assets/research/thumbnails/germ_pzkpfw_IV_ausf_C.png'. Instead, import the image file as an Image resource and load it normally as a resource.
   at: load_from_file (core/io/image.cpp:2780)
   GDScript backtrace (most recent call first):
       [0] rebuild (res://scripts/ui/vehicle_research_tree.gd:126)
       [1] <anonymous lambda> (res://scripts/ui/vehicle_research_tree.gd:57)
       [2] run (res://tests/run_research_tree_checks.gd:61)
       [3] query (res://tests/run_research_tree_checks.gd:4)
       [4] frames (res://tests/run_garage_frontend_checks.gd:11)
WARNING: Loaded resource as image file, this will not work on export: 'res://assets/research/thumbnails/germ_pzkpfw_V_ausf_d_panther.png'. Instead, import the image file as an Image resource and load it normally as a resource.
   at: load_from_file (core/io/image.cpp:2780)
   GDScript backtrace (most recent call first):
       [0] rebuild (res://scripts/ui/vehicle_research_tree.gd:126)
       [1] <anonymous lambda> (res://scripts/ui/vehicle_research_tree.gd:57)
       [2] run (res://tests/run_research_tree_checks.gd:61)
       [3] query (res://tests/run_research_tree_checks.gd:4)
       [4] frames (res://tests/run_garage_frontend_checks.gd:11)
WARNING: Loaded resource as image file, this will not work on export: 'res://assets/research/thumbnails/germ_panther_II.png'. Instead, import the image file as an Image resource and load it normally as a resource.
   at: load_from_file (core/io/image.cpp:2780)
   GDScript backtrace (most recent call first):
       [0] rebuild (res://scripts/ui/vehicle_research_tree.gd:126)
       [1] <anonymous lambda> (res://scripts/ui/vehicle_research_tree.gd:57)
       [2] run (res://tests/run_research_tree_checks.gd:61)
       [3] query (res://tests/run_research_tree_checks.gd:4)
       [4] frames (res://tests/run_garage_frontend_checks.gd:11)
WARNING: Loaded resource as image file, this will not work on export: 'res://assets/research/thumbnails/germ_leopard_I.png'. Instead, import the image file as an Image resource and load it normally as a resource.
   at: load_from_file (core/io/image.cpp:2780)
   GDScript backtrace (most recent call first):
       [0] rebuild (res://scripts/ui/vehicle_research_tree.gd:126)
       [1] <anonymous lambda> (res://scripts/ui/vehicle_research_tree.gd:57)
       [2] run (res://tests/run_research_tree_checks.gd:61)
       [3] query (res://tests/run_research_tree_checks.gd:4)
       [4] frames (res://tests/run_garage_frontend_checks.gd:11)
WARNING: Loaded resource as image file, this will not work on export: 'res://assets/research/thumbnails/germ_kpz_70.png'. Instead, import the image file as an Image resource and load it normally as a resource.
   at: load_from_file (core/io/image.cpp:2780)
   GDScript backtrace (most recent call first):
       [0] rebuild (res://scripts/ui/vehicle_research_tree.gd:126)
       [1] <anonymous lambda> (res://scripts/ui/vehicle_research_tree.gd:57)
       [2] run (res://tests/run_research_tree_checks.gd:61)
       [3] query (res://tests/run_research_tree_checks.gd:4)
       [4] frames (res://tests/run_garage_frontend_checks.gd:11)
WARNING: Loaded resource as image file, this will not work on export: 'res://assets/research/thumbnails/germ_leopard_2a4.png'. Instead, import the image file as an Image resource and load it normally as a resource.
   at: load_from_file (core/io/image.cpp:2780)
   GDScript backtrace (most recent call first):
       [0] rebuild (res://scripts/ui/vehicle_research_tree.gd:126)
       [1] <anonymous lambda> (res://scripts/ui/vehicle_research_tree.gd:57)
       [2] run (res://tests/run_research_tree_checks.gd:61)
       [3] query (res://tests/run_research_tree_checks.gd:4)
       [4] frames (res://tests/run_garage_frontend_checks.gd:11)
WARNING: Loaded resource as image file, this will not work on export: 'res://assets/research/thumbnails/germ_erprobungstrager_3_achs_turm.png'. Instead, import the image file as an Image resource and load it normally as a resource.
   at: load_from_file (core/io/image.cpp:2780)
   GDScript backtrace (most recent call first):
       [0] rebuild (res://scripts/ui/vehicle_research_tree.gd:126)
       [1] <anonymous lambda> (res://scripts/ui/vehicle_research_tree.gd:57)
       [2] run (res://tests/run_research_tree_checks.gd:61)
       [3] query (res://tests/run_research_tree_checks.gd:4)
       [4] frames (res://tests/run_garage_frontend_checks.gd:11)
WARNING: Loaded resource as image file, this will not work on export: 'res://assets/research/thumbnails/germ_kpz_t72m1.png'. Instead, import the image file as an Image resource and load it normally as a resource.
   at: load_from_file (core/io/image.cpp:2780)
   GDScript backtrace (most recent call first):
       [0] rebuild (res://scripts/ui/vehicle_research_tree.gd:126)
       [1] <anonymous lambda> (res://scripts/ui/vehicle_research_tree.gd:57)
       [2] run (res://tests/run_research_tree_checks.gd:61)
       [3] query (res://tests/run_research_tree_checks.gd:4)
       [4] frames (res://tests/run_garage_frontend_checks.gd:11)
WARNING: Loaded resource as image file, this will not work on export: 'res://assets/research/thumbnails/us_m4a2_1944_germ.png'. Instead, import the image file as an Image resource and load it normally as a resource.
   at: load_from_file (core/io/image.cpp:2780)
   GDScript backtrace (most recent call first):
       [0] rebuild (res://scripts/ui/vehicle_research_tree.gd:126)
       [1] <anonymous lambda> (res://scripts/ui/vehicle_research_tree.gd:57)
       [2] run (res://tests/run_research_tree_checks.gd:61)
       [3] query (res://tests/run_research_tree_checks.gd:4)
       [4] frames (res://tests/run_garage_frontend_checks.gd:11)
WARNING: Loaded resource as image file, this will not work on export: 'res://assets/research/thumbnails/germ_mkpz_m47.png'. Instead, import the image file as an Image resource and load it normally as a resource.
   at: load_from_file (core/io/image.cpp:2780)
   GDScript backtrace (most recent call first):
       [0] rebuild (res://scripts/ui/vehicle_research_tree.gd:126)
       [1] <anonymous lambda> (res://scripts/ui/vehicle_research_tree.gd:57)
       [2] run (res://tests/run_research_tree_checks.gd:61)
       [3] query (res://tests/run_research_tree_checks.gd:4)
       [4] frames (res://tests/run_garage_frontend_checks.gd:11)
WARNING: Loaded resource as image file, this will not work on export: 'res://assets/research/thumbnails/germ_mkpz_m48a2c.png'. Instead, import the image file as an Image resource and load it normally as a resource.
   at: load_from_file (core/io/image.cpp:2780)
   GDScript backtrace (most recent call first):
       [0] rebuild (res://scripts/ui/vehicle_research_tree.gd:126)
       [1] <anonymous lambda> (res://scripts/ui/vehicle_research_tree.gd:57)
       [2] run (res://tests/run_research_tree_checks.gd:61)
       [3] query (res://tests/run_research_tree_checks.gd:4)
       [4] frames (res://tests/run_garage_frontend_checks.gd:11)
WARNING: Loaded resource as image file, this will not work on export: 'res://assets/research/thumbnails/germ_t_34_747.png'. Instead, import the image file as an Image resource and load it normally as a resource.
   at: load_from_file (core/io/image.cpp:2780)
   GDScript backtrace (most recent call first):
       [0] rebuild (res://scripts/ui/vehicle_research_tree.gd:126)
       [1] <anonymous lambda> (res://scripts/ui/vehicle_research_tree.gd:57)
       [2] run (res://tests/run_research_tree_checks.gd:61)
       [3] query (res://tests/run_research_tree_checks.gd:4)
       [4] frames (res://tests/run_garage_frontend_checks.gd:11)
WARNING: Loaded resource as image file, this will not work on export: 'res://assets/research/thumbnails/germ_vk_3002m.png'. Instead, import the image file as an Image resource and load it normally as a resource.
   at: load_from_file (core/io/image.cpp:2780)
   GDScript backtrace (most recent call first):
       [0] rebuild (res://scripts/ui/vehicle_research_tree.gd:126)
       [1] <anonymous lambda> (res://scripts/ui/vehicle_research_tree.gd:57)
       [2] run (res://tests/run_research_tree_checks.gd:61)
       [3] query (res://tests/run_research_tree_checks.gd:4)
       [4] frames (res://tests/run_garage_frontend_checks.gd:11)
WARNING: Loaded resource as image file, this will not work on export: 'res://assets/research/thumbnails/germ_pzkpfw_VI_ausf_h1_tiger.png'. Instead, import the image file as an Image resource and load it normally as a resource.
   at: load_from_file (core/io/image.cpp:2780)
   GDScript backtrace (most recent call first):
       [0] rebuild (res://scripts/ui/vehicle_research_tree.gd:126)
       [1] <anonymous lambda> (res://scripts/ui/vehicle_research_tree.gd:57)
       [2] run (res://tests/run_research_tree_checks.gd:61)
       [3] query (res://tests/run_research_tree_checks.gd:4)
       [4] frames (res://tests/run_garage_frontend_checks.gd:11)
WARNING: Loaded resource as image file, this will not work on export: 'res://assets/research/thumbnails/germ_pzkpfw_VI_tiger_P.png'. Instead, import the image file as an Image resource and load it normally as a resource.
   at: load_from_file (core/io/image.cpp:2780)
   GDScript backtrace (most recent call first):
       [0] rebuild (res://scripts/ui/vehicle_research_tree.gd:126)
       [1] <anonymous lambda> (res://scripts/ui/vehicle_research_tree.gd:57)
       [2] run (res://tests/run_research_tree_checks.gd:61)
       [3] query (res://tests/run_research_tree_checks.gd:4)
       [4] frames (res://tests/run_garage_frontend_checks.gd:11)
WARNING: Loaded resource as image file, this will not work on export: 'res://assets/research/thumbnails/germ_pzkpfw_VI_ausf_b_tiger_IIh.png'. Instead, import the image file as an Image resource and load it normally as a resource.
   at: load_from_file (core/io/image.cpp:2780)
   GDScript backtrace (most recent call first):
       [0] rebuild (res://scripts/ui/vehicle_research_tree.gd:126)
       [1] <anonymous lambda> (res://scripts/ui/vehicle_research_tree.gd:57)
       [2] run (res://tests/run_research_tree_checks.gd:61)
       [3] query (res://tests/run_research_tree_checks.gd:4)
       [4] frames (res://tests/run_garage_frontend_checks.gd:11)
WARNING: Loaded resource as image file, this will not work on export: 'res://assets/research/thumbnails/germ_pzkpfw_Maus.png'. Instead, import the image file as an Image resource and load it normally as a resource.
   at: load_from_file (core/io/image.cpp:2780)
   GDScript backtrace (most recent call first):
       [0] rebuild (res://scripts/ui/vehicle_research_tree.gd:126)
       [1] <anonymous lambda> (res://scripts/ui/vehicle_research_tree.gd:57)
       [2] run (res://tests/run_research_tree_checks.gd:61)
       [3] query (res://tests/run_research_tree_checks.gd:4)
       [4] frames (res://tests/run_garage_frontend_checks.gd:11)
WARNING: Loaded resource as image file, this will not work on export: 'res://assets/research/thumbnails/germ_pzkpfw_e_100.png'. Instead, import the image file as an Image resource and load it normally as a resource.
   at: load_from_file (core/io/image.cpp:2780)
   GDScript backtrace (most recent call first):
       [0] rebuild (res://scripts/ui/vehicle_research_tree.gd:126)
       [1] <anonymous lambda> (res://scripts/ui/vehicle_research_tree.gd:57)
       [2] run (res://tests/run_research_tree_checks.gd:61)
       [3] query (res://tests/run_research_tree_checks.gd:4)
       [4] frames (res://tests/run_garage_frontend_checks.gd:11)
WARNING: Loaded resource as image file, this will not work on export: 'res://assets/research/thumbnails/germ_infanterie_kampfpanzer_churchill.png'. Instead, import the image file as an Image resource and load it normally as a resource.
   at: load_from_file (core/io/image.cpp:2780)
   GDScript backtrace (most recent call first):
       [0] rebuild (res://scripts/ui/vehicle_research_tree.gd:126)
       [1] <anonymous lambda> (res://scripts/ui/vehicle_research_tree.gd:57)
       [2] run (res://tests/run_research_tree_checks.gd:61)
       [3] query (res://tests/run_research_tree_checks.gd:4)
       [4] frames (res://tests/run_garage_frontend_checks.gd:11)
WARNING: Loaded resource as image file, this will not work on export: 'res://assets/research/thumbnails/germ_kv_2_754r.png'. Instead, import the image file as an Image resource and load it normally as a resource.
   at: load_from_file (core/io/image.cpp:2780)
   GDScript backtrace (most recent call first):
       [0] rebuild (res://scripts/ui/vehicle_research_tree.gd:126)
       [1] <anonymous lambda> (res://scripts/ui/vehicle_research_tree.gd:57)
       [2] run (res://tests/run_research_tree_checks.gd:61)
       [3] query (res://tests/run_research_tree_checks.gd:4)
       [4] frames (res://tests/run_garage_frontend_checks.gd:11)
WARNING: Loaded resource as image file, this will not work on export: 'res://assets/research/thumbnails/germ_pzkpfw_II_ausf_C.png'. Instead, import the image file as an Image resource and load it normally as a resource.
   at: load_from_file (core/io/image.cpp:2780)
   GDScript backtrace (most recent call first):
       [0] rebuild (res://scripts/ui/vehicle_research_tree.gd:126)
       [1] <anonymous lambda> (res://scripts/ui/vehicle_research_tree.gd:57)
       [2] run (res://tests/run_research_tree_checks.gd:61)
       [3] query (res://tests/run_research_tree_checks.gd:4)
       [4] frames (res://tests/run_garage_frontend_checks.gd:11)
WARNING: Loaded resource as image file, this will not work on export: 'res://assets/research/thumbnails/germ_pzkpfw_35t.png'. Instead, import the image file as an Image resource and load it normally as a resource.
   at: load_from_file (core/io/image.cpp:2780)
   GDScript backtrace (most recent call first):
       [0] rebuild (res://scripts/ui/vehicle_research_tree.gd:126)
       [1] <anonymous lambda> (res://scripts/ui/vehicle_research_tree.gd:57)
       [2] run (res://tests/run_research_tree_checks.gd:61)
       [3] query (res://tests/run_research_tree_checks.gd:4)
       [4] frames (res://tests/run_garage_frontend_checks.gd:11)
WARNING: Loaded resource as image file, this will not work on export: 'res://assets/research/thumbnails/germ_pzkpfw_38t_ausf_A.png'. Instead, import the image file as an Image resource and load it normally as a resource.
   at: load_from_file (core/io/image.cpp:2780)
   GDScript backtrace (most recent call first):
       [0] rebuild (res://scripts/ui/vehicle_research_tree.gd:126)
       [1] <anonymous lambda> (res://scripts/ui/vehicle_research_tree.gd:57)
       [2] run (res://tests/run_research_tree_checks.gd:61)
       [3] query (res://tests/run_research_tree_checks.gd:4)
       [4] frames (res://tests/run_garage_frontend_checks.gd:11)
WARNING: Loaded resource as image file, this will not work on export: 'res://assets/research/thumbnails/germ_amd_35_kwk.png'. Instead, import the image file as an Image resource and load it normally as a resource.
   at: load_from_file (core/io/image.cpp:2780)
   GDScript backtrace (most recent call first):
       [0] rebuild (res://scripts/ui/vehicle_research_tree.gd:126)
       [1] <anonymous lambda> (res://scripts/ui/vehicle_research_tree.gd:57)
       [2] run (res://tests/run_research_tree_checks.gd:61)
       [3] query (res://tests/run_research_tree_checks.gd:4)
       [4] frames (res://tests/run_garage_frontend_checks.gd:11)
WARNING: Loaded resource as image file, this will not work on export: 'res://assets/research/thumbnails/germ_begleitpanzer_57.png'. Instead, import the image file as an Image resource and load it normally as a resource.
   at: load_from_file (core/io/image.cpp:2780)
   GDScript backtrace (most recent call first):
       [0] rebuild (res://scripts/ui/vehicle_research_tree.gd:126)
       [1] <anonymous lambda> (res://scripts/ui/vehicle_research_tree.gd:57)
       [2] run (res://tests/run_research_tree_checks.gd:61)
       [3] query (res://tests/run_research_tree_checks.gd:4)
       [4] frames (res://tests/run_garage_frontend_checks.gd:11)
WARNING: Loaded resource as image file, this will not work on export: 'res://assets/research/thumbnails/germ_bmp_1_ddr.png'. Instead, import the image file as an Image resource and load it normally as a resource.
   at: load_from_file (core/io/image.cpp:2780)
   GDScript backtrace (most recent call first):
       [0] rebuild (res://scripts/ui/vehicle_research_tree.gd:126)
       [1] <anonymous lambda> (res://scripts/ui/vehicle_research_tree.gd:57)
       [2] run (res://tests/run_research_tree_checks.gd:61)
       [3] query (res://tests/run_research_tree_checks.gd:4)
       [4] frames (res://tests/run_garage_frontend_checks.gd:11)
WARNING: Loaded resource as image file, this will not work on export: 'res://assets/research/thumbnails/germ_boxer_3105.png'. Instead, import the image file as an Image resource and load it normally as a resource.
   at: load_from_file (core/io/image.cpp:2780)
   GDScript backtrace (most recent call first):
       [0] rebuild (res://scripts/ui/vehicle_research_tree.gd:126)
       [1] <anonymous lambda> (res://scripts/ui/vehicle_research_tree.gd:57)
       [2] run (res://tests/run_research_tree_checks.gd:61)
       [3] query (res://tests/run_research_tree_checks.gd:4)
       [4] frames (res://tests/run_garage_frontend_checks.gd:11)
WARNING: Loaded resource as image file, this will not work on export: 'res://assets/research/thumbnails/germ_boxer_swatrinf.png'. Instead, import the image file as an Image resource and load it normally as a resource.
   at: load_from_file (core/io/image.cpp:2780)
   GDScript backtrace (most recent call first):
       [0] rebuild (res://scripts/ui/vehicle_research_tree.gd:126)
       [1] <anonymous lambda> (res://scripts/ui/vehicle_research_tree.gd:57)
       [2] run (res://tests/run_research_tree_checks.gd:61)
       [3] query (res://tests/run_research_tree_checks.gd:4)
       [4] frames (res://tests/run_garage_frontend_checks.gd:11)
WARNING: Loaded resource as image file, this will not work on export: 'res://assets/research/thumbnails/germ_le_kpz_m41.png'. Instead, import the image file as an Image resource and load it normally as a resource.
   at: load_from_file (core/io/image.cpp:2780)
   GDScript backtrace (most recent call first):
       [0] rebuild (res://scripts/ui/vehicle_research_tree.gd:126)
       [1] <anonymous lambda> (res://scripts/ui/vehicle_research_tree.gd:57)
       [2] run (res://tests/run_research_tree_checks.gd:61)
       [3] query (res://tests/run_research_tree_checks.gd:4)
       [4] frames (res://tests/run_garage_frontend_checks.gd:11)
WARNING: Loaded resource as image file, this will not work on export: 'res://assets/research/thumbnails/germ_marder_1a1.png'. Instead, import the image file as an Image resource and load it normally as a resource.
   at: load_from_file (core/io/image.cpp:2780)
   GDScript backtrace (most recent call first):
       [0] rebuild (res://scripts/ui/vehicle_research_tree.gd:126)
       [1] <anonymous lambda> (res://scripts/ui/vehicle_research_tree.gd:57)
       [2] run (res://tests/run_research_tree_checks.gd:61)
       [3] query (res://tests/run_research_tree_checks.gd:4)
       [4] frames (res://tests/run_garage_frontend_checks.gd:11)
WARNING: Loaded resource as image file, this will not work on export: 'res://assets/research/thumbnails/germ_marder_df_105.png'. Instead, import the image file as an Image resource and load it normally as a resource.
   at: load_from_file (core/io/image.cpp:2780)
   GDScript backtrace (most recent call first):
       [0] rebuild (res://scripts/ui/vehicle_research_tree.gd:126)
       [1] <anonymous lambda> (res://scripts/ui/vehicle_research_tree.gd:57)
       [2] run (res://tests/run_research_tree_checks.gd:61)
       [3] query (res://tests/run_research_tree_checks.gd:4)
       [4] frames (res://tests/run_garage_frontend_checks.gd:11)
WARNING: Loaded resource as image file, this will not work on export: 'res://assets/research/thumbnails/germ_pzkpfw_38t_Aufklarungspanzer.png'. Instead, import the image file as an Image resource and load it normally as a resource.
   at: load_from_file (core/io/image.cpp:2780)
   GDScript backtrace (most recent call first):
       [0] rebuild (res://scripts/ui/vehicle_research_tree.gd:126)
       [1] <anonymous lambda> (res://scripts/ui/vehicle_research_tree.gd:57)
       [2] run (res://tests/run_research_tree_checks.gd:61)
       [3] query (res://tests/run_research_tree_checks.gd:4)
       [4] frames (res://tests/run_garage_frontend_checks.gd:11)
WARNING: Loaded resource as image file, this will not work on export: 'res://assets/research/thumbnails/germ_radpanzer_90.png'. Instead, import the image file as an Image resource and load it normally as a resource.
   at: load_from_file (core/io/image.cpp:2780)
   GDScript backtrace (most recent call first):
       [0] rebuild (res://scripts/ui/vehicle_research_tree.gd:126)
       [1] <anonymous lambda> (res://scripts/ui/vehicle_research_tree.gd:57)
       [2] run (res://tests/run_research_tree_checks.gd:61)
       [3] query (res://tests/run_research_tree_checks.gd:4)
       [4] frames (res://tests/run_garage_frontend_checks.gd:11)
WARNING: Loaded resource as image file, this will not work on export: 'res://assets/research/thumbnails/germ_ru251.png'. Instead, import the image file as an Image resource and load it normally as a resource.
   at: load_from_file (core/io/image.cpp:2780)
   GDScript backtrace (most recent call first):
       [0] rebuild (res://scripts/ui/vehicle_research_tree.gd:126)
       [1] <anonymous lambda> (res://scripts/ui/vehicle_research_tree.gd:57)
       [2] run (res://tests/run_research_tree_checks.gd:61)
       [3] query (res://tests/run_research_tree_checks.gd:4)
       [4] frames (res://tests/run_garage_frontend_checks.gd:11)
WARNING: Loaded resource as image file, this will not work on export: 'res://assets/research/thumbnails/germ_schutzenpanzer_puma.png'. Instead, import the image file as an Image resource and load it normally as a resource.
   at: load_from_file (core/io/image.cpp:2780)
   GDScript backtrace (most recent call first):
       [0] rebuild (res://scripts/ui/vehicle_research_tree.gd:126)
       [1] <anonymous lambda> (res://scripts/ui/vehicle_research_tree.gd:57)
       [2] run (res://tests/run_research_tree_checks.gd:61)
       [3] query (res://tests/run_research_tree_checks.gd:4)
       [4] frames (res://tests/run_garage_frontend_checks.gd:11)
WARNING: Loaded resource as image file, this will not work on export: 'res://assets/research/thumbnails/germ_sdkfz_221_s_pz_b_41.png'. Instead, import the image file as an Image resource and load it normally as a resource.
   at: load_from_file (core/io/image.cpp:2780)
   GDScript backtrace (most recent call first):
       [0] rebuild (res://scripts/ui/vehicle_research_tree.gd:126)
       [1] <anonymous lambda> (res://scripts/ui/vehicle_research_tree.gd:57)
       [2] run (res://tests/run_research_tree_checks.gd:61)
       [3] query (res://tests/run_research_tree_checks.gd:4)
       [4] frames (res://tests/run_garage_frontend_checks.gd:11)
WARNING: Loaded resource as image file, this will not work on export: 'res://assets/research/thumbnails/germ_sdkfz_234_2.png'. Instead, import the image file as an Image resource and load it normally as a resource.
   at: load_from_file (core/io/image.cpp:2780)
   GDScript backtrace (most recent call first):
       [0] rebuild (res://scripts/ui/vehicle_research_tree.gd:126)
       [1] <anonymous lambda> (res://scripts/ui/vehicle_research_tree.gd:57)
       [2] run (res://tests/run_research_tree_checks.gd:61)
       [3] query (res://tests/run_research_tree_checks.gd:4)
       [4] frames (res://tests/run_garage_frontend_checks.gd:11)
WARNING: Loaded resource as image file, this will not work on export: 'res://assets/research/thumbnails/germ_sk105_a2.png'. Instead, import the image file as an Image resource and load it normally as a resource.
   at: load_from_file (core/io/image.cpp:2780)
   GDScript backtrace (most recent call first):
       [0] rebuild (res://scripts/ui/vehicle_research_tree.gd:126)
       [1] <anonymous lambda> (res://scripts/ui/vehicle_research_tree.gd:57)
       [2] run (res://tests/run_research_tree_checks.gd:61)
       [3] query (res://tests/run_research_tree_checks.gd:4)
       [4] frames (res://tests/run_garage_frontend_checks.gd:11)
WARNING: Loaded resource as image file, this will not work on export: 'res://assets/research/thumbnails/germ_sppz2_luchs_a2.png'. Instead, import the image file as an Image resource and load it normally as a resource.
   at: load_from_file (core/io/image.cpp:2780)
   GDScript backtrace (most recent call first):
       [0] rebuild (res://scripts/ui/vehicle_research_tree.gd:126)
       [1] <anonymous lambda> (res://scripts/ui/vehicle_research_tree.gd:57)
       [2] run (res://tests/run_research_tree_checks.gd:61)
       [3] query (res://tests/run_research_tree_checks.gd:4)
       [4] frames (res://tests/run_garage_frontend_checks.gd:11)
WARNING: Loaded resource as image file, this will not work on export: 'res://assets/research/thumbnails/germ_spz_12_3.png'. Instead, import the image file as an Image resource and load it normally as a resource.
   at: load_from_file (core/io/image.cpp:2780)
   GDScript backtrace (most recent call first):
       [0] rebuild (res://scripts/ui/vehicle_research_tree.gd:126)
       [1] <anonymous lambda> (res://scripts/ui/vehicle_research_tree.gd:57)
       [2] run (res://tests/run_research_tree_checks.gd:61)
       [3] query (res://tests/run_research_tree_checks.gd:4)
       [4] frames (res://tests/run_garage_frontend_checks.gd:11)
WARNING: Loaded resource as image file, this will not work on export: 'res://assets/research/thumbnails/germ_th_400.png'. Instead, import the image file as an Image resource and load it normally as a resource.
   at: load_from_file (core/io/image.cpp:2780)
   GDScript backtrace (most recent call first):
       [0] rebuild (res://scripts/ui/vehicle_research_tree.gd:126)
       [1] <anonymous lambda> (res://scripts/ui/vehicle_research_tree.gd:57)
       [2] run (res://tests/run_research_tree_checks.gd:61)
       [3] query (res://tests/run_research_tree_checks.gd:4)
       [4] frames (res://tests/run_garage_frontend_checks.gd:11)
WARNING: Loaded resource as image file, this will not work on export: 'res://assets/research/thumbnails/germ_thyssen_henschel_tam.png'. Instead, import the image file as an Image resource and load it normally as a resource.
   at: load_from_file (core/io/image.cpp:2780)
   GDScript backtrace (most recent call first):
       [0] rebuild (res://scripts/ui/vehicle_research_tree.gd:126)
       [1] <anonymous lambda> (res://scripts/ui/vehicle_research_tree.gd:57)
       [2] run (res://tests/run_research_tree_checks.gd:61)
       [3] query (res://tests/run_research_tree_checks.gd:4)
       [4] frames (res://tests/run_garage_frontend_checks.gd:11)
WARNING: Loaded resource as image file, this will not work on export: 'res://assets/research/thumbnails/germ_vilkas.png'. Instead, import the image file as an Image resource and load it normally as a resource.
   at: load_from_file (core/io/image.cpp:2780)
   GDScript backtrace (most recent call first):
       [0] rebuild (res://scripts/ui/vehicle_research_tree.gd:126)
       [1] <anonymous lambda> (res://scripts/ui/vehicle_research_tree.gd:57)
       [2] run (res://tests/run_research_tree_checks.gd:61)
       [3] query (res://tests/run_research_tree_checks.gd:4)
       [4] frames (res://tests/run_garage_frontend_checks.gd:11)
WARNING: Loaded resource as image file, this will not work on export: 'res://assets/research/thumbnails/germ_panzerjager_1.png'. Instead, import the image file as an Image resource and load it normally as a resource.
   at: load_from_file (core/io/image.cpp:2780)
   GDScript backtrace (most recent call first):
       [0] rebuild (res://scripts/ui/vehicle_research_tree.gd:126)
       [1] <anonymous lambda> (res://scripts/ui/vehicle_research_tree.gd:57)
       [2] run (res://tests/run_research_tree_checks.gd:61)
       [3] query (res://tests/run_research_tree_checks.gd:4)
       [4] frames (res://tests/run_garage_frontend_checks.gd:11)
WARNING: Loaded resource as image file, this will not work on export: 'res://assets/research/thumbnails/germ_stug_III_ausf_A.png'. Instead, import the image file as an Image resource and load it normally as a resource.
   at: load_from_file (core/io/image.cpp:2780)
   GDScript backtrace (most recent call first):
       [0] rebuild (res://scripts/ui/vehicle_research_tree.gd:126)
       [1] <anonymous lambda> (res://scripts/ui/vehicle_research_tree.gd:57)
       [2] run (res://tests/run_research_tree_checks.gd:61)
       [3] query (res://tests/run_research_tree_checks.gd:4)
       [4] frames (res://tests/run_garage_frontend_checks.gd:11)
WARNING: Loaded resource as image file, this will not work on export: 'res://assets/research/thumbnails/germ_pzkpfw_38t_Marder_III.png'. Instead, import the image file as an Image resource and load it normally as a resource.
   at: load_from_file (core/io/image.cpp:2780)
   GDScript backtrace (most recent call first):
       [0] rebuild (res://scripts/ui/vehicle_research_tree.gd:126)
       [1] <anonymous lambda> (res://scripts/ui/vehicle_research_tree.gd:57)
       [2] run (res://tests/run_research_tree_checks.gd:61)
       [3] query (res://tests/run_research_tree_checks.gd:4)
       [4] frames (res://tests/run_garage_frontend_checks.gd:11)
WARNING: Loaded resource as image file, this will not work on export: 'res://assets/research/thumbnails/germ_jgdpz_38t.png'. Instead, import the image file as an Image resource and load it normally as a resource.
   at: load_from_file (core/io/image.cpp:2780)
   GDScript backtrace (most recent call first):
       [0] rebuild (res://scripts/ui/vehicle_research_tree.gd:126)
       [1] <anonymous lambda> (res://scripts/ui/vehicle_research_tree.gd:57)
       [2] run (res://tests/run_research_tree_checks.gd:61)
       [3] query (res://tests/run_research_tree_checks.gd:4)
       [4] frames (res://tests/run_garage_frontend_checks.gd:11)
WARNING: Loaded resource as image file, this will not work on export: 'res://assets/research/thumbnails/germ_jgdpz_IV_L48.png'. Instead, import the image file as an Image resource and load it normally as a resource.
   at: load_from_file (core/io/image.cpp:2780)
   GDScript backtrace (most recent call first):
       [0] rebuild (res://scripts/ui/vehicle_research_tree.gd:126)
       [1] <anonymous lambda> (res://scripts/ui/vehicle_research_tree.gd:57)
       [2] run (res://tests/run_research_tree_checks.gd:61)
       [3] query (res://tests/run_research_tree_checks.gd:4)
       [4] frames (res://tests/run_garage_frontend_checks.gd:11)
WARNING: Loaded resource as image file, this will not work on export: 'res://assets/research/thumbnails/germ_panzerjager_panther.png'. Instead, import the image file as an Image resource and load it normally as a resource.
   at: load_from_file (core/io/image.cpp:2780)
   GDScript backtrace (most recent call first):
       [0] rebuild (res://scripts/ui/vehicle_research_tree.gd:126)
       [1] <anonymous lambda> (res://scripts/ui/vehicle_research_tree.gd:57)
       [2] run (res://tests/run_research_tree_checks.gd:61)
       [3] query (res://tests/run_research_tree_checks.gd:4)
       [4] frames (res://tests/run_garage_frontend_checks.gd:11)
WARNING: Loaded resource as image file, this will not work on export: 'res://assets/research/thumbnails/germ_panzerjager_tiger_P_ferdinand.png'. Instead, import the image file as an Image resource and load it normally as a resource.
   at: load_from_file (core/io/image.cpp:2780)
   GDScript backtrace (most recent call first):
       [0] rebuild (res://scripts/ui/vehicle_research_tree.gd:126)
       [1] <anonymous lambda> (res://scripts/ui/vehicle_research_tree.gd:57)
       [2] run (res://tests/run_research_tree_checks.gd:61)
       [3] query (res://tests/run_research_tree_checks.gd:4)
       [4] frames (res://tests/run_garage_frontend_checks.gd:11)
WARNING: Loaded resource as image file, this will not work on export: 'res://assets/research/thumbnails/germ_panzerjager_tiger.png'. Instead, import the image file as an Image resource and load it normally as a resource.
   at: load_from_file (core/io/image.cpp:2780)
   GDScript backtrace (most recent call first):
       [0] rebuild (res://scripts/ui/vehicle_research_tree.gd:126)
       [1] <anonymous lambda> (res://scripts/ui/vehicle_research_tree.gd:57)
       [2] run (res://tests/run_research_tree_checks.gd:61)
       [3] query (res://tests/run_research_tree_checks.gd:4)
       [4] frames (res://tests/run_garage_frontend_checks.gd:11)
WARNING: Loaded resource as image file, this will not work on export: 'res://assets/research/thumbnails/germ_hummel.png'. Instead, import the image file as an Image resource and load it normally as a resource.
   at: load_from_file (core/io/image.cpp:2780)
   GDScript backtrace (most recent call first):
       [0] rebuild (res://scripts/ui/vehicle_research_tree.gd:126)
       [1] <anonymous lambda> (res://scripts/ui/vehicle_research_tree.gd:57)
       [2] run (res://tests/run_research_tree_checks.gd:61)
       [3] query (res://tests/run_research_tree_checks.gd:4)
       [4] frames (res://tests/run_garage_frontend_checks.gd:11)
WARNING: Loaded resource as image file, this will not work on export: 'res://assets/research/thumbnails/germ_jaguar_2.png'. Instead, import the image file as an Image resource and load it normally as a resource.
   at: load_from_file (core/io/image.cpp:2780)
   GDScript backtrace (most recent call first):
       [0] rebuild (res://scripts/ui/vehicle_research_tree.gd:126)
       [1] <anonymous lambda> (res://scripts/ui/vehicle_research_tree.gd:57)
       [2] run (res://tests/run_research_tree_checks.gd:61)
       [3] query (res://tests/run_research_tree_checks.gd:4)
       [4] frames (res://tests/run_garage_frontend_checks.gd:11)
WARNING: Loaded resource as image file, this will not work on export: 'res://assets/research/thumbnails/germ_kanonenjagdpanzer.png'. Instead, import the image file as an Image resource and load it normally as a resource.
   at: load_from_file (core/io/image.cpp:2780)
   GDScript backtrace (most recent call first):
       [0] rebuild (res://scripts/ui/vehicle_research_tree.gd:126)
       [1] <anonymous lambda> (res://scripts/ui/vehicle_research_tree.gd:57)
       [2] run (res://tests/run_research_tree_checks.gd:61)
       [3] query (res://tests/run_research_tree_checks.gd:4)
       [4] frames (res://tests/run_garage_frontend_checks.gd:11)
WARNING: Loaded resource as image file, this will not work on export: 'res://assets/research/thumbnails/germ_m44.png'. Instead, import the image file as an Image resource and load it normally as a resource.
   at: load_from_file (core/io/image.cpp:2780)
   GDScript backtrace (most recent call first):
       [0] rebuild (res://scripts/ui/vehicle_research_tree.gd:126)
       [1] <anonymous lambda> (res://scripts/ui/vehicle_research_tree.gd:57)
       [2] run (res://tests/run_research_tree_checks.gd:61)
       [3] query (res://tests/run_research_tree_checks.gd:4)
       [4] frames (res://tests/run_garage_frontend_checks.gd:11)
WARNING: Loaded resource as image file, this will not work on export: 'res://assets/research/thumbnails/germ_m55.png'. Instead, import the image file as an Image resource and load it normally as a resource.
   at: load_from_file (core/io/image.cpp:2780)
   GDScript backtrace (most recent call first):
       [0] rebuild (res://scripts/ui/vehicle_research_tree.gd:126)
       [1] <anonymous lambda> (res://scripts/ui/vehicle_research_tree.gd:57)
       [2] run (res://tests/run_research_tree_checks.gd:61)
       [3] query (res://tests/run_research_tree_checks.gd:4)
       [4] frames (res://tests/run_garage_frontend_checks.gd:11)
WARNING: Loaded resource as image file, this will not work on export: 'res://assets/research/thumbnails/germ_m109g.png'. Instead, import the image file as an Image resource and load it normally as a resource.
   at: load_from_file (core/io/image.cpp:2780)
   GDScript backtrace (most recent call first):
       [0] rebuild (res://scripts/ui/vehicle_research_tree.gd:126)
       [1] <anonymous lambda> (res://scripts/ui/vehicle_research_tree.gd:57)
       [2] run (res://tests/run_research_tree_checks.gd:61)
       [3] query (res://tests/run_research_tree_checks.gd:4)
       [4] frames (res://tests/run_garage_frontend_checks.gd:11)
WARNING: Loaded resource as image file, this will not work on export: 'res://assets/research/thumbnails/germ_panzerjager_nashorn.png'. Instead, import the image file as an Image resource and load it normally as a resource.
   at: load_from_file (core/io/image.cpp:2780)
   GDScript backtrace (most recent call first):
       [0] rebuild (res://scripts/ui/vehicle_research_tree.gd:126)
       [1] <anonymous lambda> (res://scripts/ui/vehicle_research_tree.gd:57)
       [2] run (res://tests/run_research_tree_checks.gd:61)
       [3] query (res://tests/run_research_tree_checks.gd:4)
       [4] frames (res://tests/run_garage_frontend_checks.gd:11)
WARNING: Loaded resource as image file, this will not work on export: 'res://assets/research/thumbnails/germ_pzh_2000.png'. Instead, import the image file as an Image resource and load it normally as a resource.
   at: load_from_file (core/io/image.cpp:2780)
   GDScript backtrace (most recent call first):
       [0] rebuild (res://scripts/ui/vehicle_research_tree.gd:126)
       [1] <anonymous lambda> (res://scripts/ui/vehicle_research_tree.gd:57)
       [2] run (res://tests/run_research_tree_checks.gd:61)
       [3] query (res://tests/run_research_tree_checks.gd:4)
       [4] frames (res://tests/run_garage_frontend_checks.gd:11)
WARNING: Loaded resource as image file, this will not work on export: 'res://assets/research/thumbnails/germ_pzsfl_IVa_dickermax.png'. Instead, import the image file as an Image resource and load it normally as a resource.
   at: load_from_file (core/io/image.cpp:2780)
   GDScript backtrace (most recent call first):
       [0] rebuild (res://scripts/ui/vehicle_research_tree.gd:126)
       [1] <anonymous lambda> (res://scripts/ui/vehicle_research_tree.gd:57)
       [2] run (res://tests/run_research_tree_checks.gd:61)
       [3] query (res://tests/run_research_tree_checks.gd:4)
       [4] frames (res://tests/run_garage_frontend_checks.gd:11)
WARNING: Loaded resource as image file, this will not work on export: 'res://assets/research/thumbnails/germ_pzsflk40_sturer_emil.png'. Instead, import the image file as an Image resource and load it normally as a resource.
   at: load_from_file (core/io/image.cpp:2780)
   GDScript backtrace (most recent call first):
       [0] rebuild (res://scripts/ui/vehicle_research_tree.gd:126)
       [1] <anonymous lambda> (res://scripts/ui/vehicle_research_tree.gd:57)
       [2] run (res://tests/run_research_tree_checks.gd:61)
       [3] query (res://tests/run_research_tree_checks.gd:4)
       [4] frames (res://tests/run_garage_frontend_checks.gd:11)
WARNING: Loaded resource as image file, this will not work on export: 'res://assets/research/thumbnails/germ_raketenjagdpanzer_2.png'. Instead, import the image file as an Image resource and load it normally as a resource.
   at: load_from_file (core/io/image.cpp:2780)
   GDScript backtrace (most recent call first):
       [0] rebuild (res://scripts/ui/vehicle_research_tree.gd:126)
       [1] <anonymous lambda> (res://scripts/ui/vehicle_research_tree.gd:57)
       [2] run (res://tests/run_research_tree_checks.gd:61)
       [3] query (res://tests/run_research_tree_checks.gd:4)
       [4] frames (res://tests/run_garage_frontend_checks.gd:11)
WARNING: Loaded resource as image file, this will not work on export: 'res://assets/research/thumbnails/germ_sturmmorser_sturmtiger.png'. Instead, import the image file as an Image resource and load it normally as a resource.
   at: load_from_file (core/io/image.cpp:2780)
   GDScript backtrace (most recent call first):
       [0] rebuild (res://scripts/ui/vehicle_research_tree.gd:126)
       [1] <anonymous lambda> (res://scripts/ui/vehicle_research_tree.gd:57)
       [2] run (res://tests/run_research_tree_checks.gd:61)
       [3] query (res://tests/run_research_tree_checks.gd:4)
       [4] frames (res://tests/run_garage_frontend_checks.gd:11)
WARNING: Loaded resource as image file, this will not work on export: 'res://assets/research/thumbnails/germ_sturmpanzer_II.png'. Instead, import the image file as an Image resource and load it normally as a resource.
   at: load_from_file (core/io/image.cpp:2780)
   GDScript backtrace (most recent call first):
       [0] rebuild (res://scripts/ui/vehicle_research_tree.gd:126)
       [1] <anonymous lambda> (res://scripts/ui/vehicle_research_tree.gd:57)
       [2] run (res://tests/run_research_tree_checks.gd:61)
       [3] query (res://tests/run_research_tree_checks.gd:4)
       [4] frames (res://tests/run_garage_frontend_checks.gd:11)
WARNING: Loaded resource as image file, this will not work on export: 'res://assets/research/thumbnails/germ_sturmpanzer_IV_brummbar.png'. Instead, import the image file as an Image resource and load it normally as a resource.
   at: load_from_file (core/io/image.cpp:2780)
   GDScript backtrace (most recent call first):
       [0] rebuild (res://scripts/ui/vehicle_research_tree.gd:126)
       [1] <anonymous lambda> (res://scripts/ui/vehicle_research_tree.gd:57)
       [2] run (res://tests/run_research_tree_checks.gd:61)
       [3] query (res://tests/run_research_tree_checks.gd:4)
       [4] frames (res://tests/run_garage_frontend_checks.gd:11)
WARNING: Loaded resource as image file, this will not work on export: 'res://assets/research/thumbnails/germ_vt_1_2.png'. Instead, import the image file as an Image resource and load it normally as a resource.
   at: load_from_file (core/io/image.cpp:2780)
   GDScript backtrace (most recent call first):
       [0] rebuild (res://scripts/ui/vehicle_research_tree.gd:126)
       [1] <anonymous lambda> (res://scripts/ui/vehicle_research_tree.gd:57)
       [2] run (res://tests/run_research_tree_checks.gd:61)
       [3] query (res://tests/run_research_tree_checks.gd:4)
       [4] frames (res://tests/run_garage_frontend_checks.gd:11)
WARNING: Loaded resource as image file, this will not work on export: 'res://assets/research/thumbnails/germ_waffentrager_krupp_steyr.png'. Instead, import the image file as an Image resource and load it normally as a resource.
   at: load_from_file (core/io/image.cpp:2780)
   GDScript backtrace (most recent call first):
       [0] rebuild (res://scripts/ui/vehicle_research_tree.gd:126)
       [1] <anonymous lambda> (res://scripts/ui/vehicle_research_tree.gd:57)
       [2] run (res://tests/run_research_tree_checks.gd:61)
       [3] query (res://tests/run_research_tree_checks.gd:4)
       [4] frames (res://tests/run_garage_frontend_checks.gd:11)
WARNING: Loaded resource as image file, this will not work on export: 'res://assets/research/thumbnails/germ_wiesel_1_tow.png'. Instead, import the image file as an Image resource and load it normally as a resource.
   at: load_from_file (core/io/image.cpp:2780)
   GDScript backtrace (most recent call first):
       [0] rebuild (res://scripts/ui/vehicle_research_tree.gd:126)
       [1] <anonymous lambda> (res://scripts/ui/vehicle_research_tree.gd:57)
       [2] run (res://tests/run_research_tree_checks.gd:61)
       [3] query (res://tests/run_research_tree_checks.gd:4)
       [4] frames (res://tests/run_garage_frontend_checks.gd:11)
WARNING: Loaded resource as image file, this will not work on export: 'res://assets/research/thumbnails/germ_flakpanzer_IV_Kugelblitz.png'. Instead, import the image file as an Image resource and load it normally as a resource.
   at: load_from_file (core/io/image.cpp:2780)
   GDScript backtrace (most recent call first):
       [0] rebuild (res://scripts/ui/vehicle_research_tree.gd:126)
       [1] <anonymous lambda> (res://scripts/ui/vehicle_research_tree.gd:57)
       [2] run (res://tests/run_research_tree_checks.gd:61)
       [3] query (res://tests/run_research_tree_checks.gd:4)
       [4] frames (res://tests/run_garage_frontend_checks.gd:11)
WARNING: Loaded resource as image file, this will not work on export: 'res://assets/research/thumbnails/germ_flakpz_I_Gepard.png'. Instead, import the image file as an Image resource and load it normally as a resource.
   at: load_from_file (core/io/image.cpp:2780)
   GDScript backtrace (most recent call first):
       [0] rebuild (res://scripts/ui/vehicle_research_tree.gd:126)
       [1] <anonymous lambda> (res://scripts/ui/vehicle_research_tree.gd:57)
       [2] run (res://tests/run_research_tree_checks.gd:61)
       [3] query (res://tests/run_research_tree_checks.gd:4)
       [4] frames (res://tests/run_garage_frontend_checks.gd:11)
WARNING: Loaded resource as image file, this will not work on export: 'res://assets/research/thumbnails/germ_flarakpz_1.png'. Instead, import the image file as an Image resource and load it normally as a resource.
   at: load_from_file (core/io/image.cpp:2780)
   GDScript backtrace (most recent call first):
       [0] rebuild (res://scripts/ui/vehicle_research_tree.gd:126)
       [1] <anonymous lambda> (res://scripts/ui/vehicle_research_tree.gd:57)
       [2] run (res://tests/run_research_tree_checks.gd:61)
       [3] query (res://tests/run_research_tree_checks.gd:4)
       [4] frames (res://tests/run_garage_frontend_checks.gd:11)
WARNING: Loaded resource as image file, this will not work on export: 'res://assets/research/thumbnails/germ_9a35_m.png'. Instead, import the image file as an Image resource and load it normally as a resource.
   at: load_from_file (core/io/image.cpp:2780)
   GDScript backtrace (most recent call first):
       [0] rebuild (res://scripts/ui/vehicle_research_tree.gd:126)
       [1] <anonymous lambda> (res://scripts/ui/vehicle_research_tree.gd:57)
       [2] run (res://tests/run_research_tree_checks.gd:61)
       [3] query (res://tests/run_research_tree_checks.gd:4)
       [4] frames (res://tests/run_garage_frontend_checks.gd:11)
WARNING: Loaded resource as image file, this will not work on export: 'res://assets/research/thumbnails/germ_sdkfz_222.png'. Instead, import the image file as an Image resource and load it normally as a resource.
   at: load_from_file (core/io/image.cpp:2780)
   GDScript backtrace (most recent call first):
       [0] rebuild (res://scripts/ui/vehicle_research_tree.gd:126)
       [1] <anonymous lambda> (res://scripts/ui/vehicle_research_tree.gd:57)
       [2] run (res://tests/run_research_tree_checks.gd:61)
       [3] query (res://tests/run_research_tree_checks.gd:4)
       [4] frames (res://tests/run_garage_frontend_checks.gd:11)
WARNING: Loaded resource as image file, this will not work on export: 'res://assets/research/thumbnails/germ_wiesel_1_mk20.png'. Instead, import the image file as an Image resource and load it normally as a resource.
   at: load_from_file (core/io/image.cpp:2780)
   GDScript backtrace (most recent call first):
       [0] rebuild (res://scripts/ui/vehicle_research_tree.gd:126)
       [1] <anonymous lambda> (res://scripts/ui/vehicle_research_tree.gd:57)
       [2] run (res://tests/run_research_tree_checks.gd:61)
       [3] query (res://tests/run_research_tree_checks.gd:4)
       [4] frames (res://tests/run_garage_frontend_checks.gd:11)
WARNING: Loaded resource as image file, this will not work on export: 'res://assets/research/thumbnails/germ_wiesel_2_adwc.png'. Instead, import the image file as an Image resource and load it normally as a resource.
   at: load_from_file (core/io/image.cpp:2780)
   GDScript backtrace (most recent call first):
       [0] rebuild (res://scripts/ui/vehicle_research_tree.gd:126)
       [1] <anonymous lambda> (res://scripts/ui/vehicle_research_tree.gd:57)
       [2] run (res://tests/run_research_tree_checks.gd:61)
       [3] query (res://tests/run_research_tree_checks.gd:4)
       [4] frames (res://tests/run_garage_frontend_checks.gd:11)
