Godot Engine v4.7.2.stable.official.ed1daf0bf - https://godotengine.org

[   0% ] [90m[1mfirst_scan_filesystem[22m | Started 项目初始化 (5 steps)[39m[0m
[   0% ] [90m[1mfirst_scan_filesystem[22m | 正在扫描文件结构……[39m[0m
[  16% ] [90m[1mfirst_scan_filesystem[22m | 正在加载全局类名……[39m[0m
[  33% ] [90m[1mfirst_scan_filesystem[22m | 正在校验 GDExtension……[39m[0m
[  50% ] [90m[1mfirst_scan_filesystem[22m | 正在创建自动加载脚本……[39m[0m
[  66% ] [90m[1mfirst_scan_filesystem[22m | 正在初始化插件……[39m[0m
[  83% ] [90m[1mfirst_scan_filesystem[22m | 正在启动文件扫描……[39m[0m
[92m[ DONE ][39m [1mfirst_scan_filesystem[22m
[0m
[   0% ] [90m[1msavepack[22m | Started 打包中 (102 steps)[39m[0m
[   1% ] [90m[1msavepack[22m | 正在保存文件：res://assets/vehicles/modern_bound/germ_leopard_2a4.glb[39m[0m
[   1% ] [90m[1msavepack[22m | 正在保存文件：res://assets/vehicles/modern_bound/ussr_t_80b.glb[39m[0m
[   1% ] [90m[1msavepack[22m | 正在保存文件：res://assets/fonts/OFL.txt[39m[0m
[   1% ] [90m[1msavepack[22m | 正在保存文件：res://.godot/imported/icon.svg-218a8f2b3041327d8a5756f3a245f83b.ctex[39m[0m
[   1% ] [90m[1msavepack[22m | 正在保存文件：res://icon.svg.import[39m[0m
[   1% ] [90m[1msavepack[22m | 正在保存文件：res://.godot/imported/destroyed.wav-acdb0e59f02a1d313901804ffaa41881.sample[39m[0m
[   1% ] [90m[1msavepack[22m | 正在保存文件：res://assets/audio/destroyed.wav.import[39m[0m
[   1% ] [90m[1msavepack[22m | 正在保存文件：res://.godot/imported/engine.wav-13a2907be8290064892a1d44408db00f.sample[39m[0m
[   1% ] [90m[1msavepack[22m | 正在保存文件：res://assets/audio/engine.wav.import[39m[0m
[   1% ] [90m[1msavepack[22m | 正在保存文件：res://.godot/imported/explosion.wav-4dcccbd27187cfdac205309f792899a7.sample[39m[0m
[   1% ] [90m[1msavepack[22m | 正在保存文件：res://assets/audio/explosion.wav.import[39m[0m
[   1% ] [90m[1msavepack[22m | 正在保存文件：res://.godot/imported/fire.wav-db81e8e0e860cb4dd4a93b1ef835abf8.sample[39m[0m
[   1% ] [90m[1msavepack[22m | 正在保存文件：res://assets/audio/fire.wav.import[39m[0m
[   1% ] [90m[1msavepack[22m | 正在保存文件：res://.godot/imported/flyby.wav-9b4ac7e854d1028fc8433b28605677c3.sample[39m[0m
[   1% ] [90m[1msavepack[22m | 正在保存文件：res://assets/audio/flyby.wav.import[39m[0m
[   2% ] [90m[1msavepack[22m | 正在保存文件：res://assets/audio/manifest.json[39m[0m
[   2% ] [90m[1msavepack[22m | 正在保存文件：res://.godot/imported/non_penetration.wav-17a64f0494b25c85c40c42cd557cff82.sample[39m[0m
[   2% ] [90m[1msavepack[22m | 正在保存文件：res://assets/audio/non_penetration.wav.import[39m[0m
[   2% ] [90m[1msavepack[22m | 正在保存文件：res://.godot/imported/penetrated.wav-3fdf44b9a5bcca488ab4d606733353ca.sample[39m[0m
[   2% ] [90m[1msavepack[22m | 正在保存文件：res://assets/audio/penetrated.wav.import[39m[0m
[   2% ] [90m[1msavepack[22m | 正在保存文件：res://.godot/imported/reload.wav-50f2d65be979b5afe34a1e31b08f63e8.sample[39m[0m
[   2% ] [90m[1msavepack[22m | 正在保存文件：res://assets/audio/reload.wav.import[39m[0m
[   2% ] [90m[1msavepack[22m | 正在保存文件：res://.godot/imported/ricochet.wav-1e1dab237b2dcfa32a5161bad4f95f31.sample[39m[0m
[   2% ] [90m[1msavepack[22m | 正在保存文件：res://assets/audio/ricochet.wav.import[39m[0m
[   2% ] [90m[1msavepack[22m | 正在保存文件：res://.godot/imported/shot.wav-ac6ed86fa6b7982e876275e953a6b851.sample[39m[0m
[   2% ] [90m[1msavepack[22m | 正在保存文件：res://assets/audio/shot.wav.import[39m[0m
[   2% ] [90m[1msavepack[22m | 正在保存文件：res://.godot/imported/tracks.wav-a6cd79a1c4f9ba32206df8679694171c.sample[39m[0m
[   2% ] [90m[1msavepack[22m | 正在保存文件：res://assets/audio/tracks.wav.import[39m[0m
[   3% ] [90m[1msavepack[22m | 正在保存文件：res://.godot/imported/turret.wav-3aae4af4585a925a5566262cfbca53f3.sample[39m[0m
[   3% ] [90m[1msavepack[22m | 正在保存文件：res://assets/audio/turret.wav.import[39m[0m
[   3% ] [90m[1msavepack[22m | 正在保存文件：res://.godot/imported/world.wav-54a2be970f8eb920ad74d990ae5b44ec.sample[39m[0m
[   3% ] [90m[1msavepack[22m | 正在保存文件：res://assets/audio/world.wav.import[39m[0m
[   3% ] [90m[1msavepack[22m | 正在保存文件：res://.godot/exported/133200997/export-d40ec8e835ad46c2cfaa0309889f3164-35t_draft.res[39m[0m
[   3% ] [90m[1msavepack[22m | 正在保存文件：res://.godot/exported/133200997/export-fa3be220a2a184beac2a42b3535139e2-KPz70_draft.res[39m[0m
[   3% ] [90m[1msavepack[22m | 正在保存文件：res://.godot/exported/133200997/export-5ed865cd9ba07155bbd45cadb59251e6-M48_draft.res[39m[0m
[   3% ] [90m[1msavepack[22m | 正在保存文件：res://.godot/imported/NotoSansCJKsc-Regular.otf-234b66ec4f6090cf3cb4fe9bcf1a8765.fontdata[39m[0m
[   3% ] [90m[1msavepack[22m | 正在保存文件：res://assets/fonts/NotoSansCJKsc-Regular.otf.import[39m[0m
[   4% ] [90m[1msavepack[22m | 正在保存文件：res://assets/localization/zh_CN.json[39m[0m
[   4% ] [90m[1msavepack[22m | 正在保存文件：res://assets/research/plans/germany.json[39m[0m
[   4% ] [90m[1msavepack[22m | 正在保存文件：res://assets/research/plans/ussr.json[39m[0m
[   4% ] [90m[1msavepack[22m | 正在保存文件：res://.godot/imported/germ_9a33bm3.png-86af1e0976281b52584e2a423279a943.ctex[39m[0m
[   4% ] [90m[1msavepack[22m | 正在保存文件：res://assets/research/thumbnails/germ_9a33bm3.png.import[39m[0m
[   4% ] [90m[1msavepack[22m | 正在保存文件：res://.godot/imported/germ_9a35_m.png-6a968037a6b4609b574f01cd71148ae2.ctex[39m[0m
[   4% ] [90m[1msavepack[22m | 正在保存文件：res://assets/research/thumbnails/germ_9a35_m.png.import[39m[0m
[   4% ] [90m[1msavepack[22m | 正在保存文件：res://.godot/imported/germ_amd_35_kwk.png-4899ef3f093fb9bb4e7b8587b64486b7.ctex[39m[0m
[   4% ] [90m[1msavepack[22m | 正在保存文件：res://assets/research/thumbnails/germ_amd_35_kwk.png.import[39m[0m
[   4% ] [90m[1msavepack[22m | 正在保存文件：res://.godot/imported/germ_begleitpanzer_57.png-f5be987fa79516e5eb08a0bbd9e1bade.ctex[39m[0m
[   4% ] [90m[1msavepack[22m | 正在保存文件：res://assets/research/thumbnails/germ_begleitpanzer_57.png.import[39m[0m
[   5% ] [90m[1msavepack[22m | 正在保存文件：res://.godot/imported/germ_bmp_1_ddr.png-4bca6f32de6f5062a6fd2cfc997cd8b0.ctex[39m[0m
[   5% ] [90m[1msavepack[22m | 正在保存文件：res://assets/research/thumbnails/germ_bmp_1_ddr.png.import[39m[0m
[   5% ] [90m[1msavepack[22m | 正在保存文件：res://.godot/imported/germ_boxer_3105.png-885c72c7ff85b1db1418b6e93d85c842.ctex[39m[0m
[   5% ] [90m[1msavepack[22m | 正在保存文件：res://assets/research/thumbnails/germ_boxer_3105.png.import[39m[0m
[   5% ] [90m[1msavepack[22m | 正在保存文件：res://.godot/imported/germ_boxer_swatrinf.png-cbb363831e9c128f63c60a3427b82077.ctex[39m[0m
[   5% ] [90m[1msavepack[22m | 正在保存文件：res://assets/research/thumbnails/germ_boxer_swatrinf.png.import[39m[0m
[   5% ] [90m[1msavepack[22m | 正在保存文件：res://.godot/imported/germ_erprobungstrager_3_achs_turm.png-96d22b32463120645d9b485797377b3a.ctex[39m[0m
[   5% ] [90m[1msavepack[22m | 正在保存文件：res://assets/research/thumbnails/germ_erprobungstrager_3_achs_turm.png.import[39m[0m
[   5% ] [90m[1msavepack[22m | 正在保存文件：res://.godot/imported/germ_flakpanzer_38t_Gepard.png-d6ccebb33ebff001d1cea9aaad0141db.ctex[39m[0m
[   5% ] [90m[1msavepack[22m | 正在保存文件：res://assets/research/thumbnails/germ_flakpanzer_38t_Gepard.png.import[39m[0m
[   5% ] [90m[1msavepack[22m | 正在保存文件：res://.godot/imported/germ_flakpanzer_IV_Kugelblitz.png-9da8039e0d487d2b5454f50e89aa1a9c.ctex[39m[0m
[   5% ] [90m[1msavepack[22m | 正在保存文件：res://assets/research/thumbnails/germ_flakpanzer_IV_Kugelblitz.png.import[39m[0m
[   6% ] [90m[1msavepack[22m | 正在保存文件：res://.godot/imported/germ_flakpanzer_IV_Ostwind.png-255c9c83eeac1f1cce15f95035344066.ctex[39m[0m
[   6% ] [90m[1msavepack[22m | 正在保存文件：res://assets/research/thumbnails/germ_flakpanzer_IV_Ostwind.png.import[39m[0m
[   6% ] [90m[1msavepack[22m | 正在保存文件：res://.godot/imported/germ_flakpanzer_IV_Wirbelwind.png-6de3105673a6d78f9a9debe87c72c869.ctex[39m[0m
[   6% ] [90m[1msavepack[22m | 正在保存文件：res://assets/research/thumbnails/germ_flakpanzer_IV_Wirbelwind.png.import[39m[0m
[   6% ] [90m[1msavepack[22m | 正在保存文件：res://.godot/imported/germ_flakpanzer_I_ausf_A.png-672757dd6817b73d9f0980688a1fbc8b.ctex[39m[0m
[   6% ] [90m[1msavepack[22m | 正在保存文件：res://assets/research/thumbnails/germ_flakpanzer_I_ausf_A.png.import[39m[0m
[   6% ] [90m[1msavepack[22m | 正在保存文件：res://.godot/imported/germ_flakpanzer_V_Coelian.png-1c0ae8c9a8b2c382e71fa25f25b8a26a.ctex[39m[0m
[   6% ] [90m[1msavepack[22m | 正在保存文件：res://assets/research/thumbnails/germ_flakpanzer_V_Coelian.png.import[39m[0m
[   6% ] [90m[1msavepack[22m | 正在保存文件：res://.godot/imported/germ_flakpanzer_zerstorer_45.png-bc13d133242436c5dd1f3e82ab8a5ddb.ctex[39m[0m
[   6% ] [90m[1msavepack[22m | 正在保存文件：res://assets/research/thumbnails/germ_flakpanzer_zerstorer_45.png.import[39m[0m
[   6% ] [90m[1msavepack[22m | 正在保存文件：res://.godot/imported/germ_flakpz_I_Gepard.png-50d897754e72031a52cb50606fb869ef.ctex[39m[0m
[   6% ] [90m[1msavepack[22m | 正在保存文件：res://assets/research/thumbnails/germ_flakpz_I_Gepard.png.import[39m[0m
[   6% ] [90m[1msavepack[22m | 正在保存文件：res://.godot/imported/germ_flarakpz_1.png-a57778fa3418748dc5a04192918a8a53.ctex[39m[0m
[   6% ] [90m[1msavepack[22m | 正在保存文件：res://assets/research/thumbnails/germ_flarakpz_1.png.import[39m[0m
[   7% ] [90m[1msavepack[22m | 正在保存文件：res://.godot/imported/germ_flarakrad.png-d21e7d5c0c52403b96f24cab38bad0cd.ctex[39m[0m
[   7% ] [90m[1msavepack[22m | 正在保存文件：res://assets/research/thumbnails/germ_flarakrad.png.import[39m[0m
[   7% ] [90m[1msavepack[22m | 正在保存文件：res://.godot/imported/germ_hummel.png-21e6d608a85a91c1ec63cde79a83fe23.ctex[39m[0m
[   7% ] [90m[1msavepack[22m | 正在保存文件：res://assets/research/thumbnails/germ_hummel.png.import[39m[0m
[   7% ] [90m[1msavepack[22m | 正在保存文件：res://.godot/imported/germ_infanterie_kampfpanzer_churchill.png-5d767aea37a64003aa6739056658528b.ctex[39m[0m
[   7% ] [90m[1msavepack[22m | 正在保存文件：res://assets/research/thumbnails/germ_infanterie_kampfpanzer_churchill.png.import[39m[0m
[   7% ] [90m[1msavepack[22m | 正在保存文件：res://.godot/imported/germ_iris_slm_fcs.png-d16bf4005194e0b5542f0a3e13ad0b27.ctex[39m[0m
[   7% ] [90m[1msavepack[22m | 正在保存文件：res://assets/research/thumbnails/germ_iris_slm_fcs.png.import[39m[0m
[   7% ] [90m[1msavepack[22m | 正在保存文件：res://.godot/imported/germ_iris_slm_launcher.png-089c3d7c12f52f632c7e3e868dbd7827.ctex[39m[0m
[   7% ] [90m[1msavepack[22m | 正在保存文件：res://assets/research/thumbnails/germ_iris_slm_launcher.png.import[39m[0m
[   7% ] [90m[1msavepack[22m | 正在保存文件：res://.godot/imported/germ_jaguar_2.png-285c507eb621f729d14db7302d40ec70.ctex[39m[0m
[   7% ] [90m[1msavepack[22m | 正在保存文件：res://assets/research/thumbnails/germ_jaguar_2.png.import[39m[0m
[   8% ] [90m[1msavepack[22m | 正在保存文件：res://.godot/imported/germ_jgdpz_38t.png-e032e225d1a6349eddcdb11ee6c9fcd8.ctex[39m[0m
[   8% ] [90m[1msavepack[22m | 正在保存文件：res://assets/research/thumbnails/germ_jgdpz_38t.png.import[39m[0m
[   8% ] [90m[1msavepack[22m | 正在保存文件：res://.godot/imported/germ_jgdpz_IV_L48.png-3fc96f5a6f0cd9a1d5c0eaf2c092c7d3.ctex[39m[0m
[   8% ] [90m[1msavepack[22m | 正在保存文件：res://assets/research/thumbnails/germ_jgdpz_IV_L48.png.import[39m[0m
[   8% ] [90m[1msavepack[22m | 正在保存文件：res://.godot/imported/germ_kanonenjagdpanzer.png-33589e785e49b87655af54231404bf32.ctex[39m[0m
[   8% ] [90m[1msavepack[22m | 正在保存文件：res://assets/research/thumbnails/germ_kanonenjagdpanzer.png.import[39m[0m
[   8% ] [90m[1msavepack[22m | 正在保存文件：res://.godot/imported/germ_kpz_70.png-1241bb2240742a32fffc5cfeb92b3f67.ctex[39m[0m
[   8% ] [90m[1msavepack[22m | 正在保存文件：res://assets/research/thumbnails/germ_kpz_70.png.import[39m[0m
[   8% ] [90m[1msavepack[22m | 正在保存文件：res://.godot/imported/germ_kpz_t72m1.png-2cbe15328ab809b37f62f1b3b91686be.ctex[39m[0m
[   8% ] [90m[1msavepack[22m | 正在保存文件：res://assets/research/thumbnails/germ_kpz_t72m1.png.import[39m[0m
[   8% ] [90m[1msavepack[22m | 正在保存文件：res://.godot/imported/germ_kv_1_kwk_40.png-5341e98171455b173ff8897f13320d1e.ctex[39m[0m
[   8% ] [90m[1msavepack[22m | 正在保存文件：res://assets/research/thumbnails/germ_kv_1_kwk_40.png.import[39m[0m
[   8% ] [90m[1msavepack[22m | 正在保存文件：res://.godot/imported/germ_kv_2_754r.png-8d327eeb857c30435fdf055a274f1d2f.ctex[39m[0m
[   8% ] [90m[1msavepack[22m | 正在保存文件：res://assets/research/thumbnails/germ_kv_2_754r.png.import[39m[0m
[   9% ] [90m[1msavepack[22m | 正在保存文件：res://.godot/imported/germ_leichter_ladungstrager_303a.png-a6fed20381a561f49774f8c1d72a7939.ctex[39m[0m
[   9% ] [90m[1msavepack[22m | 正在保存文件：res://assets/research/thumbnails/germ_leichter_ladungstrager_303a.png.import[39m[0m
[   9% ] [90m[1msavepack[22m | 正在保存文件：res://.godot/imported/germ_leopard_2a4.png-a0532a310d4982999100743aab65c117.ctex[39m[0m
[   9% ] [90m[1msavepack[22m | 正在保存文件：res://assets/research/thumbnails/germ_leopard_2a4.png.import[39m[0m
[   9% ] [90m[1msavepack[22m | 正在保存文件：res://.godot/imported/germ_leopard_I.png-9cbb63583c06d4fc3c97960d3d106089.ctex[39m[0m
[   9% ] [90m[1msavepack[22m | 正在保存文件：res://assets/research/thumbnails/germ_leopard_I.png.import[39m[0m
[   9% ] [90m[1msavepack[22m | 正在保存文件：res://.godot/imported/germ_le_kpz_m41.png-2d107f12a687f410bf46566ee4c0be05.ctex[39m[0m
[   9% ] [90m[1msavepack[22m | 正在保存文件：res://assets/research/thumbnails/germ_le_kpz_m41.png.import[39m[0m
[   9% ] [90m[1msavepack[22m | 正在保存文件：res://.godot/imported/germ_m44.png-6a6de51a718fb61a47155918573feda7.ctex[39m[0m
[   9% ] [90m[1msavepack[22m | 正在保存文件：res://assets/research/thumbnails/germ_m44.png.import[39m[0m
[   9% ] [90m[1msavepack[22m | 正在保存文件：res://.godot/imported/germ_m55.png-dd8d640d484cf24874e43ddb1f758899.ctex[39m[0m
[   9% ] [90m[1msavepack[22m | 正在保存文件：res://assets/research/thumbnails/germ_m55.png.import[39m[0m
[  10% ] [90m[1msavepack[22m | 正在保存文件：res://.godot/imported/germ_m109g.png-eb8c4d3fc3d2c64416feb0a8aef144ae.ctex[39m[0m
[  10% ] [90m[1msavepack[22m | 正在保存文件：res://assets/research/thumbnails/germ_m109g.png.import[39m[0m
[  10% ] [90m[1msavepack[22m | 正在保存文件：res://.godot/imported/germ_marder_1a1.png-cc4088c488a3cc81513186f5507f05bc.ctex[39m[0m
[  10% ] [90m[1msavepack[22m | 正在保存文件：res://assets/research/thumbnails/germ_marder_1a1.png.import[39m[0m
[  10% ] [90m[1msavepack[22m | 正在保存文件：res://.godot/imported/germ_marder_df_105.png-fa767ee6e485147a73ee3c1a9f4ce417.ctex[39m[0m
[  10% ] [90m[1msavepack[22m | 正在保存文件：res://assets/research/thumbnails/germ_marder_df_105.png.import[39m[0m
[  10% ] [90m[1msavepack[22m | 正在保存文件：res://.godot/imported/germ_mkpz_m47.png-bef46ac0a371ccaf67bb4e6e16256cf9.ctex[39m[0m
[  10% ] [90m[1msavepack[22m | 正在保存文件：res://assets/research/thumbnails/germ_mkpz_m47.png.import[39m[0m
[  10% ] [90m[1msavepack[22m | 正在保存文件：res://.godot/imported/germ_mkpz_m48a2c.png-2ded87f71bb716fc73fc0a3b54706105.ctex[39m[0m
[  10% ] [90m[1msavepack[22m | 正在保存文件：res://assets/research/thumbnails/germ_mkpz_m48a2c.png.import[39m[0m
[  10% ] [90m[1msavepack[22m | 正在保存文件：res://.godot/imported/germ_nbfz_VI.png-e55682e7e279e3efaa47bbdb0e571cc2.ctex[39m[0m
[  10% ] [90m[1msavepack[22m | 正在保存文件：res://assets/research/thumbnails/germ_nbfz_VI.png.import[39m[0m
[  10% ] [90m[1msavepack[22m | 正在保存文件：res://.godot/imported/germ_panther_II.png-c9a8a3ad46177ffba373f99f32f20e53.ctex[39m[0m
[  10% ] [90m[1msavepack[22m | 正在保存文件：res://assets/research/thumbnails/germ_panther_II.png.import[39m[0m
[  11% ] [90m[1msavepack[22m | 正在保存文件：res://.godot/imported/germ_panzerjager_1.png-8c323d7210c7a703139f0eab2c52553c.ctex[39m[0m
[  11% ] [90m[1msavepack[22m | 正在保存文件：res://assets/research/thumbnails/germ_panzerjager_1.png.import[39m[0m
[  11% ] [90m[1msavepack[22m | 正在保存文件：res://.godot/imported/germ_panzerjager_nashorn.png-abc9faa3406a8cbd55dc575a81b5a74f.ctex[39m[0m
[  11% ] [90m[1msavepack[22m | 正在保存文件：res://assets/research/thumbnails/germ_panzerjager_nashorn.png.import[39m[0m
[  11% ] [90m[1msavepack[22m | 正在保存文件：res://.godot/imported/germ_panzerjager_panther.png-c1e71cb37fdaee111f98e09a0b332f50.ctex[39m[0m
[  11% ] [90m[1msavepack[22m | 正在保存文件：res://assets/research/thumbnails/germ_panzerjager_panther.png.import[39m[0m
[  11% ] [90m[1msavepack[22m | 正在保存文件：res://.godot/imported/germ_panzerjager_tiger.png-0039b153408f2b46568e7e27e02926b1.ctex[39m[0m
[  11% ] [90m[1msavepack[22m | 正在保存文件：res://assets/research/thumbnails/germ_panzerjager_tiger.png.import[39m[0m
[  11% ] [90m[1msavepack[22m | 正在保存文件：res://.godot/imported/germ_panzerjager_tiger_P_ferdinand.png-d84c6c6542deb28114786746741245f7.ctex[39m[0m
[  11% ] [90m[1msavepack[22m | 正在保存文件：res://assets/research/thumbnails/germ_panzerjager_tiger_P_ferdinand.png.import[39m[0m
[  11% ] [90m[1msavepack[22m | 正在保存文件：res://.godot/imported/germ_panzerwerfer_42.png-14f36573791c4eb17f875b8683dcc45f.ctex[39m[0m
[  11% ] [90m[1msavepack[22m | 正在保存文件：res://assets/research/thumbnails/germ_panzerwerfer_42.png.import[39m[0m
[  12% ] [90m[1msavepack[22m | 正在保存文件：res://.godot/imported/germ_pzh_2000.png-5ea12ef68fc1cf5608bf8d7b2abf9a8c.ctex[39m[0m
[  12% ] [90m[1msavepack[22m | 正在保存文件：res://assets/research/thumbnails/germ_pzh_2000.png.import[39m[0m
[  12% ] [90m[1msavepack[22m | 正在保存文件：res://.godot/imported/germ_pzkpfw_35t.png-3ba39970b62ab3dbee97d3683ac77348.ctex[39m[0m
[  12% ] [90m[1msavepack[22m | 正在保存文件：res://assets/research/thumbnails/germ_pzkpfw_35t.png.import[39m[0m
[  12% ] [90m[1msavepack[22m | 正在保存文件：res://.godot/imported/germ_pzkpfw_38t_Aufklarungspanzer.png-932908ba0a479a146b08479f537df9f7.ctex[39m[0m
[  12% ] [90m[1msavepack[22m | 正在保存文件：res://assets/research/thumbnails/germ_pzkpfw_38t_Aufklarungspanzer.png.import[39m[0m
[  12% ] [90m[1msavepack[22m | 正在保存文件：res://.godot/imported/germ_pzkpfw_38t_ausf_A.png-f33a1146279550f46d02729f121ac912.ctex[39m[0m
[  12% ] [90m[1msavepack[22m | 正在保存文件：res://assets/research/thumbnails/germ_pzkpfw_38t_ausf_A.png.import[39m[0m
[  12% ] [90m[1msavepack[22m | 正在保存文件：res://.godot/imported/germ_pzkpfw_38t_Marder_III.png-52279b127098591125daac45beb3b6af.ctex[39m[0m
[  12% ] [90m[1msavepack[22m | 正在保存文件：res://assets/research/thumbnails/germ_pzkpfw_38t_Marder_III.png.import[39m[0m
[  12% ] [90m[1msavepack[22m | 正在保存文件：res://.godot/imported/germ_pzkpfw_e_100.png-1dbc60ea97dabe302d00db5ab4a2aa94.ctex[39m[0m
[  12% ] [90m[1msavepack[22m | 正在保存文件：res://assets/research/thumbnails/germ_pzkpfw_e_100.png.import[39m[0m
[  12% ] [90m[1msavepack[22m | 正在保存文件：res://.godot/imported/germ_pzkpfw_III_ausf_B.png-dceac4febc7b67a0b9b7718e30f6bd8d.ctex[39m[0m
[  12% ] [90m[1msavepack[22m | 正在保存文件：res://assets/research/thumbnails/germ_pzkpfw_III_ausf_B.png.import[39m[0m
[  13% ] [90m[1msavepack[22m | 正在保存文件：res://.godot/imported/germ_pzkpfw_II_ausf_C.png-0b48acbb8e01ac4aa177366cbd98bc54.ctex[39m[0m
[  13% ] [90m[1msavepack[22m | 正在保存文件：res://assets/research/thumbnails/germ_pzkpfw_II_ausf_C.png.import[39m[0m
[  13% ] [90m[1msavepack[22m | 正在保存文件：res://.godot/imported/germ_pzkpfw_IV_ausf_C.png-5a502b5d1f6ba04956c386cbcf38724f.ctex[39m[0m
[  13% ] [90m[1msavepack[22m | 正在保存文件：res://assets/research/thumbnails/germ_pzkpfw_IV_ausf_C.png.import[39m[0m
[  13% ] [90m[1msavepack[22m | 正在保存文件：res://.godot/imported/germ_pzkpfw_Maus.png-de3a8e9ee70522322611bde0bf4e5d55.ctex[39m[0m
[  13% ] [90m[1msavepack[22m | 正在保存文件：res://assets/research/thumbnails/germ_pzkpfw_Maus.png.import[39m[0m
[  13% ] [90m[1msavepack[22m | 正在保存文件：res://.godot/imported/germ_pzkpfw_VI_ausf_b_tiger_IIh.png-b4f232644b93065420cc6d2df7bcb42d.ctex[39m[0m
[  13% ] [90m[1msavepack[22m | 正在保存文件：res://assets/research/thumbnails/germ_pzkpfw_VI_ausf_b_tiger_IIh.png.import[39m[0m
[  13% ] [90m[1msavepack[22m | 正在保存文件：res://.godot/imported/germ_pzkpfw_VI_ausf_h1_tiger.png-312964dec3196293a693fd7b81d77bd5.ctex[39m[0m
[  13% ] [90m[1msavepack[22m | 正在保存文件：res://assets/research/thumbnails/germ_pzkpfw_VI_ausf_h1_tiger.png.import[39m[0m
[  13% ] [90m[1msavepack[22m | 正在保存文件：res://.godot/imported/germ_pzkpfw_VI_tiger_P.png-0f8312bb5bcc8244c9a5797c0298ea7c.ctex[39m[0m
[  13% ] [90m[1msavepack[22m | 正在保存文件：res://assets/research/thumbnails/germ_pzkpfw_VI_tiger_P.png.import[39m[0m
[  13% ] [90m[1msavepack[22m | 正在保存文件：res://.godot/imported/germ_pzkpfw_V_ausf_d_panther.png-2b2cdcf1b39786f74fc58f547aa52267.ctex[39m[0m
[  13% ] [90m[1msavepack[22m | 正在保存文件：res://assets/research/thumbnails/germ_pzkpfw_V_ausf_d_panther.png.import[39m[0m
[  14% ] [90m[1msavepack[22m | 正在保存文件：res://.godot/imported/germ_pzsflk40_sturer_emil.png-d46b2cd8da09aff1d8f578ecd46e4a87.ctex[39m[0m
[  14% ] [90m[1msavepack[22m | 正在保存文件：res://assets/research/thumbnails/germ_pzsflk40_sturer_emil.png.import[39m[0m
[  14% ] [90m[1msavepack[22m | 正在保存文件：res://.godot/imported/germ_pzsfl_IVa_dickermax.png-221998c5003aace44ff3ed14553527e1.ctex[39m[0m
[  14% ] [90m[1msavepack[22m | 正在保存文件：res://assets/research/thumbnails/germ_pzsfl_IVa_dickermax.png.import[39m[0m
[  14% ] [90m[1msavepack[22m | 正在保存文件：res://.godot/imported/germ_radpanzer_90.png-4987a3022f892c0697e5cadd560dddf8.ctex[39m[0m
[  14% ] [90m[1msavepack[22m | 正在保存文件：res://assets/research/thumbnails/germ_radpanzer_90.png.import[39m[0m
[  14% ] [90m[1msavepack[22m | 正在保存文件：res://.godot/imported/germ_raketenjagdpanzer_2.png-b46f05710c753ba80be1c81a55167421.ctex[39m[0m
[  14% ] [90m[1msavepack[22m | 正在保存文件：res://assets/research/thumbnails/germ_raketenjagdpanzer_2.png.import[39m[0m
[  14% ] [90m[1msavepack[22m | 正在保存文件：res://.godot/imported/germ_ru251.png-7a1df649fcff9db385de4410f1f241e2.ctex[39m[0m
[  14% ] [90m[1msavepack[22m | 正在保存文件：res://assets/research/thumbnails/germ_ru251.png.import[39m[0m
[  14% ] [90m[1msavepack[22m | 正在保存文件：res://.godot/imported/germ_schutzenpanzer_puma.png-d8f726bad03937e8faea472648eb0f17.ctex[39m[0m
[  14% ] [90m[1msavepack[22m | 正在保存文件：res://assets/research/thumbnails/germ_schutzenpanzer_puma.png.import[39m[0m
[  15% ] [90m[1msavepack[22m | 正在保存文件：res://.godot/imported/germ_sdkfz_6_2_flak36.png-a00bb17faa55d5262c412df85eb3605f.ctex[39m[0m
[  15% ] [90m[1msavepack[22m | 正在保存文件：res://assets/research/thumbnails/germ_sdkfz_6_2_flak36.png.import[39m[0m
[  15% ] [90m[1msavepack[22m | 正在保存文件：res://.godot/imported/germ_sdkfz_9_flak37.png-fe1dd1939135f09a2c5581c08792fe33.ctex[39m[0m
[  15% ] [90m[1msavepack[22m | 正在保存文件：res://assets/research/thumbnails/germ_sdkfz_9_flak37.png.import[39m[0m
[  15% ] [90m[1msavepack[22m | 正在保存文件：res://.godot/imported/germ_sdkfz_221_s_pz_b_41.png-ec202196ccc3996e1ba519eb9ad86310.ctex[39m[0m
[  15% ] [90m[1msavepack[22m | 正在保存文件：res://assets/research/thumbnails/germ_sdkfz_221_s_pz_b_41.png.import[39m[0m
[  15% ] [90m[1msavepack[22m | 正在保存文件：res://.godot/imported/germ_sdkfz_222.png-f5730dacdd8251894b078f1e9dbaa890.ctex[39m[0m
[  15% ] [90m[1msavepack[22m | 正在保存文件：res://assets/research/thumbnails/germ_sdkfz_222.png.import[39m[0m
[  15% ] [90m[1msavepack[22m | 正在保存文件：res://.godot/imported/germ_sdkfz_234_2.png-eebf1f2b6756d3e7178515be7ee07151.ctex[39m[0m
[  15% ] [90m[1msavepack[22m | 正在保存文件：res://assets/research/thumbnails/germ_sdkfz_234_2.png.import[39m[0m
[  15% ] [90m[1msavepack[22m | 正在保存文件：res://.godot/imported/germ_sdkfz_251_9.png-d41d0af15800a2b80f65f812dcfdbc7d.ctex[39m[0m
[  15% ] [90m[1msavepack[22m | 正在保存文件：res://assets/research/thumbnails/germ_sdkfz_251_9.png.import[39m[0m
[  15% ] [90m[1msavepack[22m | 正在保存文件：res://.godot/imported/germ_sk105_a2.png-d01d65f1b7cca1e967b1d94ec6b63689.ctex[39m[0m
[  15% ] [90m[1msavepack[22m | 正在保存文件：res://assets/research/thumbnails/germ_sk105_a2.png.import[39m[0m
[  16% ] [90m[1msavepack[22m | 正在保存文件：res://.godot/imported/germ_sppz2_luchs_a2.png-365f466cb2e2ffd1ad2379fed55a79b8.ctex[39m[0m
[  16% ] [90m[1msavepack[22m | 正在保存文件：res://assets/research/thumbnails/germ_sppz2_luchs_a2.png.import[39m[0m
[  16% ] [90m[1msavepack[22m | 正在保存文件：res://.godot/imported/germ_spz_12_3.png-68b25d504d6870da21d85e0215e1ed2a.ctex[39m[0m
[  16% ] [90m[1msavepack[22m | 正在保存文件：res://assets/research/thumbnails/germ_spz_12_3.png.import[39m[0m
[  16% ] [90m[1msavepack[22m | 正在保存文件：res://.godot/imported/germ_spz_oerlikon_raketenautomat.png-c3fd1be5c8a1bb3fd1226ee0da4835d9.ctex[39m[0m
[  16% ] [90m[1msavepack[22m | 正在保存文件：res://assets/research/thumbnails/germ_spz_oerlikon_raketenautomat.png.import[39m[0m
[  16% ] [90m[1msavepack[22m | 正在保存文件：res://.godot/imported/germ_stug_III_ausf_A.png-5ed25e6b43158073e812a3f2c755c8b0.ctex[39m[0m
[  16% ] [90m[1msavepack[22m | 正在保存文件：res://assets/research/thumbnails/germ_stug_III_ausf_A.png.import[39m[0m
[  16% ] [90m[1msavepack[22m | 正在保存文件：res://.godot/imported/germ_sturmmorser_sturmtiger.png-5ad66c11c31956d666c4099a0e53c573.ctex[39m[0m
[  16% ] [90m[1msavepack[22m | 正在保存文件：res://assets/research/thumbnails/germ_sturmmorser_sturmtiger.png.import[39m[0m
[  16% ] [90m[1msavepack[22m | 正在保存文件：res://.godot/imported/germ_sturmpanzer_II.png-c96e3eb756cd607aa6f9adb61827c18a.ctex[39m[0m
[  16% ] [90m[1msavepack[22m | 正在保存文件：res://assets/research/thumbnails/germ_sturmpanzer_II.png.import[39m[0m
[  17% ] [90m[1msavepack[22m | 正在保存文件：res://.godot/imported/germ_sturmpanzer_IV_brummbar.png-3b24ef8ee4a471106848a302f247113f.ctex[39m[0m
[  17% ] [90m[1msavepack[22m | 正在保存文件：res://assets/research/thumbnails/germ_sturmpanzer_IV_brummbar.png.import[39m[0m
[  17% ] [90m[1msavepack[22m | 正在保存文件：res://.godot/imported/germ_thyssen_henschel_tam.png-839d1422fb99eed34f2ae9816aba6b22.ctex[39m[0m
[  17% ] [90m[1msavepack[22m | 正在保存文件：res://assets/research/thumbnails/germ_thyssen_henschel_tam.png.import[39m[0m
[  17% ] [90m[1msavepack[22m | 正在保存文件：res://.godot/imported/germ_th_400.png-bdf94ee20be0c7abe12444c82d04ccdb.ctex[39m[0m
[  17% ] [90m[1msavepack[22m | 正在保存文件：res://assets/research/thumbnails/germ_th_400.png.import[39m[0m
[  17% ] [90m[1msavepack[22m | 正在保存文件：res://.godot/imported/germ_truck_sdkfz_6_2_tent.png-1d4099be94c84b054c8ef9af3bbba4e6.ctex[39m[0m
[  17% ] [90m[1msavepack[22m | 正在保存文件：res://assets/research/thumbnails/germ_truck_sdkfz_6_2_tent.png.import[39m[0m
[  17% ] [90m[1msavepack[22m | 正在保存文件：res://.godot/imported/germ_t_34_747.png-f12944a3192764ae620ca42876235653.ctex[39m[0m
[  17% ] [90m[1msavepack[22m | 正在保存文件：res://assets/research/thumbnails/germ_t_34_747.png.import[39m[0m
[  17% ] [90m[1msavepack[22m | 正在保存文件：res://.godot/imported/germ_vilkas.png-fd3c430690570d4bae1bab35052a9e49.ctex[39m[0m
[  17% ] [90m[1msavepack[22m | 正在保存文件：res://assets/research/thumbnails/germ_vilkas.png.import[39m[0m
[  17% ] [90m[1msavepack[22m | 正在保存文件：res://.godot/imported/germ_vk_3002m.png-c0f6adc4d598f9f96da231d5510cb06a.ctex[39m[0m
[  17% ] [90m[1msavepack[22m | 正在保存文件：res://assets/research/thumbnails/germ_vk_3002m.png.import[39m[0m
[  18% ] [90m[1msavepack[22m | 正在保存文件：res://.godot/imported/germ_vsw_flak_41.png-b7127854f52981a49e788d5f5d0ba914.ctex[39m[0m
[  18% ] [90m[1msavepack[22m | 正在保存文件：res://assets/research/thumbnails/germ_vsw_flak_41.png.import[39m[0m
[  18% ] [90m[1msavepack[22m | 正在保存文件：res://.godot/imported/germ_vt_1_2.png-1c9799fe95e3d304330fdb06ddc04ad6.ctex[39m[0m
[  18% ] [90m[1msavepack[22m | 正在保存文件：res://assets/research/thumbnails/germ_vt_1_2.png.import[39m[0m
[  18% ] [90m[1msavepack[22m | 正在保存文件：res://.godot/imported/germ_waffentrager_krupp_steyr.png-cb1cbe2e047c57ce500d096e325497af.ctex[39m[0m
[  18% ] [90m[1msavepack[22m | 正在保存文件：res://assets/research/thumbnails/germ_waffentrager_krupp_steyr.png.import[39m[0m
[  18% ] [90m[1msavepack[22m | 正在保存文件：res://.godot/imported/germ_wiesel_1_mk20.png-b10c988ae62204f53899406b910a54bc.ctex[39m[0m
[  18% ] [90m[1msavepack[22m | 正在保存文件：res://assets/research/thumbnails/germ_wiesel_1_mk20.png.import[39m[0m
[  18% ] [90m[1msavepack[22m | 正在保存文件：res://.godot/imported/germ_wiesel_1_tow.png-db6112dca51b761faf105951ae1c9b78.ctex[39m[0m
[  18% ] [90m[1msavepack[22m | 正在保存文件：res://assets/research/thumbnails/germ_wiesel_1_tow.png.import[39m[0m
[  18% ] [90m[1msavepack[22m | 正在保存文件：res://.godot/imported/germ_wiesel_2_adwc.png-ce9111b2fc62ae2cede63ffba0cb6e49.ctex[39m[0m
[  18% ] [90m[1msavepack[22m | 正在保存文件：res://assets/research/thumbnails/germ_wiesel_2_adwc.png.import[39m[0m
[  19% ] [90m[1msavepack[22m | 正在保存文件：res://assets/research/thumbnails/manifest.json[39m[0m
[  19% ] [90m[1msavepack[22m | 正在保存文件：res://.godot/imported/ussr_asu_57.png-e7a8c950ce97c1b4fd5083902dee0cae.ctex[39m[0m
[  19% ] [90m[1msavepack[22m | 正在保存文件：res://assets/research/thumbnails/ussr_asu_57.png.import[39m[0m
[  19% ] [90m[1msavepack[22m | 正在保存文件：res://.godot/imported/ussr_asu_85.png-b4923eb9eb58bc2bea7117eeccdec5b0.ctex[39m[0m
[  19% ] [90m[1msavepack[22m | 正在保存文件：res://assets/research/thumbnails/ussr_asu_85.png.import[39m[0m
[  19% ] [90m[1msavepack[22m | 正在保存文件：res://.godot/imported/ussr_bt_5.png-13b5a405f9d6d765bb13de70133d425a.ctex[39m[0m
[  19% ] [90m[1msavepack[22m | 正在保存文件：res://assets/research/thumbnails/ussr_bt_5.png.import[39m[0m
[  19% ] [90m[1msavepack[22m | 正在保存文件：res://.godot/imported/ussr_isu_122.png-6b94b8fedf0bcb8f985b4e9bc48f2e7c.ctex[39m[0m
[  19% ] [90m[1msavepack[22m | 正在保存文件：res://assets/research/thumbnails/ussr_isu_122.png.import[39m[0m
[  19% ] [90m[1msavepack[22m | 正在保存文件：res://.godot/imported/ussr_isu_152.png-457a90a1004fcdbed14a0bd941457e53.ctex[39m[0m
[  19% ] [90m[1msavepack[22m | 正在保存文件：res://assets/research/thumbnails/ussr_isu_152.png.import[39m[0m
[  19% ] [90m[1msavepack[22m | 正在保存文件：res://.godot/imported/ussr_is_1.png-c44a5fe99a7f913137089ba903bb70da.ctex[39m[0m
[  19% ] [90m[1msavepack[22m | 正在保存文件：res://assets/research/thumbnails/ussr_is_1.png.import[39m[0m
[  20% ] [90m[1msavepack[22m | 正在保存文件：res://.godot/imported/ussr_is_2_1943.png-54913723fc5ba048f958e55102671a90.ctex[39m[0m
[  20% ] [90m[1msavepack[22m | 正在保存文件：res://assets/research/thumbnails/ussr_is_2_1943.png.import[39m[0m
[  20% ] [90m[1msavepack[22m | 正在保存文件：res://.godot/imported/ussr_is_3.png-d9e6b66fc7b82a9456fc3b8ba5655788.ctex[39m[0m
[  20% ] [90m[1msavepack[22m | 正在保存文件：res://assets/research/thumbnails/ussr_is_3.png.import[39m[0m
[  20% ] [90m[1msavepack[22m | 正在保存文件：res://.godot/imported/ussr_is_4m.png-1f3251f0635a642e218e9511404c8472.ctex[39m[0m
[  20% ] [90m[1msavepack[22m | 正在保存文件：res://assets/research/thumbnails/ussr_is_4m.png.import[39m[0m
[  20% ] [90m[1msavepack[22m | 正在保存文件：res://.godot/imported/ussr_is_6.png-122529968c9a2e6e8107c7b74da61afd.ctex[39m[0m
[  20% ] [90m[1msavepack[22m | 正在保存文件：res://assets/research/thumbnails/ussr_is_6.png.import[39m[0m
[  20% ] [90m[1msavepack[22m | 正在保存文件：res://.godot/imported/ussr_is_7.png-fd381fee007180f5dfcf5218ce0ae2dd.ctex[39m[0m
[  20% ] [90m[1msavepack[22m | 正在保存文件：res://assets/research/thumbnails/ussr_is_7.png.import[39m[0m
[  20% ] [90m[1msavepack[22m | 正在保存文件：res://.godot/imported/ussr_kv_1_L_11.png-3a2181da0a22512302f7474d48628bbe.ctex[39m[0m
[  20% ] [90m[1msavepack[22m | 正在保存文件：res://assets/research/thumbnails/ussr_kv_1_L_11.png.import[39m[0m
[  21% ] [90m[1msavepack[22m | 正在保存文件：res://.godot/imported/ussr_kv_2_1939.png-0b3270c81c553df2447173c8a9da7e95.ctex[39m[0m
[  21% ] [90m[1msavepack[22m | 正在保存文件：res://assets/research/thumbnails/ussr_kv_2_1939.png.import[39m[0m
[  21% ] [90m[1msavepack[22m | 正在保存文件：res://.godot/imported/ussr_object_120.png-73780908b8e035591b7381138dead4da.ctex[39m[0m
[  21% ] [90m[1msavepack[22m | 正在保存文件：res://assets/research/thumbnails/ussr_object_120.png.import[39m[0m
[  21% ] [90m[1msavepack[22m | 正在保存文件：res://.godot/imported/ussr_object_140.png-928254a3ea75d4d528dbc8df2bfe7721.ctex[39m[0m
[  21% ] [90m[1msavepack[22m | 正在保存文件：res://assets/research/thumbnails/ussr_object_140.png.import[39m[0m
[  21% ] [90m[1msavepack[22m | 正在保存文件：res://.godot/imported/ussr_object_268.png-9038bd9bb8b3e8f789611d90b6a9af1e.ctex[39m[0m
[  21% ] [90m[1msavepack[22m | 正在保存文件：res://assets/research/thumbnails/ussr_object_268.png.import[39m[0m
[  21% ] [90m[1msavepack[22m | 正在保存文件：res://.godot/imported/ussr_object_435.png-ee8d5ebe0c1f5be6e2e0234b4c0da1d0.ctex[39m[0m
[  21% ] [90m[1msavepack[22m | 正在保存文件：res://assets/research/thumbnails/ussr_object_435.png.import[39m[0m
[  21% ] [90m[1msavepack[22m | 正在保存文件：res://.godot/imported/ussr_object_685.png-8ac17b566042b1887070854cbacc0607.ctex[39m[0m
[  21% ] [90m[1msavepack[22m | 正在保存文件：res://assets/research/thumbnails/ussr_object_685.png.import[39m[0m
[  21% ] [90m[1msavepack[22m | 正在保存文件：res://.godot/imported/ussr_object_775.png-75cb007682ef5c5d91240992c1e81ce1.ctex[39m[0m
[  21% ] [90m[1msavepack[22m | 正在保存文件：res://assets/research/thumbnails/ussr_object_775.png.import[39m[0m
[  22% ] [90m[1msavepack[22m | 正在保存文件：res://.godot/imported/ussr_object_906.png-e2caf489c97f544a6d2c790a5b0ffd4e.ctex[39m[0m
[  22% ] [90m[1msavepack[22m | 正在保存文件：res://assets/research/thumbnails/ussr_object_906.png.import[39m[0m
[  22% ] [90m[1msavepack[22m | 正在保存文件：res://.godot/imported/ussr_pt_76b.png-658ee73f01069237b25fda32d35b9583.ctex[39m[0m
[  22% ] [90m[1msavepack[22m | 正在保存文件：res://assets/research/thumbnails/ussr_pt_76b.png.import[39m[0m
[  22% ] [90m[1msavepack[22m | 正在保存文件：res://.godot/imported/ussr_su_57b.png-0abb5d117d918029486afacd13ad22d1.ctex[39m[0m
[  22% ] [90m[1msavepack[22m | 正在保存文件：res://assets/research/thumbnails/ussr_su_57b.png.import[39m[0m
[  22% ] [90m[1msavepack[22m | 正在保存文件：res://.godot/imported/ussr_su_76d.png-a204569b91bd611cdca54b451addb7cf.ctex[39m[0m
[  22% ] [90m[1msavepack[22m | 正在保存文件：res://assets/research/thumbnails/ussr_su_76d.png.import[39m[0m
[  22% ] [90m[1msavepack[22m | 正在保存文件：res://.godot/imported/ussr_su_76m_1943.png-72310eaa0976991ee36a59e33e0d11f1.ctex[39m[0m
[  22% ] [90m[1msavepack[22m | 正在保存文件：res://assets/research/thumbnails/ussr_su_76m_1943.png.import[39m[0m
[  22% ] [90m[1msavepack[22m | 正在保存文件：res://.godot/imported/ussr_su_85_1943.png-da03643707db7243ec29f30a05515c39.ctex[39m[0m
[  22% ] [90m[1msavepack[22m | 正在保存文件：res://assets/research/thumbnails/ussr_su_85_1943.png.import[39m[0m
[  23% ] [90m[1msavepack[22m | 正在保存文件：res://.godot/imported/ussr_su_100Y.png-d838c9b966ba440bc21bcde9a2582b01.ctex[39m[0m
[  23% ] [90m[1msavepack[22m | 正在保存文件：res://assets/research/thumbnails/ussr_su_100Y.png.import[39m[0m
[  23% ] [90m[1msavepack[22m | 正在保存文件：res://.godot/imported/ussr_su_100_1945.png-5dc40e9ea1b56d6696ff9e26e0fa545e.ctex[39m[0m
[  23% ] [90m[1msavepack[22m | 正在保存文件：res://assets/research/thumbnails/ussr_su_100_1945.png.import[39m[0m
[  23% ] [90m[1msavepack[22m | 正在保存文件：res://.godot/imported/ussr_su_122.png-b6231d6690b2f352b6cc7dd7f8097ff0.ctex[39m[0m
[  23% ] [90m[1msavepack[22m | 正在保存文件：res://assets/research/thumbnails/ussr_su_122.png.import[39m[0m
[  23% ] [90m[1msavepack[22m | 正在保存文件：res://.godot/imported/ussr_su_122_54.png-faf4f954259536d6d2cbcd67cd211299.ctex[39m[0m
[  23% ] [90m[1msavepack[22m | 正在保存文件：res://assets/research/thumbnails/ussr_su_122_54.png.import[39m[0m
[  23% ] [90m[1msavepack[22m | 正在保存文件：res://.godot/imported/ussr_su_152.png-0645ee25636a7fa76eb1fd9558f787cb.ctex[39m[0m
[  23% ] [90m[1msavepack[22m | 正在保存文件：res://assets/research/thumbnails/ussr_su_152.png.import[39m[0m
[  23% ] [90m[1msavepack[22m | 正在保存文件：res://.godot/imported/ussr_t_10a.png-573f875e42cb02309ba955fe825cc8a9.ctex[39m[0m
[  23% ] [90m[1msavepack[22m | 正在保存文件：res://assets/research/thumbnails/ussr_t_10a.png.import[39m[0m
[  23% ] [90m[1msavepack[22m | 正在保存文件：res://.godot/imported/ussr_t_26_1940.png-4c822f98fbf7534d8b381457a64794ad.ctex[39m[0m
[  23% ] [90m[1msavepack[22m | 正在保存文件：res://assets/research/thumbnails/ussr_t_26_1940.png.import[39m[0m
[  24% ] [90m[1msavepack[22m | 正在保存文件：res://.godot/imported/ussr_t_28.png-806babc8c3c4a059197c2f6d052b9d22.ctex[39m[0m
[  24% ] [90m[1msavepack[22m | 正在保存文件：res://assets/research/thumbnails/ussr_t_28.png.import[39m[0m
[  24% ] [90m[1msavepack[22m | 正在保存文件：res://.godot/imported/ussr_t_34_1941.png-650894481ea8a2d849c24fcb35e2ed43.ctex[39m[0m
[  24% ] [90m[1msavepack[22m | 正在保存文件：res://assets/research/thumbnails/ussr_t_34_1941.png.import[39m[0m
[  24% ] [90m[1msavepack[22m | 正在保存文件：res://.godot/imported/ussr_t_35.png-748503119f8d754c64617a39be83d935.ctex[39m[0m
[  24% ] [90m[1msavepack[22m | 正在保存文件：res://assets/research/thumbnails/ussr_t_35.png.import[39m[0m
[  24% ] [90m[1msavepack[22m | 正在保存文件：res://.godot/imported/ussr_t_44.png-ea6d91e7198593917fe0c4309d0084ee.ctex[39m[0m
[  24% ] [90m[1msavepack[22m | 正在保存文件：res://assets/research/thumbnails/ussr_t_44.png.import[39m[0m
[  24% ] [90m[1msavepack[22m | 正在保存文件：res://.godot/imported/ussr_t_50.png-ff3f6a04b265f9627f8f211776d95595.ctex[39m[0m
[  24% ] [90m[1msavepack[22m | 正在保存文件：res://assets/research/thumbnails/ussr_t_50.png.import[39m[0m
[  24% ] [90m[1msavepack[22m | 正在保存文件：res://.godot/imported/ussr_t_54_1947.png-6809209b5b208f181f9ccdb28754bea5.ctex[39m[0m
[  24% ] [90m[1msavepack[22m | 正在保存文件：res://assets/research/thumbnails/ussr_t_54_1947.png.import[39m[0m
[  25% ] [90m[1msavepack[22m | 正在保存文件：res://.godot/imported/ussr_t_55a.png-893a349a98f7600ac490176a34390f58.ctex[39m[0m
[  25% ] [90m[1msavepack[22m | 正在保存文件：res://assets/research/thumbnails/ussr_t_55a.png.import[39m[0m
[  25% ] [90m[1msavepack[22m | 正在保存文件：res://.godot/imported/ussr_t_62.png-5f8b909a4125c64e8620ffee1db4d020.ctex[39m[0m
[  25% ] [90m[1msavepack[22m | 正在保存文件：res://assets/research/thumbnails/ussr_t_62.png.import[39m[0m
[  25% ] [90m[1msavepack[22m | 正在保存文件：res://.godot/imported/ussr_t_64a_1971.png-40268faf6800a631e664b2f52b617c3a.ctex[39m[0m
[  25% ] [90m[1msavepack[22m | 正在保存文件：res://assets/research/thumbnails/ussr_t_64a_1971.png.import[39m[0m
[  25% ] [90m[1msavepack[22m | 正在保存文件：res://.godot/imported/ussr_t_72a.png-885fd30a37009ea2ceb3bcd8a664147a.ctex[39m[0m
[  25% ] [90m[1msavepack[22m | 正在保存文件：res://assets/research/thumbnails/ussr_t_72a.png.import[39m[0m
[  25% ] [90m[1msavepack[22m | 正在保存文件：res://.godot/imported/ussr_t_80.png-85ec66e30fb5c0a886c79ec92966da35.ctex[39m[0m
[  25% ] [90m[1msavepack[22m | 正在保存文件：res://assets/research/thumbnails/ussr_t_80.png.import[39m[0m
[  25% ] [90m[1msavepack[22m | 正在保存文件：res://.godot/imported/ussr_t_80b.png-b2a8b272c146cdfa231473f6b8bf9675.ctex[39m[0m
[  25% ] [90m[1msavepack[22m | 正在保存文件：res://assets/research/thumbnails/ussr_t_80b.png.import[39m[0m
[  25% ] [90m[1msavepack[22m | 正在保存文件：res://.godot/imported/ussr_t_90a.png-96ac13a29b42521803e0390a5b2fd80c.ctex[39m[0m
[  25% ] [90m[1msavepack[22m | 正在保存文件：res://assets/research/thumbnails/ussr_t_90a.png.import[39m[0m
[  26% ] [90m[1msavepack[22m | 正在保存文件：res://.godot/imported/us_m4a2_1944_germ.png-736f12137f6da33d24e57f5b7a90d3fa.ctex[39m[0m
[  26% ] [90m[1msavepack[22m | 正在保存文件：res://assets/research/thumbnails/us_m4a2_1944_germ.png.import[39m[0m
[  26% ] [90m[1msavepack[22m | 正在保存文件：res://assets/research/research_model_interfaces.json[39m[0m
[  26% ] [90m[1msavepack[22m | 正在保存文件：res://assets/research/research_runtime_profiles.json[39m[0m
[  26% ] [90m[1msavepack[22m | 正在保存文件：res://assets/research/soviet_german_tree.json[39m[0m
[  26% ] [90m[1msavepack[22m | 正在保存文件：res://assets/shaders/river_buildings.gdshader[39m[0m
[  26% ] [90m[1msavepack[22m | 正在保存文件：res://assets/shaders/river_ground.gdshader[39m[0m
[  26% ] [90m[1msavepack[22m | 正在保存文件：res://assets/shaders/river_water.gdshader[39m[0m
[  27% ] [90m[1msavepack[22m | 正在保存文件：res://assets/shaders/vehicle_tracks.gdshader[39m[0m
[  27% ] [90m[1msavepack[22m | 正在保存文件：res://.godot/imported/vehicle_adapter.glb-32444216fe12cbf9e348c1cbbe64e1ad.scn[39m[0m
[  27% ] [90m[1msavepack[22m | 正在保存文件：res://assets/vehicles/adapters/9a33bm3/vehicle_adapter.glb.import[39m[0m
[  27% ] [90m[1msavepack[22m | 正在保存文件：res://.godot/imported/vehicle_adapter.glb-2b3d2da02bed15d8dbe908d18a1d2ea5.scn[39m[0m
[  27% ] [90m[1msavepack[22m | 正在保存文件：res://assets/vehicles/adapters/9a35_m/vehicle_adapter.glb.import[39m[0m
[  27% ] [90m[1msavepack[22m | 正在保存文件：res://.godot/imported/vehicle_adapter.glb-ea2f17e2a48bf6765863ae751365ad24.scn[39m[0m
[  27% ] [90m[1msavepack[22m | 正在保存文件：res://assets/vehicles/adapters/35t/vehicle_adapter.glb.import[39m[0m
[  27% ] [90m[1msavepack[22m | 正在保存文件：res://.godot/imported/vehicle_adapter.glb-f2ad5da67cc33695bf821538598a909b.scn[39m[0m
[  27% ] [90m[1msavepack[22m | 正在保存文件：res://assets/vehicles/adapters/38t/vehicle_adapter.glb.import[39m[0m
[  27% ] [90m[1msavepack[22m | 正在保存文件：res://.godot/imported/vehicle_adapter.glb-a7e50a05ed442c47af24891cc6736793.scn[39m[0m
[  27% ] [90m[1msavepack[22m | 正在保存文件：res://assets/vehicles/adapters/AMD35/vehicle_adapter.glb.import[39m[0m
[  28% ] [90m[1msavepack[22m | 正在保存文件：res://.godot/imported/vehicle_adapter.glb-3bc2a5f9d7deb653004994fb111dbfb7.scn[39m[0m
[  28% ] [90m[1msavepack[22m | 正在保存文件：res://assets/vehicles/adapters/begleitpanzer_57/vehicle_adapter.glb.import[39m[0m
[  28% ] [90m[1msavepack[22m | 正在保存文件：res://.godot/imported/vehicle_adapter.glb-49c7d784e6df8c500f7cece5b1a791cb.scn[39m[0m
[  28% ] [90m[1msavepack[22m | 正在保存文件：res://assets/vehicles/adapters/bmp_1_ddr/vehicle_adapter.glb.import[39m[0m
[  28% ] [90m[1msavepack[22m | 正在保存文件：res://.godot/imported/vehicle_adapter.glb-d8b694a3752cfcf8761f6e34baa91f62.scn[39m[0m
[  28% ] [90m[1msavepack[22m | 正在保存文件：res://assets/vehicles/adapters/boxer_3105/vehicle_adapter.glb.import[39m[0m
[  28% ] [90m[1msavepack[22m | 正在保存文件：res://.godot/imported/vehicle_adapter.glb-260022ca1cf75426b200aed7ed9db2c4.scn[39m[0m
[  28% ] [90m[1msavepack[22m | 正在保存文件：res://assets/vehicles/adapters/boxer_swatrinf/vehicle_adapter.glb.import[39m[0m
[  28% ] [90m[1msavepack[22m | 正在保存文件：res://.godot/imported/vehicle_adapter.glb-a6c32d8b3854106ff6fedb8d39e5c93a.scn[39m[0m
[  28% ] [90m[1msavepack[22m | 正在保存文件：res://assets/vehicles/adapters/E100超重型坦克/vehicle_adapter.glb.import[39m[0m
[  28% ] [90m[1msavepack[22m | 正在保存文件：res://.godot/imported/vehicle_adapter.glb-a1a21ab900ca59d79eb03fc73593d307.scn[39m[0m
[  28% ] [90m[1msavepack[22m | 正在保存文件：res://assets/vehicles/adapters/erprobungstrager_3_achs_turm/vehicle_adapter.glb.import[39m[0m
[  28% ] [90m[1msavepack[22m | 正在保存文件：res://.godot/imported/vehicle_adapter.glb-1eba870d4bc42a46c93f6073d18bda74.scn[39m[0m
[  28% ] [90m[1msavepack[22m | 正在保存文件：res://assets/vehicles/adapters/flakpanzer_38t_Gepard/vehicle_adapter.glb.import[39m[0m
[  29% ] [90m[1msavepack[22m | 正在保存文件：res://.godot/imported/vehicle_adapter.glb-097f3945e88bd1c6a61577df9237436b.scn[39m[0m
[  29% ] [90m[1msavepack[22m | 正在保存文件：res://assets/vehicles/adapters/flakpanzer_IV_Kugelblitz/vehicle_adapter.glb.import[39m[0m
[  29% ] [90m[1msavepack[22m | 正在保存文件：res://.godot/imported/vehicle_adapter.glb-44b8056b8e7405f1a74434fb97c9a298.scn[39m[0m
[  29% ] [90m[1msavepack[22m | 正在保存文件：res://assets/vehicles/adapters/flakpanzer_IV_Wirbelwind/vehicle_adapter.glb.import[39m[0m
[  29% ] [90m[1msavepack[22m | 正在保存文件：res://.godot/imported/vehicle_adapter.glb-f5830bd0dd7668e2b0ca03b7aafac55d.scn[39m[0m
[  29% ] [90m[1msavepack[22m | 正在保存文件：res://assets/vehicles/adapters/flakpanzer_I_ausf_A/vehicle_adapter.glb.import[39m[0m
[  29% ] [90m[1msavepack[22m | 正在保存文件：res://.godot/imported/vehicle_adapter.glb-761e9368f1d60ad1e03128c833fad55c.scn[39m[0m
[  29% ] [90m[1msavepack[22m | 正在保存文件：res://assets/vehicles/adapters/flakpanzer_V_Coelian/vehicle_adapter.glb.import[39m[0m
[  29% ] [90m[1msavepack[22m | 正在保存文件：res://.godot/imported/vehicle_adapter.glb-ec31459729b417ea6cc0e60c7fe6e94e.scn[39m[0m
[  29% ] [90m[1msavepack[22m | 正在保存文件：res://assets/vehicles/adapters/flakpanzer_zerstorer_45/vehicle_adapter.glb.import[39m[0m
[  29% ] [90m[1msavepack[22m | 正在保存文件：res://.godot/imported/vehicle_adapter.glb-2c2e0646e755cd05540e50bcdac903c2.scn[39m[0m
[  29% ] [90m[1msavepack[22m | 正在保存文件：res://assets/vehicles/adapters/flarakpz_1/vehicle_adapter.glb.import[39m[0m
[  30% ] [90m[1msavepack[22m | 正在保存文件：res://.godot/imported/vehicle_adapter.glb-4e1ff256c49c9c0e148fc57c809f388f.scn[39m[0m
[  30% ] [90m[1msavepack[22m | 正在保存文件：res://assets/vehicles/adapters/flarakrad/vehicle_adapter.glb.import[39m[0m
[  30% ] [90m[1msavepack[22m | 正在保存文件：res://.godot/imported/vehicle_adapter.glb-2236e6c516c0e5f57c9963a09fff06c4.scn[39m[0m
[  30% ] [90m[1msavepack[22m | 正在保存文件：res://assets/vehicles/adapters/germ_leopard_2a4/vehicle_adapter.glb.import[39m[0m
[  30% ] [90m[1msavepack[22m | 正在保存文件：res://.godot/imported/vehicle_adapter.glb-5c910346aa30d1ce18c3bc225e80c4c9.scn[39m[0m
[  30% ] [90m[1msavepack[22m | 正在保存文件：res://assets/vehicles/adapters/hummel/vehicle_adapter.glb.import[39m[0m
[  30% ] [90m[1msavepack[22m | 正在保存文件：res://.godot/imported/vehicle_adapter.glb-19cc1f88bc0bba27043c0ff9fb0d5f39.scn[39m[0m
[  30% ] [90m[1msavepack[22m | 正在保存文件：res://assets/vehicles/adapters/infanterie_kampfpanzer_churchill/vehicle_adapter.glb.import[39m[0m
[  30% ] [90m[1msavepack[22m | 正在保存文件：res://.godot/imported/vehicle_adapter.glb-bf17818545aca0839993b98573ff3864.scn[39m[0m
[  30% ] [90m[1msavepack[22m | 正在保存文件：res://assets/vehicles/adapters/iris_slm_fcs/vehicle_adapter.glb.import[39m[0m
[  30% ] [90m[1msavepack[22m | 正在保存文件：res://.godot/imported/vehicle_adapter.glb-c7a0a2fc74832c662cb375e1aa9c9491.scn[39m[0m
[  30% ] [90m[1msavepack[22m | 正在保存文件：res://assets/vehicles/adapters/iris_slm_launcher/vehicle_adapter.glb.import[39m[0m
[  30% ] [90m[1msavepack[22m | 正在保存文件：res://.godot/imported/vehicle_adapter.glb-0c4c39ae2ce73f8e3a797b3ff88756fe.scn[39m[0m
[  30% ] [90m[1msavepack[22m | 正在保存文件：res://assets/vehicles/adapters/jaguar_2/vehicle_adapter.glb.import[39m[0m
[  31% ] [90m[1msavepack[22m | 正在保存文件：res://.godot/imported/vehicle_adapter.glb-957eb0b1aa29d3be31d4f721025ad3c8.scn[39m[0m
[  31% ] [90m[1msavepack[22m | 正在保存文件：res://assets/vehicles/adapters/KPz70/vehicle_adapter.glb.import[39m[0m
[  31% ] [90m[1msavepack[22m | 正在保存文件：res://.godot/imported/vehicle_adapter.glb-a9d87bc490645d55332720a72e52c987.scn[39m[0m
[  31% ] [90m[1msavepack[22m | 正在保存文件：res://assets/vehicles/adapters/kpz_t72m1/vehicle_adapter.glb.import[39m[0m
[  31% ] [90m[1msavepack[22m | 正在保存文件：res://.godot/imported/vehicle_adapter.glb-dbb49a8f9ad31e7aad28c6fd1ada70a5.scn[39m[0m
[  31% ] [90m[1msavepack[22m | 正在保存文件：res://assets/vehicles/adapters/kv_1_kwk_40/vehicle_adapter.glb.import[39m[0m
[  31% ] [90m[1msavepack[22m | 正在保存文件：res://.godot/imported/vehicle_adapter.glb-7ba1093e17cf0a3e6ca461fa63f74ef0.scn[39m[0m
[  31% ] [90m[1msavepack[22m | 正在保存文件：res://assets/vehicles/adapters/kv_2_754r/vehicle_adapter.glb.import[39m[0m
[  31% ] [90m[1msavepack[22m | 正在保存文件：res://.godot/imported/vehicle_adapter.glb-bb185446b04409cff039a7a9a4c2d741.scn[39m[0m
[  31% ] [90m[1msavepack[22m | 正在保存文件：res://assets/vehicles/adapters/leichter_ladungstrager_303a/vehicle_adapter.glb.import[39m[0m
[  31% ] [90m[1msavepack[22m | 正在保存文件：res://.godot/imported/vehicle_adapter.glb-b2363532ef1eb5b463aa53447f8b3ad8.scn[39m[0m
[  31% ] [90m[1msavepack[22m | 正在保存文件：res://assets/vehicles/adapters/m44/vehicle_adapter.glb.import[39m[0m
[  32% ] [90m[1msavepack[22m | 正在保存文件：res://.godot/imported/vehicle_adapter.glb-8c120c69164bfe2d03da25c5388d7092.scn[39m[0m
[  32% ] [90m[1msavepack[22m | 正在保存文件：res://assets/vehicles/adapters/M48/vehicle_adapter.glb.import[39m[0m
[  32% ] [90m[1msavepack[22m | 正在保存文件：res://.godot/imported/vehicle_adapter.glb-63ab7db8283b7cd4e86602d3cf53e778.scn[39m[0m
[  32% ] [90m[1msavepack[22m | 正在保存文件：res://assets/vehicles/adapters/m55/vehicle_adapter.glb.import[39m[0m
[  32% ] [90m[1msavepack[22m | 正在保存文件：res://.godot/imported/vehicle_adapter.glb-560035de0f52a4d2ec76ec6d390b5ba9.scn[39m[0m
[  32% ] [90m[1msavepack[22m | 正在保存文件：res://assets/vehicles/adapters/m109g/vehicle_adapter.glb.import[39m[0m
[  32% ] [90m[1msavepack[22m | 正在保存文件：res://.godot/imported/vehicle_adapter.glb-b6ca93a3e66200e2db6cd94695266b24.scn[39m[0m
[  32% ] [90m[1msavepack[22m | 正在保存文件：res://assets/vehicles/adapters/marder_df_105/vehicle_adapter.glb.import[39m[0m
[  32% ] [90m[1msavepack[22m | 正在保存文件：res://.godot/imported/vehicle_adapter.glb-66c8c97788c69183dc64f491fc5abdf5.scn[39m[0m
[  32% ] [90m[1msavepack[22m | 正在保存文件：res://assets/vehicles/adapters/mkpz_m47/vehicle_adapter.glb.import[39m[0m
[  32% ] [90m[1msavepack[22m | 正在保存文件：res://.godot/imported/vehicle_adapter.glb-733dfb43345941ab1c4355a87fda0e77.scn[39m[0m
[  32% ] [90m[1msavepack[22m | 正在保存文件：res://assets/vehicles/adapters/nbfz_VI/vehicle_adapter.glb.import[39m[0m
[  32% ] [90m[1msavepack[22m | 正在保存文件：res://.godot/imported/vehicle_adapter.glb-e3503b2a65bde74f8aa68e0ecc4ac6d7.scn[39m[0m
[  32% ] [90m[1msavepack[22m | 正在保存文件：res://assets/vehicles/adapters/panzerjager_1/vehicle_adapter.glb.import[39m[0m
[  33% ] [90m[1msavepack[22m | 正在保存文件：res://.godot/imported/vehicle_adapter.glb-0e113689a60c36cd83100a40d30eb93e.scn[39m[0m
[  33% ] [90m[1msavepack[22m | 正在保存文件：res://assets/vehicles/adapters/panzerjager_nashorn/vehicle_adapter.glb.import[39m[0m
[  33% ] [90m[1msavepack[22m | 正在保存文件：res://.godot/imported/vehicle_adapter.glb-33924e8e9014f1272f53ec52b111aa30.scn[39m[0m
[  33% ] [90m[1msavepack[22m | 正在保存文件：res://assets/vehicles/adapters/panzerwerfer_42/vehicle_adapter.glb.import[39m[0m
[  33% ] [90m[1msavepack[22m | 正在保存文件：res://.godot/imported/vehicle_adapter.glb-c42b96c3d76e9a31cac425e3ea6222b4.scn[39m[0m
[  33% ] [90m[1msavepack[22m | 正在保存文件：res://assets/vehicles/adapters/pzh_2000/vehicle_adapter.glb.import[39m[0m
[  33% ] [90m[1msavepack[22m | 正在保存文件：res://.godot/imported/vehicle_adapter.glb-2f9e2151dbbfa7f1be4bc9204ca98b5f.scn[39m[0m
[  33% ] [90m[1msavepack[22m | 正在保存文件：res://assets/vehicles/adapters/pzkpfw_38t_Aufklarungspanzer/vehicle_adapter.glb.import[39m[0m
[  33% ] [90m[1msavepack[22m | 正在保存文件：res://.godot/imported/vehicle_adapter.glb-9fc19fd628f6e651d2013fddaef25c15.scn[39m[0m
[  33% ] [90m[1msavepack[22m | 正在保存文件：res://assets/vehicles/adapters/pzsflk40_sturer_emil/vehicle_adapter.glb.import[39m[0m
[  33% ] [90m[1msavepack[22m | 正在保存文件：res://.godot/imported/vehicle_adapter.glb-f1581577651db2760e43e793fb3afc77.scn[39m[0m
[  33% ] [90m[1msavepack[22m | 正在保存文件：res://assets/vehicles/adapters/pzsfl_IVa_dickermax/vehicle_adapter.glb.import[39m[0m
[  33% ] [90m[1msavepack[22m | 正在保存文件：res://.godot/imported/vehicle_adapter.glb-1726cea26dd1bea960bb3f82b92fdc24.scn[39m[0m
[  33% ] [90m[1msavepack[22m | 正在保存文件：res://assets/vehicles/adapters/radpanzer_90/vehicle_adapter.glb.import[39m[0m
[  33% ] [90m[1msavepack[22m | 正在保存文件：res://.godot/imported/vehicle_adapter.glb-ebc3a3d94a9f1461e4212d9b8504fd78.scn[39m[0m
[  33% ] [90m[1msavepack[22m | 正在保存文件：res://assets/vehicles/adapters/Ru251轻型坦克/vehicle_adapter.glb.import[39m[0m
[  33% ] [90m[1msavepack[22m | 正在保存文件：res://.godot/imported/vehicle_adapter.glb-43895a2e245919e26d1eaabeef4b1b10.scn[39m[0m
[  33% ] [90m[1msavepack[22m | 正在保存文件：res://assets/vehicles/adapters/SdKfz234/vehicle_adapter.glb.import[39m[0m
[  33% ] [90m[1msavepack[22m | 正在保存文件：res://.godot/imported/vehicle_adapter.glb-6c43c37892b13b91a05cbd916de817b3.scn[39m[0m
[  33% ] [90m[1msavepack[22m | 正在保存文件：res://assets/vehicles/adapters/SdKfz251/vehicle_adapter.glb.import[39m[0m
[  33% ] [90m[1msavepack[22m | 正在保存文件：res://.godot/imported/vehicle_adapter.glb-edc9234ee10afe74458100d934e61ed2.scn[39m[0m
[  33% ] [90m[1msavepack[22m | 正在保存文件：res://assets/vehicles/adapters/sdkfz_6_2_flak36/vehicle_adapter.glb.import[39m[0m
[  33% ] [90m[1msavepack[22m | 正在保存文件：res://.godot/imported/vehicle_adapter.glb-91176f2e37ffeca6279e80effe58d5c7.scn[39m[0m
[  33% ] [90m[1msavepack[22m | 正在保存文件：res://assets/vehicles/adapters/sdkfz_9_flak37/vehicle_adapter.glb.import[39m[0m
[  33% ] [90m[1msavepack[22m | 正在保存文件：res://.godot/imported/vehicle_adapter.glb-64ac6e4930450c0c14bb29fd4d3dcbf2.scn[39m[0m
[  33% ] [90m[1msavepack[22m | 正在保存文件：res://assets/vehicles/adapters/sdkfz_221_s_pz_b_41/vehicle_adapter.glb.import[39m[0m
[  34% ] [90m[1msavepack[22m | 正在保存文件：res://.godot/imported/vehicle_adapter.glb-76818048e3d1f8c98eea70c183f3f32a.scn[39m[0m
[  34% ] [90m[1msavepack[22m | 正在保存文件：res://assets/vehicles/adapters/sdkfz_222/vehicle_adapter.glb.import[39m[0m
[  34% ] [90m[1msavepack[22m | 正在保存文件：res://.godot/imported/vehicle_adapter.glb-c0741ca5ec244bd4e77f008f54320ada.scn[39m[0m
[  34% ] [90m[1msavepack[22m | 正在保存文件：res://assets/vehicles/adapters/sk105_a2/vehicle_adapter.glb.import[39m[0m
[  34% ] [90m[1msavepack[22m | 正在保存文件：res://.godot/imported/vehicle_adapter.glb-0b3a6980deb727044c00b8335c96f150.scn[39m[0m
[  34% ] [90m[1msavepack[22m | 正在保存文件：res://assets/vehicles/adapters/sppz2_luchs_a2/vehicle_adapter.glb.import[39m[0m
[  34% ] [90m[1msavepack[22m | 正在保存文件：res://.godot/imported/vehicle_adapter.glb-094640fd0d82f7906e4a2d58672ad46f.scn[39m[0m
[  34% ] [90m[1msavepack[22m | 正在保存文件：res://assets/vehicles/adapters/spz_12_3/vehicle_adapter.glb.import[39m[0m
[  34% ] [90m[1msavepack[22m | 正在保存文件：res://.godot/imported/vehicle_adapter.glb-2a47cc501471995f7dd9a7c02c8adf91.scn[39m[0m
[  34% ] [90m[1msavepack[22m | 正在保存文件：res://assets/vehicles/adapters/spz_oerlikon_raketenautomat/vehicle_adapter.glb.import[39m[0m
[  34% ] [90m[1msavepack[22m | 正在保存文件：res://.godot/imported/vehicle_adapter.glb-fb70c383c4018cecb9d47e0492aae05b.scn[39m[0m
[  34% ] [90m[1msavepack[22m | 正在保存文件：res://assets/vehicles/adapters/sturmpanzer_II/vehicle_adapter.glb.import[39m[0m
[  35% ] [90m[1msavepack[22m | 正在保存文件：res://.godot/imported/vehicle_adapter.glb-b27925b87229c7a4c9792eb78dbf1335.scn[39m[0m
[  35% ] [90m[1msavepack[22m | 正在保存文件：res://assets/vehicles/adapters/TAM/vehicle_adapter.glb.import[39m[0m
[  35% ] [90m[1msavepack[22m | 正在保存文件：res://.godot/imported/vehicle_adapter.glb-756a6c35fafa988b6671e9663643cea5.scn[39m[0m
[  35% ] [90m[1msavepack[22m | 正在保存文件：res://assets/vehicles/adapters/th_400/vehicle_adapter.glb.import[39m[0m
[  35% ] [90m[1msavepack[22m | 正在保存文件：res://.godot/imported/vehicle_adapter.glb-32af08d9d2c7b76f49d9a4f2c1a05606.scn[39m[0m
[  35% ] [90m[1msavepack[22m | 正在保存文件：res://assets/vehicles/adapters/truck_sdkfz_6_2_tent/vehicle_adapter.glb.import[39m[0m
[  35% ] [90m[1msavepack[22m | 正在保存文件：res://.godot/imported/vehicle_adapter.glb-1be0e8001db846cdf1163ef89d4174b0.scn[39m[0m
[  35% ] [90m[1msavepack[22m | 正在保存文件：res://assets/vehicles/adapters/t_34_747/vehicle_adapter.glb.import[39m[0m
[  35% ] [90m[1msavepack[22m | 正在保存文件：res://.godot/imported/vehicle_adapter.glb-6bc0c7a7a8fcaa651caf364a2ea4009f.scn[39m[0m
[  35% ] [90m[1msavepack[22m | 正在保存文件：res://assets/vehicles/adapters/ussr_t_80b/vehicle_adapter.glb.import[39m[0m
[  35% ] [90m[1msavepack[22m | 正在保存文件：res://.godot/imported/vehicle_adapter_olive_mechanical_atlas.png-360520b3cf0e05cb1e1a384b3b2a01a2.ctex[39m[0m
[  35% ] [90m[1msavepack[22m | 正在保存文件：res://assets/vehicles/adapters/ussr_t_80b/vehicle_adapter_olive_mechanical_atlas.png.import[39m[0m
[  35% ] [90m[1msavepack[22m | 正在保存文件：res://.godot/imported/vehicle_adapter.glb-60ea0b67aacda86ad1eaccf963fd9098.scn[39m[0m
[  35% ] [90m[1msavepack[22m | 正在保存文件：res://assets/vehicles/adapters/us_m4a2_1944_germ/vehicle_adapter.glb.import[39m[0m
[  36% ] [90m[1msavepack[22m | 正在保存文件：res://.godot/imported/vehicle_adapter.glb-676ed48544364a27f5b682ca111581d2.scn[39m[0m
[  36% ] [90m[1msavepack[22m | 正在保存文件：res://assets/vehicles/adapters/vilkas/vehicle_adapter.glb.import[39m[0m
[  36% ] [90m[1msavepack[22m | 正在保存文件：res://.godot/imported/vehicle_adapter.glb-083504ec0678b9e0de02d170cadb1b43.scn[39m[0m
[  36% ] [90m[1msavepack[22m | 正在保存文件：res://assets/vehicles/adapters/VK30.02M/vehicle_adapter.glb.import[39m[0m
[  36% ] [90m[1msavepack[22m | 正在保存文件：res://.godot/imported/vehicle_adapter.glb-ff5adcd59d3415dfdb61ad2fc971bed5.scn[39m[0m
[  36% ] [90m[1msavepack[22m | 正在保存文件：res://assets/vehicles/adapters/vsw_flak_41/vehicle_adapter.glb.import[39m[0m
[  36% ] [90m[1msavepack[22m | 正在保存文件：res://.godot/imported/vehicle_adapter.glb-1213449434639887644fd57fbaba1adb.scn[39m[0m
[  36% ] [90m[1msavepack[22m | 正在保存文件：res://assets/vehicles/adapters/vt_1_2/vehicle_adapter.glb.import[39m[0m
[  36% ] [90m[1msavepack[22m | 正在保存文件：res://.godot/imported/vehicle_adapter.glb-2f4231a6d31566cd43d78b24488dc6ee.scn[39m[0m
[  36% ] [90m[1msavepack[22m | 正在保存文件：res://assets/vehicles/adapters/waffentrager_krupp_steyr/vehicle_adapter.glb.import[39m[0m
[  36% ] [90m[1msavepack[22m | 正在保存文件：res://.godot/imported/vehicle_adapter.glb-9068e132786ebd0553641971654dfee7.scn[39m[0m
[  36% ] [90m[1msavepack[22m | 正在保存文件：res://assets/vehicles/adapters/wiesel_1_mk20/vehicle_adapter.glb.import[39m[0m
[  37% ] [90m[1msavepack[22m | 正在保存文件：res://.godot/imported/vehicle_adapter.glb-e7bafa109dde763d2a5dd8d8e24bb75b.scn[39m[0m
[  37% ] [90m[1msavepack[22m | 正在保存文件：res://assets/vehicles/adapters/wiesel_1_tow/vehicle_adapter.glb.import[39m[0m
[  37% ] [90m[1msavepack[22m | 正在保存文件：res://.godot/imported/vehicle_adapter.glb-fa3b38747a16d3e8aca62a10d4bf4289.scn[39m[0m
[  37% ] [90m[1msavepack[22m | 正在保存文件：res://assets/vehicles/adapters/wiesel_2_adwc/vehicle_adapter.glb.import[39m[0m
[  37% ] [90m[1msavepack[22m | 正在保存文件：res://.godot/imported/vehicle_adapter.glb-f2e8c65c56667c8b9aca78972509f0cd.scn[39m[0m
[  37% ] [90m[1msavepack[22m | 正在保存文件：res://assets/vehicles/adapters/三号坦克/vehicle_adapter.glb.import[39m[0m
[  37% ] [90m[1msavepack[22m | 正在保存文件：res://.godot/imported/vehicle_adapter.glb-6fb6e39a275f4840b36b9a863936ae31.scn[39m[0m
[  37% ] [90m[1msavepack[22m | 正在保存文件：res://assets/vehicles/adapters/三号突击炮/vehicle_adapter.glb.import[39m[0m
[  37% ] [90m[1msavepack[22m | 正在保存文件：res://.godot/imported/vehicle_adapter.glb-49247c9f26590e586442d09546648710.scn[39m[0m
[  37% ] [90m[1msavepack[22m | 正在保存文件：res://assets/vehicles/adapters/东风/vehicle_adapter.glb.import[39m[0m
[  37% ] [90m[1msavepack[22m | 正在保存文件：res://.godot/imported/vehicle_adapter.glb-467bc65d1640bfbc5b08a3d29c19da4c.scn[39m[0m
[  37% ] [90m[1msavepack[22m | 正在保存文件：res://assets/vehicles/adapters/二号坦克/vehicle_adapter.glb.import[39m[0m
[  37% ] [90m[1msavepack[22m | 正在保存文件：res://.godot/imported/vehicle_adapter.glb-43533d7f04ceef14cb9fbb435f27d5d2.scn[39m[0m
[  37% ] [90m[1msavepack[22m | 正在保存文件：res://assets/vehicles/adapters/保时捷虎/vehicle_adapter.glb.import[39m[0m
[  38% ] [90m[1msavepack[22m | 正在保存文件：res://.godot/imported/vehicle_adapter.glb-e8f7f05be32a7491b9cf12459d4f1680.scn[39m[0m
[  38% ] [90m[1msavepack[22m | 正在保存文件：res://assets/vehicles/adapters/卡诺内坦克歼击车/vehicle_adapter.glb.import[39m[0m
[  38% ] [90m[1msavepack[22m | 正在保存文件：res://.godot/imported/vehicle_adapter.glb-2e00209dc236b643f2bd14cd2fd344c4.scn[39m[0m
[  38% ] [90m[1msavepack[22m | 正在保存文件：res://assets/vehicles/adapters/四号坦克/vehicle_adapter.glb.import[39m[0m
[  38% ] [90m[1msavepack[22m | 正在保存文件：res://.godot/imported/vehicle_adapter.glb-6517e580f5bdc1169b8ba56c2cb2507c.scn[39m[0m
[  38% ] [90m[1msavepack[22m | 正在保存文件：res://assets/vehicles/adapters/四号坦克歼击车/vehicle_adapter.glb.import[39m[0m
[  38% ] [90m[1msavepack[22m | 正在保存文件：res://.godot/imported/vehicle_adapter.glb-696c6f564ec58245faa9689fa64458ee.scn[39m[0m
[  38% ] [90m[1msavepack[22m | 正在保存文件：res://assets/vehicles/adapters/德军M41/vehicle_adapter.glb.import[39m[0m
[  38% ] [90m[1msavepack[22m | 正在保存文件：res://.godot/imported/vehicle_adapter.glb-c1b5ee30e7e2450028b2737552ebb88b.scn[39m[0m
[  38% ] [90m[1msavepack[22m | 正在保存文件：res://assets/vehicles/adapters/斐迪南/vehicle_adapter.glb.import[39m[0m
[  38% ] [90m[1msavepack[22m | 正在保存文件：res://.godot/imported/vehicle_adapter.glb-162d472ee7a4f9c21100d7b8386330ca.scn[39m[0m
[  38% ] [90m[1msavepack[22m | 正在保存文件：res://assets/vehicles/adapters/火箭坦克歼击车2/vehicle_adapter.glb.import[39m[0m
[  38% ] [90m[1msavepack[22m | 正在保存文件：res://.godot/imported/vehicle_adapter.glb-f39de80d570f3e3005d2d4d81a90b5fb.scn[39m[0m
[  38% ] [90m[1msavepack[22m | 正在保存文件：res://assets/vehicles/adapters/灰熊/vehicle_adapter.glb.import[39m[0m
[  39% ] [90m[1msavepack[22m | 正在保存文件：res://.godot/imported/vehicle_adapter.glb-bc1e8a676af1f7305a6bd8592bfe6986.scn[39m[0m
[  39% ] [90m[1msavepack[22m | 正在保存文件：res://assets/vehicles/adapters/猎虎/vehicle_adapter.glb.import[39m[0m
[  39% ] [90m[1msavepack[22m | 正在保存文件：res://.godot/imported/vehicle_adapter.glb-27333f5abd056e916bca89ff5b85059b.scn[39m[0m
[  39% ] [90m[1msavepack[22m | 正在保存文件：res://assets/vehicles/adapters/猎豹/vehicle_adapter.glb.import[39m[0m
[  39% ] [90m[1msavepack[22m | 正在保存文件：res://.godot/imported/vehicle_adapter.glb-803d63ca74dc3954a0c685580d38a28e.scn[39m[0m
[  39% ] [90m[1msavepack[22m | 正在保存文件：res://assets/vehicles/adapters/猎豹防空车/vehicle_adapter.glb.import[39m[0m
[  39% ] [90m[1msavepack[22m | 正在保存文件：res://.godot/imported/vehicle_adapter.glb-a98853602c82b3f19dac369818139ae2.scn[39m[0m
[  39% ] [90m[1msavepack[22m | 正在保存文件：res://assets/vehicles/adapters/突击虎/vehicle_adapter.glb.import[39m[0m
[  39% ] [90m[1msavepack[22m | 正在保存文件：res://.godot/imported/vehicle_adapter.glb-d8b1638e910dea26e898fcaf6893fb20.scn[39m[0m
[  39% ] [90m[1msavepack[22m | 正在保存文件：res://assets/vehicles/adapters/美洲狮步战车/vehicle_adapter.glb.import[39m[0m
[  39% ] [90m[1msavepack[22m | 正在保存文件：res://.godot/imported/vehicle_adapter.glb-7a7d376e2ea3205670abda877eb5cd21.scn[39m[0m
[  39% ] [90m[1msavepack[22m | 正在保存文件：res://assets/vehicles/adapters/虎I/vehicle_adapter.glb.import[39m[0m
[  40% ] [90m[1msavepack[22m | 正在保存文件：res://.godot/imported/vehicle_adapter.glb-54dc8a77af3874d4f534bb940d2df54b.scn[39m[0m
[  40% ] [90m[1msavepack[22m | 正在保存文件：res://assets/vehicles/adapters/虎II/vehicle_adapter.glb.import[39m[0m
[  40% ] [90m[1msavepack[22m | 正在保存文件：res://.godot/imported/vehicle_adapter.glb-663c9ed422c803dc2a94a42f505248c6.scn[39m[0m
[  40% ] [90m[1msavepack[22m | 正在保存文件：res://assets/vehicles/adapters/豹1/vehicle_adapter.glb.import[39m[0m
[  40% ] [90m[1msavepack[22m | 正在保存文件：res://.godot/imported/vehicle_adapter.glb-e672f5f16f229a63dd915aaf518dea41.scn[39m[0m
[  40% ] [90m[1msavepack[22m | 正在保存文件：res://assets/vehicles/adapters/豹2/vehicle_adapter.glb.import[39m[0m
[  40% ] [90m[1msavepack[22m | 正在保存文件：res://.godot/imported/vehicle_adapter.glb-3937c79c65730d63699e12a5bd6e785d.scn[39m[0m
[  40% ] [90m[1msavepack[22m | 正在保存文件：res://assets/vehicles/adapters/追猎者/vehicle_adapter.glb.import[39m[0m
[  40% ] [90m[1msavepack[22m | 正在保存文件：res://.godot/imported/vehicle_adapter.glb-0875f68ebf793550bb4096886742e2b2.scn[39m[0m
[  40% ] [90m[1msavepack[22m | 正在保存文件：res://assets/vehicles/adapters/黄鼠狼III/vehicle_adapter.glb.import[39m[0m
[  40% ] [90m[1msavepack[22m | 正在保存文件：res://.godot/imported/vehicle_adapter.glb-b1e74ae4151684b92ba9c57e4aa5efd0.scn[39m[0m
[  40% ] [90m[1msavepack[22m | 正在保存文件：res://assets/vehicles/adapters/黄鼠狼步战车/vehicle_adapter.glb.import[39m[0m
[  40% ] [90m[1msavepack[22m | 正在保存文件：res://.godot/imported/vehicle_adapter.glb-74fb4d9045189deabf357788dd93af46.scn[39m[0m
[  40% ] [90m[1msavepack[22m | 正在保存文件：res://assets/vehicles/adapters/黑豹/vehicle_adapter.glb.import[39m[0m
[  41% ] [90m[1msavepack[22m | 正在保存文件：res://.godot/imported/vehicle_adapter.glb-eb51a5d853feb475fb7b6a53ee7aa1c5.scn[39m[0m
[  41% ] [90m[1msavepack[22m | 正在保存文件：res://assets/vehicles/adapters/黑豹II/vehicle_adapter.glb.import[39m[0m
[  41% ] [90m[1msavepack[22m | 正在保存文件：res://.godot/imported/vehicle_adapter.glb-8d77eacfb469b449dc891ba42c53b7d5.scn[39m[0m
[  41% ] [90m[1msavepack[22m | 正在保存文件：res://assets/vehicles/adapters/鼠式/vehicle_adapter.glb.import[39m[0m
[  41% ] [90m[1msavepack[22m | 正在保存文件：res://.godot/imported/leopard2a7v.glb-3fb72a93083e16aa257a491a1b98e25b.scn[39m[0m
[  41% ] [90m[1msavepack[22m | 正在保存文件：res://assets/vehicles/leopard2a7v/leopard2a7v.glb.import[39m[0m
[  41% ] [90m[1msavepack[22m | 正在保存文件：res://.godot/imported/leopard2a7v_Redesigned_Albedo.png-73bf2e4ad6793deb67f0541c619ee5bf.ctex[39m[0m
[  41% ] [90m[1msavepack[22m | 正在保存文件：res://assets/vehicles/leopard2a7v/leopard2a7v_Redesigned_Albedo.png.import[39m[0m
[  41% ] [90m[1msavepack[22m | 正在保存文件：res://.godot/imported/m1a1.glb-03dec98108b13993c1e221ebcd3aa576.scn[39m[0m
[  41% ] [90m[1msavepack[22m | 正在保存文件：res://assets/vehicles/m1a1/m1a1.glb.import[39m[0m
[  41% ] [90m[1msavepack[22m | 正在保存文件：res://.godot/imported/m1a1_1k.glb-4a1c39aeed83e1cd7d8ff5bd8b41fa51.scn[39m[0m
[  41% ] [90m[1msavepack[22m | 正在保存文件：res://assets/vehicles/m1a1/m1a1_1k.glb.import[39m[0m
[  42% ] [90m[1msavepack[22m | 正在保存文件：res://.godot/imported/m1a1_1k_base_color.png-66f96f024ffcbd11564f80994a6f6a07.ctex[39m[0m
[  42% ] [90m[1msavepack[22m | 正在保存文件：res://assets/vehicles/m1a1/m1a1_1k_base_color.png.import[39m[0m
[  42% ] [90m[1msavepack[22m | 正在保存文件：res://.godot/imported/m1a1_1k_normal.png-246ed30f5ed54c4a7e9f4e982bb77122.ctex[39m[0m
[  42% ] [90m[1msavepack[22m | 正在保存文件：res://assets/vehicles/m1a1/m1a1_1k_normal.png.import[39m[0m
[  42% ] [90m[1msavepack[22m | 正在保存文件：res://.godot/imported/m1a1_1k_orm.png-ac753eede45a45664e7e9e3bb5a7019e.ctex[39m[0m
[  42% ] [90m[1msavepack[22m | 正在保存文件：res://assets/vehicles/m1a1/m1a1_1k_orm.png.import[39m[0m
[  42% ] [90m[1msavepack[22m | 正在保存文件：res://.godot/imported/m1a1_2k.glb-c3ef7988869b80dea945a2280125f672.scn[39m[0m
[  42% ] [90m[1msavepack[22m | 正在保存文件：res://assets/vehicles/m1a1/m1a1_2k.glb.import[39m[0m
[  42% ] [90m[1msavepack[22m | 正在保存文件：res://.godot/imported/m1a1_2k_base_color.png-bb74e89c9821bac410d9c3fcf25f1b99.ctex[39m[0m
[  42% ] [90m[1msavepack[22m | 正在保存文件：res://assets/vehicles/m1a1/m1a1_2k_base_color.png.import[39m[0m
[  42% ] [90m[1msavepack[22m | 正在保存文件：res://.godot/imported/m1a1_2k_normal.png-1b2284fbc7712ed7fac4cdec244effd2.ctex[39m[0m
[  42% ] [90m[1msavepack[22m | 正在保存文件：res://assets/vehicles/m1a1/m1a1_2k_normal.png.import[39m[0m
[  42% ] [90m[1msavepack[22m | 正在保存文件：res://.godot/imported/m1a1_2k_orm.png-3779f484eca8c06dbfa462cda45e0a86.ctex[39m[0m
[  42% ] [90m[1msavepack[22m | 正在保存文件：res://assets/vehicles/m1a1/m1a1_2k_orm.png.import[39m[0m
[  43% ] [90m[1msavepack[22m | 正在保存文件：res://.godot/imported/m1a1_base_color.png-69018fd801695bb6d70b22399453a865.ctex[39m[0m
[  43% ] [90m[1msavepack[22m | 正在保存文件：res://assets/vehicles/m1a1/m1a1_base_color.png.import[39m[0m
[  43% ] [90m[1msavepack[22m | 正在保存文件：res://.godot/imported/m1a1_normal.png-1a23a32fecf76245b9d29bb46bbcf4ec.ctex[39m[0m
[  43% ] [90m[1msavepack[22m | 正在保存文件：res://assets/vehicles/m1a1/m1a1_normal.png.import[39m[0m
[  43% ] [90m[1msavepack[22m | 正在保存文件：res://.godot/imported/m1a1_orm.png-c856176c9aa490fa29bbdfc21b566f8b.ctex[39m[0m
[  43% ] [90m[1msavepack[22m | 正在保存文件：res://assets/vehicles/m1a1/m1a1_orm.png.import[39m[0m
[  43% ] [90m[1msavepack[22m | 正在保存文件：res://.godot/imported/vehicle_concept_atlas_v1.png-90020c9884103f91fa2ea3376c975de2.ctex[39m[0m
[  43% ] [90m[1msavepack[22m | 正在保存文件：res://assets/vehicles/textures/vehicle_concept_atlas_v1.png.import[39m[0m
[  43% ] [90m[1msavepack[22m | 正在保存文件：res://.godot/imported/ztz99a_1000_basecolor.png-8dbdf43fdff8e5576a262cf2676dddf2.ctex[39m[0m
[  43% ] [90m[1msavepack[22m | 正在保存文件：res://assets/vehicles/ztz99a/textures/ztz99a_1000_basecolor.png.import[39m[0m
[  43% ] [90m[1msavepack[22m | 正在保存文件：res://.godot/imported/ztz99a_1000_normal.png-7179fca24599aa3b88a9df95412eb0e9.ctex[39m[0m
[  43% ] [90m[1msavepack[22m | 正在保存文件：res://assets/vehicles/ztz99a/textures/ztz99a_1000_normal.png.import[39m[0m
[  44% ] [90m[1msavepack[22m | 正在保存文件：res://.godot/imported/ztz99a_1000_orm.png-d60f2456e058d82d4b9a6e8a72137e34.ctex[39m[0m
[  44% ] [90m[1msavepack[22m | 正在保存文件：res://assets/vehicles/ztz99a/textures/ztz99a_1000_orm.png.import[39m[0m
[  44% ] [90m[1msavepack[22m | 正在保存文件：res://.godot/imported/ztz99a_2000_basecolor.png-97421680c64c89d17a28ba2b27b88b0c.ctex[39m[0m
[  44% ] [90m[1msavepack[22m | 正在保存文件：res://assets/vehicles/ztz99a/textures/ztz99a_2000_basecolor.png.import[39m[0m
[  44% ] [90m[1msavepack[22m | 正在保存文件：res://.godot/imported/ztz99a_2000_normal.png-be9a8f3e7b7b46734ef9bfd6324aca4c.ctex[39m[0m
[  44% ] [90m[1msavepack[22m | 正在保存文件：res://assets/vehicles/ztz99a/textures/ztz99a_2000_normal.png.import[39m[0m
[  44% ] [90m[1msavepack[22m | 正在保存文件：res://.godot/imported/ztz99a_2000_orm.png-548aa229b8b515cbcfacfe4793c3d532.ctex[39m[0m
[  44% ] [90m[1msavepack[22m | 正在保存文件：res://assets/vehicles/ztz99a/textures/ztz99a_2000_orm.png.import[39m[0m
[  44% ] [90m[1msavepack[22m | 正在保存文件：res://.godot/imported/ztz99a_4000_basecolor.png-1c37f824ccadae220f8c23731d6b3e62.ctex[39m[0m
[  44% ] [90m[1msavepack[22m | 正在保存文件：res://assets/vehicles/ztz99a/textures/ztz99a_4000_basecolor.png.import[39m[0m
[  44% ] [90m[1msavepack[22m | 正在保存文件：res://.godot/imported/ztz99a_4000_normal.png-bfe259925f4588c230a6979052a627c8.ctex[39m[0m
[  44% ] [90m[1msavepack[22m | 正在保存文件：res://assets/vehicles/ztz99a/textures/ztz99a_4000_normal.png.import[39m[0m
[  44% ] [90m[1msavepack[22m | 正在保存文件：res://.godot/imported/ztz99a_4000_orm.png-345ab51050e9a9fd414feda64a38383c.ctex[39m[0m
[  44% ] [90m[1msavepack[22m | 正在保存文件：res://assets/vehicles/ztz99a/textures/ztz99a_4000_orm.png.import[39m[0m
[  45% ] [90m[1msavepack[22m | 正在保存文件：res://.godot/imported/ztz99a_1000.glb-e2ced0b6b2c8461c72fb3d9dc2d18d0e.scn[39m[0m
[  45% ] [90m[1msavepack[22m | 正在保存文件：res://assets/vehicles/ztz99a/ztz99a_1000.glb.import[39m[0m
[  45% ] [90m[1msavepack[22m | 正在保存文件：res://assets/vehicles/ztz99a/ztz99a_1000.manifest.json[39m[0m
[  45% ] [90m[1msavepack[22m | 正在保存文件：res://.godot/imported/ztz99a_1000_ztz99a_1000_basecolor.png-5547e977c51834769d94a2f6e6702e28.ctex[39m[0m
[  45% ] [90m[1msavepack[22m | 正在保存文件：res://assets/vehicles/ztz99a/ztz99a_1000_ztz99a_1000_basecolor.png.import[39m[0m
[  45% ] [90m[1msavepack[22m | 正在保存文件：res://.godot/imported/ztz99a_1000_ztz99a_1000_normal.png-123c925c7335173747393c03b9d09e76.ctex[39m[0m
[  45% ] [90m[1msavepack[22m | 正在保存文件：res://assets/vehicles/ztz99a/ztz99a_1000_ztz99a_1000_normal.png.import[39m[0m
[  45% ] [90m[1msavepack[22m | 正在保存文件：res://.godot/imported/ztz99a_1000_ztz99a_1000_orm.png-701991ac82ec9b367037540a1b8dcbf5.ctex[39m[0m
[  45% ] [90m[1msavepack[22m | 正在保存文件：res://assets/vehicles/ztz99a/ztz99a_1000_ztz99a_1000_orm.png.import[39m[0m
[  45% ] [90m[1msavepack[22m | 正在保存文件：res://.godot/imported/ztz99a_2000.glb-e3cb9e9eb30e79003194a0d8022f0da0.scn[39m[0m
[  45% ] [90m[1msavepack[22m | 正在保存文件：res://assets/vehicles/ztz99a/ztz99a_2000.glb.import[39m[0m
[  46% ] [90m[1msavepack[22m | 正在保存文件：res://assets/vehicles/ztz99a/ztz99a_2000.manifest.json[39m[0m
[  46% ] [90m[1msavepack[22m | 正在保存文件：res://.godot/imported/ztz99a_2000_ztz99a_2000_basecolor.png-e48d494b852f7c2f25492e7fa052cb59.ctex[39m[0m
[  46% ] [90m[1msavepack[22m | 正在保存文件：res://assets/vehicles/ztz99a/ztz99a_2000_ztz99a_2000_basecolor.png.import[39m[0m
[  46% ] [90m[1msavepack[22m | 正在保存文件：res://.godot/imported/ztz99a_2000_ztz99a_2000_normal.png-4c688b7f0dae3a1da8e6e0d1d681cb38.ctex[39m[0m
[  46% ] [90m[1msavepack[22m | 正在保存文件：res://assets/vehicles/ztz99a/ztz99a_2000_ztz99a_2000_normal.png.import[39m[0m
[  46% ] [90m[1msavepack[22m | 正在保存文件：res://.godot/imported/ztz99a_2000_ztz99a_2000_orm.png-edeabcd6e74d6e7563e3f412691e08a0.ctex[39m[0m
[  46% ] [90m[1msavepack[22m | 正在保存文件：res://assets/vehicles/ztz99a/ztz99a_2000_ztz99a_2000_orm.png.import[39m[0m
[  46% ] [90m[1msavepack[22m | 正在保存文件：res://.godot/imported/ztz99a_4000.glb-49efc3cd262b17d595814e4f3dc123f9.scn[39m[0m
[  46% ] [90m[1msavepack[22m | 正在保存文件：res://assets/vehicles/ztz99a/ztz99a_4000.glb.import[39m[0m
[  46% ] [90m[1msavepack[22m | 正在保存文件：res://assets/vehicles/ztz99a/ztz99a_4000.manifest.json[39m[0m
[  46% ] [90m[1msavepack[22m | 正在保存文件：res://.godot/imported/ztz99a_4000_ztz99a_4000_basecolor.png-e256c07762fed52916e6b8b5f0915713.ctex[39m[0m
[  46% ] [90m[1msavepack[22m | 正在保存文件：res://assets/vehicles/ztz99a/ztz99a_4000_ztz99a_4000_basecolor.png.import[39m[0m
[  47% ] [90m[1msavepack[22m | 正在保存文件：res://.godot/imported/ztz99a_4000_ztz99a_4000_normal.png-cc51e1f224cf09fa50cdad4254235108.ctex[39m[0m
[  47% ] [90m[1msavepack[22m | 正在保存文件：res://assets/vehicles/ztz99a/ztz99a_4000_ztz99a_4000_normal.png.import[39m[0m
[  47% ] [90m[1msavepack[22m | 正在保存文件：res://.godot/imported/ztz99a_4000_ztz99a_4000_orm.png-7f63dbf2e06cee1619d0d3ebeef469dc.ctex[39m[0m
[  47% ] [90m[1msavepack[22m | 正在保存文件：res://assets/vehicles/ztz99a/ztz99a_4000_ztz99a_4000_orm.png.import[39m[0m
[  47% ] [90m[1msavepack[22m | 正在保存文件：res://assets/vehicles/MODERN_ASSETS.json[39m[0m
[  47% ] [90m[1msavepack[22m | 正在保存文件：res://.godot/imported/us_m4a3_75w_vvss_1944.glb-990a500baf420f42b68f334fba2069f8.scn[39m[0m
[  47% ] [90m[1msavepack[22m | 正在保存文件：res://assets/vehicles/us_m4a3_75w_vvss_1944.glb.import[39m[0m
[  47% ] [90m[1msavepack[22m | 正在保存文件：res://assets/vehicles/us_m4a3_75w_vvss_1944.manifest.json[39m[0m
[  47% ] [90m[1msavepack[22m | 正在保存文件：res://.godot/imported/us_m4a3_75w_vvss_1944_vehicle_concept_atlas_v1.png-b55589f954bb5df32921b7e62ddbe897.ctex[39m[0m
[  47% ] [90m[1msavepack[22m | 正在保存文件：res://assets/vehicles/us_m4a3_75w_vvss_1944_vehicle_concept_atlas_v1.png.import[39m[0m
[  48% ] [90m[1msavepack[22m | 正在保存文件：res://.godot/imported/us_m24_m6_t85e1_1951.glb-e9ae42b47250f7b17d2377db99f9c884.scn[39m[0m
[  48% ] [90m[1msavepack[22m | 正在保存文件：res://assets/vehicles/us_m24_m6_t85e1_1951.glb.import[39m[0m
[  48% ] [90m[1msavepack[22m | 正在保存文件：res://assets/vehicles/us_m24_m6_t85e1_1951.manifest.json[39m[0m
[  48% ] [90m[1msavepack[22m | 正在保存文件：res://.godot/imported/us_m24_m6_t85e1_1951_vehicle_concept_atlas_v1.png-ba221b36eb3d4347a271399946689942.ctex[39m[0m
[  48% ] [90m[1msavepack[22m | 正在保存文件：res://assets/vehicles/us_m24_m6_t85e1_1951_vehicle_concept_atlas_v1.png.import[39m[0m
[  48% ] [90m[1msavepack[22m | 正在保存文件：res://.godot/imported/us_m26_m3_1945.glb-8f4025489f806dcb7768634d450e9a58.scn[39m[0m
[  48% ] [90m[1msavepack[22m | 正在保存文件：res://assets/vehicles/us_m26_m3_1945.glb.import[39m[0m
[  48% ] [90m[1msavepack[22m | 正在保存文件：res://assets/vehicles/us_m26_m3_1945.manifest.json[39m[0m
[  48% ] [90m[1msavepack[22m | 正在保存文件：res://.godot/imported/us_m26_m3_1945_vehicle_concept_atlas_v1.png-54d97e5471abe5ab166ca2f1b79354e7.ctex[39m[0m
[  48% ] [90m[1msavepack[22m | 正在保存文件：res://assets/vehicles/us_m26_m3_1945_vehicle_concept_atlas_v1.png.import[39m[0m
[  48% ] [90m[1msavepack[22m | 正在保存文件：res://.godot/imported/us_m36_m4a1_1945.glb-5dfe33269eb8040d4fa1d49b9883f3fe.scn[39m[0m
[  48% ] [90m[1msavepack[22m | 正在保存文件：res://assets/vehicles/us_m36_m4a1_1945.glb.import[39m[0m
[  49% ] [90m[1msavepack[22m | 正在保存文件：res://assets/vehicles/us_m36_m4a1_1945.manifest.json[39m[0m
[  49% ] [90m[1msavepack[22m | 正在保存文件：res://.godot/imported/us_m36_m4a1_1945_vehicle_concept_atlas_v1.png-5fbdc74c46ee676983c8e7548bc6c8a0.ctex[39m[0m
[  49% ] [90m[1msavepack[22m | 正在保存文件：res://assets/vehicles/us_m36_m4a1_1945_vehicle_concept_atlas_v1.png.import[39m[0m
[  49% ] [90m[1msavepack[22m | 正在保存文件：res://assets/art_palette.json[39m[0m
[  49% ] [90m[1msavepack[22m | 正在保存文件：res://assets/world_art.manifest.json[39m[0m
[  49% ] [90m[1msavepack[22m | 正在保存文件：res://.godot/exported/133200997/export-28bbb0736c34808617c262882bb5fae6-m4a3_design.res[39m[0m
[  49% ] [90m[1msavepack[22m | 正在保存文件：res://.godot/exported/133200997/export-e1c2cda6408fa0f7d5fc6a6bb7e30e30-m24_design.res[39m[0m
[  50% ] [90m[1msavepack[22m | 正在保存文件：res://configs/evidence/us_m4a3_75w_vvss_1944.json[39m[0m
[  50% ] [90m[1msavepack[22m | 正在保存文件：res://.godot/exported/133200997/export-c33932b170fed8f4d4ecd110fe73a17a-test_armor_panels.res[39m[0m
[  50% ] [90m[1msavepack[22m | 正在保存文件：res://.godot/exported/133200997/export-9dfc6b17e13f85e282813b059f99ed06-test_closed_hull.res[39m[0m
[  50% ] [90m[1msavepack[22m | 正在保存文件：res://.godot/exported/133200997/export-6200e18c4bd9fbd4235be67f2f348f7e-test_player_vehicle_layout.res[39m[0m
[  50% ] [90m[1msavepack[22m | 正在保存文件：res://.godot/exported/133200997/export-13249aefc15cce2cc5b47950b3809fff-test_query_vehicle.res[39m[0m
[  50% ] [90m[1msavepack[22m | 正在保存文件：res://.godot/exported/133200997/export-efd1443820e6a4fb57563a657e4f47c6-us_m4a3_75w_vvss_1944.res[39m[0m
[  50% ] [90m[1msavepack[22m | 正在保存文件：res://configs/navigation/ai_training_graph.json[39m[0m
[  51% ] [90m[1msavepack[22m | 正在保存文件：res://.godot/exported/133200997/export-5a281a6b587e5f2a0902eab8bbf45cac-m4a3_design.res[39m[0m
[  51% ] [90m[1msavepack[22m | 正在保存文件：res://.godot/exported/133200997/export-52e903ccf2ac73b0b57570aa2d11e972-m24_design.res[39m[0m
[  51% ] [90m[1msavepack[22m | 正在保存文件：res://configs/shells/historical_loadouts.json[39m[0m
[  51% ] [90m[1msavepack[22m | 正在保存文件：res://configs/shells/modern_engineering_loadouts.json[39m[0m
[  51% ] [90m[1msavepack[22m | 正在保存文件：res://configs/vehicles/engineering/germ_leopard_2a4.json[39m[0m
[  51% ] [90m[1msavepack[22m | 正在保存文件：res://configs/vehicles/engineering/ussr_t_80b.json[39m[0m
[  51% ] [90m[1msavepack[22m | 正在保存文件：res://configs/vehicles/evidence/leopard_stowage_restoration_20260917.json[39m[0m
[  52% ] [90m[1msavepack[22m | 正在保存文件：res://configs/vehicles/evidence/modern_turret_frame_20260917.json[39m[0m
[  52% ] [90m[1msavepack[22m | 正在保存文件：res://configs/vehicles/evidence/t80_loading_restoration_20260917.json[39m[0m
[  52% ] [90m[1msavepack[22m | 正在保存文件：res://configs/vehicles/evidence/t80_material_restoration_20260917.json[39m[0m
[  52% ] [90m[1msavepack[22m | 正在保存文件：res://configs/vehicles/historical/us_m4a3_75w_vvss_1944.json[39m[0m
[  52% ] [90m[1msavepack[22m | 正在保存文件：res://configs/vehicles/historical/us_m24_m6_t85e1_1951.json[39m[0m
[  52% ] [90m[1msavepack[22m | 正在保存文件：res://configs/vehicles/historical/us_m26_m3_1945.json[39m[0m
[  53% ] [90m[1msavepack[22m | 正在保存文件：res://configs/vehicles/historical/us_m36_m4a1_1945.json[39m[0m
[  53% ] [90m[1msavepack[22m | 正在保存文件：res://configs/vehicles/model_sources.json[39m[0m
[  53% ] [90m[1msavepack[22m | 正在保存文件：res://.godot/exported/133200997/export-c508753d4efb6ffe3d28f2391be6d334-ap_75_shell.res[39m[0m
[  53% ] [90m[1msavepack[22m | 正在保存文件：res://.godot/exported/133200997/export-576d877228b018537ccb5be1b911d7b4-player_tank_vehicle.res[39m[0m
[  53% ] [90m[1msavepack[22m | 正在保存文件：res://.godot/exported/133200997/export-6cf89b8132c292a3929e5dd485a1f885-player_tank_weapon.res[39m[0m
[  53% ] [90m[1msavepack[22m | 正在保存文件：res://scripts/ui/accessibility_settings.gdc[39m[0m
[  53% ] [90m[1msavepack[22m | 正在保存文件：res://scripts/ui/battle_ui.gdc[39m[0m
[  54% ] [90m[1msavepack[22m | 正在保存文件：res://scripts/ui/display_settings.gdc[39m[0m
[  54% ] [90m[1msavepack[22m | 正在保存文件：res://scripts/ui/garage_frontend.gdc[39m[0m
[  54% ] [90m[1msavepack[22m | 正在保存文件：res://scripts/ui/garage_theme.gdc[39m[0m
[  54% ] [90m[1msavepack[22m | 正在保存文件：res://scripts/ui/hud_presenter.gdc[39m[0m
[  54% ] [90m[1msavepack[22m | 正在保存文件：res://scripts/ui/input_binding_service.gdc[39m[0m
[  54% ] [90m[1msavepack[22m | 正在保存文件：res://scripts/ui/input_focus_router.gdc[39m[0m
[  55% ] [90m[1msavepack[22m | 正在保存文件：res://scripts/ui/input_settings_panel.gdc[39m[0m
[  55% ] [90m[1msavepack[22m | 正在保存文件：res://scripts/ui/localization_service.gdc[39m[0m
[  55% ] [90m[1msavepack[22m | 正在保存文件：res://scripts/ui/minimap_presenter.gdc[39m[0m
[  55% ] [90m[1msavepack[22m | 正在保存文件：res://scripts/ui/modal_navigation.gdc[39m[0m
[  55% ] [90m[1msavepack[22m | 正在保存文件：res://scripts/ui/research_model_view.gdc[39m[0m
[  55% ] [90m[1msavepack[22m | 正在保存文件：res://scripts/ui/research_trial_drive.gdc[39m[0m
[  55% ] [90m[1msavepack[22m | 正在保存文件：res://scripts/ui/river_junction_atlas.gdc[39m[0m
[  56% ] [90m[1msavepack[22m | 正在保存文件：res://scripts/ui/river_junction_survey.gdc[39m[0m
[  56% ] [90m[1msavepack[22m | 正在保存文件：res://scripts/ui/river_objective_hud.gdc[39m[0m
[  56% ] [90m[1msavepack[22m | 正在保存文件：res://scripts/ui/sight_graduations.gdc[39m[0m
[  56% ] [90m[1msavepack[22m | 正在保存文件：res://scripts/ui/vehicle_damage_diagram.gdc[39m[0m
[  56% ] [90m[1msavepack[22m | 正在保存文件：res://scripts/ui/vehicle_damage_view.gdc[39m[0m
[  56% ] [90m[1msavepack[22m | 正在保存文件：res://scripts/ui/vehicle_research_tree.gdc[39m[0m
[  57% ] [90m[1msavepack[22m | 正在保存文件：res://scripts/camera_rig.gdc[39m[0m
[  57% ] [90m[1msavepack[22m | 正在保存文件：res://scripts/command_mailbox.gdc[39m[0m
[  57% ] [90m[1msavepack[22m | 正在保存文件：res://scripts/game_config.gdc[39m[0m
[  57% ] [90m[1msavepack[22m | 正在保存文件：res://scripts/gunner.gdc[39m[0m
[  57% ] [90m[1msavepack[22m | 正在保存文件：res://scripts/hud.gdc[39m[0m
[  57% ] [90m[1msavepack[22m | 正在保存文件：res://scripts/main.gdc[39m[0m
[  57% ] [90m[1msavepack[22m | 正在保存文件：res://scripts/player_controller.gdc[39m[0m
[  58% ] [90m[1msavepack[22m | 正在保存文件：res://scripts/tank.gdc[39m[0m
[  58% ] [90m[1msavepack[22m | 正在保存文件：res://scripts/target_board.gdc[39m[0m
[  58% ] [90m[1msavepack[22m | 正在保存文件：res://scripts/trial_hit_gate.gdc[39m[0m
[  58% ] [90m[1msavepack[22m | 正在保存文件：res://scripts/turret_rig.gdc[39m[0m
[  58% ] [90m[1msavepack[22m | 正在保存文件：res://scripts/vehicle_actor.gdc[39m[0m
[  58% ] [90m[1msavepack[22m | 正在保存文件：res://scripts/world_builder.gdc[39m[0m
[  59% ] [90m[1msavepack[22m | 正在保存文件：res://scripts/replay/replay_controller.gdc[39m[0m
[  59% ] [90m[1msavepack[22m | 正在保存文件：res://scripts/replay/reactive_armor_record_validator.gdc[39m[0m
[  59% ] [90m[1msavepack[22m | 正在保存文件：res://scripts/replay/chemical_record_validator.gdc[39m[0m
[  59% ] [90m[1msavepack[22m | 正在保存文件：res://scripts/query/world_query_adapter.gdc[39m[0m
[  59% ] [90m[1msavepack[22m | 正在保存文件：res://scripts/query/shot_query_service.gdc[39m[0m
[  59% ] [90m[1msavepack[22m | 正在保存文件：res://scripts/ui/app_dialog.gdc[39m[0m
[  59% ] [90m[1msavepack[22m | 正在保存文件：res://scripts/ui/battle_hud.gdc[39m[0m
[  60% ] [90m[1msavepack[22m | 正在保存文件：res://scripts/ui/battle_intel.gdc[39m[0m
[  60% ] [90m[1msavepack[22m | 正在保存文件：res://scripts/replay/spall_record_validator.gdc[39m[0m
[  60% ] [90m[1msavepack[22m | 正在保存文件：res://scripts/training/ai_combat_range.gdc[39m[0m
[  60% ] [90m[1msavepack[22m | 正在保存文件：res://scripts/training/ai_drive_range.gdc[39m[0m
[  60% ] [90m[1msavepack[22m | 正在保存文件：res://scripts/training/armor_range.gdc[39m[0m
[  60% ] [90m[1msavepack[22m | 正在保存文件：res://scripts/training/armor_training_targets.gdc[39m[0m
[  61% ] [90m[1msavepack[22m | 正在保存文件：res://scripts/training/ballistics_range.gdc[39m[0m
[  61% ] [90m[1msavepack[22m | 正在保存文件：res://scripts/training/damage_range.gdc[39m[0m
[  61% ] [90m[1msavepack[22m | 正在保存文件：res://scripts/training/damage_training_layout.gdc[39m[0m
[  61% ] [90m[1msavepack[22m | 正在保存文件：res://scripts/training/recovery_range.gdc[39m[0m
[  61% ] [90m[1msavepack[22m | 正在保存文件：res://scripts/replay/replay_view.gdc[39m[0m
[  61% ] [90m[1msavepack[22m | 正在保存文件：res://scripts/replay/shot_record_builder.gdc[39m[0m
[  61% ] [90m[1msavepack[22m | 正在保存文件：res://scripts/replay/shot_record_codec.gdc[39m[0m
[  62% ] [90m[1msavepack[22m | 正在保存文件：res://scripts/replay/shot_record_store.gdc[39m[0m
[  62% ] [90m[1msavepack[22m | 正在保存文件：res://scripts/training/shell_range.gdc[39m[0m
[  62% ] [90m[1msavepack[22m | 正在保存文件：res://scripts/training/shell_training_targets.gdc[39m[0m
[  62% ] [90m[1msavepack[22m | 正在保存文件：res://scripts/training/terrain_range.gdc[39m[0m
[  62% ] [90m[1msavepack[22m | 正在保存文件：res://scripts/query/query_snapshot_builder.gdc[39m[0m
[  62% ] [90m[1msavepack[22m | 正在保存文件：res://scripts/query/query_geometry.gdc[39m[0m
[  62% ] [90m[1msavepack[22m | 正在保存文件：res://scripts/query/external_contact_selector.gdc[39m[0m
[  63% ] [90m[1msavepack[22m | 正在保存文件：res://.godot/exported/133200997/export-06016274ceb7cd5a8eaa9ff0196f2efc-duel_range.scn[39m[0m
[  63% ] [90m[1msavepack[22m | 正在保存文件：res://.godot/exported/133200997/export-cc2683df5e03f2fee71195b9c824af35-team_range.scn[39m[0m
[  63% ] [90m[1msavepack[22m | 正在保存文件：res://.godot/exported/133200997/export-72f9e630f3ad6ad1d9b7ead13805945a-vehicle_inspector.scn[39m[0m
[  63% ] [90m[1msavepack[22m | 正在保存文件：res://.godot/exported/133200997/export-39265fad5768488f63f8d0c9b66ec0c5-map_hill_village.scn[39m[0m
[  63% ] [90m[1msavepack[22m | 正在保存文件：res://.godot/exported/133200997/export-f324b1f09482150c46bf3b1414afb732-map_industrial_edge.scn[39m[0m
[  63% ] [90m[1msavepack[22m | 正在保存文件：res://.godot/exported/133200997/export-3df87044f5000404a7c4bc0da610f95c-map_river_team.scn[39m[0m
[  64% ] [90m[1msavepack[22m | 正在保存文件：res://.godot/exported/133200997/export-be4feb509e5e807992c7052563358543-river_junction_range.scn[39m[0m
[  64% ] [90m[1msavepack[22m | 正在保存文件：res://.godot/exported/133200997/export-5abe7137efb19a9d47070f0bd226e973-river_junction_survey.scn[39m[0m
[  64% ] [90m[1msavepack[22m | 正在保存文件：res://.godot/exported/133200997/export-2d07ee2b356a6d05c26a77742edbfb6a-ai_combat_range.scn[39m[0m
[  64% ] [90m[1msavepack[22m | 正在保存文件：res://.godot/exported/133200997/export-e9eb4c96a0195d72b062bd256ed0c525-ai_drive_range.scn[39m[0m
[  64% ] [90m[1msavepack[22m | 正在保存文件：res://.godot/exported/133200997/export-4d35ebb9c1bd93fd9fc0be8452afd3c5-armor_range.scn[39m[0m
[  64% ] [90m[1msavepack[22m | 正在保存文件：res://.godot/exported/133200997/export-2f472ee4e5bb1896f059a6d6b1e8c49b-ballistics_range.scn[39m[0m
[  64% ] [90m[1msavepack[22m | 正在保存文件：res://.godot/exported/133200997/export-98e381408d9d748f6435483e57f7493f-damage_range.scn[39m[0m
[  65% ] [90m[1msavepack[22m | 正在保存文件：res://.godot/exported/133200997/export-88cc7116419161e81cdd9ec2abe262b2-recovery_range.scn[39m[0m
[  65% ] [90m[1msavepack[22m | 正在保存文件：res://.godot/exported/133200997/export-9b1f8bdc8c2521a1c51fa4147bb80091-shell_range.scn[39m[0m
[  65% ] [90m[1msavepack[22m | 正在保存文件：res://.godot/exported/133200997/export-3cb233a8e83d0de27b4635ebb6f85ce8-terrain_range.scn[39m[0m
[  65% ] [90m[1msavepack[22m | 正在保存文件：res://.godot/exported/133200997/export-402c3bad3c1859a0637dadae34d47f64-app.scn[39m[0m
[  65% ] [90m[1msavepack[22m | 正在保存文件：res://.godot/exported/133200997/export-3ad5c15c4f3250da0cc7c1af1770d85f-main.scn[39m[0m
[  65% ] [90m[1msavepack[22m | 正在保存文件：res://.godot/exported/133200997/export-4194426a9d5e1d9f821ceabbd2e67492-tank.scn[39m[0m
[  66% ] [90m[1msavepack[22m | 正在保存文件：res://scripts/ai/aim_solver.gdc[39m[0m
[  66% ] [90m[1msavepack[22m | 正在保存文件：res://scripts/ai/ai_difficulty.gdc[39m[0m
[  66% ] [90m[1msavepack[22m | 正在保存文件：res://scripts/ai/ai_path_driver.gdc[39m[0m
[  66% ] [90m[1msavepack[22m | 正在保存文件：res://scripts/ai/ai_perception.gdc[39m[0m
[  66% ] [90m[1msavepack[22m | 正在保存文件：res://scripts/ai/ai_role_allocator.gdc[39m[0m
[  66% ] [90m[1msavepack[22m | 正在保存文件：res://scripts/ai/ai_tank_controller.gdc[39m[0m
[  66% ] [90m[1msavepack[22m | 正在保存文件：res://scripts/ai/drive_navigator.gdc[39m[0m
[  66% ] [90m[1msavepack[22m | 正在保存文件：res://scripts/ai/stuck_detector.gdc[39m[0m
[  66% ] [90m[1msavepack[22m | 正在保存文件：res://scripts/ai/traffic_telemetry.gdc[39m[0m
[  66% ] [90m[1msavepack[22m | 正在保存文件：res://scripts/armor/armor_impact_profile.gdc[39m[0m
[  66% ] [90m[1msavepack[22m | 正在保存文件：res://scripts/armor/armor_layer_profile.gdc[39m[0m
[  66% ] [90m[1msavepack[22m | 正在保存文件：res://scripts/armor/armor_resolver.gdc[39m[0m
[  66% ] [90m[1msavepack[22m | 正在保存文件：res://scripts/armor/penetration_curve.gdc[39m[0m
[  67% ] [90m[1msavepack[22m | 正在保存文件：res://scripts/armor/reactive_armor_profile.gdc[39m[0m
[  67% ] [90m[1msavepack[22m | 正在保存文件：res://scripts/art/art_palette.gdc[39m[0m
[  67% ] [90m[1msavepack[22m | 正在保存文件：res://scripts/art/asset_budget_report.gdc[39m[0m
[  67% ] [90m[1msavepack[22m | 正在保存文件：res://scripts/art/asset_manifest_validator.gdc[39m[0m
[  67% ] [90m[1msavepack[22m | 正在保存文件：res://scripts/art/destructible_section.gdc[39m[0m
[  67% ] [90m[1msavepack[22m | 正在保存文件：res://scripts/art/geometry_overlay.gdc[39m[0m
[  67% ] [90m[1msavepack[22m | 正在保存文件：res://scripts/art/historical_track_motion.gdc[39m[0m
[  68% ] [90m[1msavepack[22m | 正在保存文件：res://scripts/art/special_structures.gdc[39m[0m
[  68% ] [90m[1msavepack[22m | 正在保存文件：res://scripts/art/static_art_batch.gdc[39m[0m
[  68% ] [90m[1msavepack[22m | 正在保存文件：res://scripts/art/structure_collapse.gdc[39m[0m
[  68% ] [90m[1msavepack[22m | 正在保存文件：res://scripts/art/structure_dust.gdc[39m[0m
[  68% ] [90m[1msavepack[22m | 正在保存文件：res://scripts/art/vehicle_atlas.gdc[39m[0m
[  68% ] [90m[1msavepack[22m | 正在保存文件：res://scripts/art/world_art_kit.gdc[39m[0m
[  69% ] [90m[1msavepack[22m | 正在保存文件：res://scripts/art/world_lighting.gdc[39m[0m
[  69% ] [90m[1msavepack[22m | 正在保存文件：res://scripts/art/world_props.gdc[39m[0m
[  69% ] [90m[1msavepack[22m | 正在保存文件：res://scripts/battle/battle_objectives.gdc[39m[0m
[  69% ] [90m[1msavepack[22m | 正在保存文件：res://scripts/battle/capture_point.gdc[39m[0m
[  69% ] [90m[1msavepack[22m | 正在保存文件：res://scripts/battle/capture_point_state.gdc[39m[0m
[  69% ] [90m[1msavepack[22m | 正在保存文件：res://scripts/battle/contribution_ledger.gdc[39m[0m
[  69% ] [90m[1msavepack[22m | 正在保存文件：res://scripts/battle/duel_range.gdc[39m[0m
[  70% ] [90m[1msavepack[22m | 正在保存文件：res://scripts/battle/ground_rb_like_preset.gdc[39m[0m
[  70% ] [90m[1msavepack[22m | 正在保存文件：res://scripts/battle/match_director.gdc[39m[0m
[  70% ] [90m[1msavepack[22m | 正在保存文件：res://scripts/battle/match_rule_preset.gdc[39m[0m
[  70% ] [90m[1msavepack[22m | 正在保存文件：res://scripts/battle/observation_policy.gdc[39m[0m
[  70% ] [90m[1msavepack[22m | 正在保存文件：res://scripts/battle/respawn_service.gdc[39m[0m
[  70% ] [90m[1msavepack[22m | 正在保存文件：res://scripts/battle/rule_version_interpreter.gdc[39m[0m
[  71% ] [90m[1msavepack[22m | 正在保存文件：res://scripts/battle/simulation_phases.gdc[39m[0m
[  71% ] [90m[1msavepack[22m | 正在保存文件：res://scripts/battle/simulation_snapshot.gdc[39m[0m
[  71% ] [90m[1msavepack[22m | 正在保存文件：res://scripts/battle/sortie_service.gdc[39m[0m
[  71% ] [90m[1msavepack[22m | 正在保存文件：res://scripts/battle/support_actions.gdc[39m[0m
[  71% ] [90m[1msavepack[22m | 正在保存文件：res://scripts/battle/team_arena.gdc[39m[0m
[  71% ] [90m[1msavepack[22m | 正在保存文件：res://scripts/battle/team_coordinator.gdc[39m[0m
[  71% ] [90m[1msavepack[22m | 正在保存文件：res://scripts/battle/team_match_director.gdc[39m[0m
[  72% ] [90m[1msavepack[22m | 正在保存文件：res://scripts/battle/team_match_state.gdc[39m[0m
[  72% ] [90m[1msavepack[22m | 正在保存文件：res://scripts/battle/team_range.gdc[39m[0m
[  72% ] [90m[1msavepack[22m | 正在保存文件：res://scripts/battle/ticket_ledger.gdc[39m[0m
[  72% ] [90m[1msavepack[22m | 正在保存文件：res://scripts/battle/vehicle_simulation_driver.gdc[39m[0m
[  72% ] [90m[1msavepack[22m | 正在保存文件：res://scripts/challenges/challenge_battle_ui.gdc[39m[0m
[  72% ] [90m[1msavepack[22m | 正在保存文件：res://scripts/challenges/challenge_catalog.gdc[39m[0m
[  73% ] [90m[1msavepack[22m | 正在保存文件：res://scripts/challenges/challenge_director.gdc[39m[0m
[  73% ] [90m[1msavepack[22m | 正在保存文件：res://scripts/challenges/challenge_progression.gdc[39m[0m
[  73% ] [90m[1msavepack[22m | 正在保存文件：res://scripts/challenges/challenge_range.gdc[39m[0m
[  73% ] [90m[1msavepack[22m | 正在保存文件：res://scripts/challenges/challenge_score.gdc[39m[0m
[  73% ] [90m[1msavepack[22m | 正在保存文件：res://scripts/challenges/challenge_selection.gdc[39m[0m
[  73% ] [90m[1msavepack[22m | 正在保存文件：res://scripts/content/asset_registry_audit.gdc[39m[0m
[  73% ] [90m[1msavepack[22m | 正在保存文件：res://scripts/content/bound_vehicle_model.gdc[39m[0m
[  74% ] [90m[1msavepack[22m | 正在保存文件：res://scripts/content/historical_evidence_gate.gdc[39m[0m
[  74% ] [90m[1msavepack[22m | 正在保存文件：res://scripts/content/historical_shell_catalog.gdc[39m[0m
[  74% ] [90m[1msavepack[22m | 正在保存文件：res://scripts/content/historical_vehicle_geometry.gdc[39m[0m
[  74% ] [90m[1msavepack[22m | 正在保存文件：res://scripts/content/historical_vehicle_model.gdc[39m[0m
[  74% ] [90m[1msavepack[22m | 正在保存文件：res://scripts/content/model_anchor_reader.gdc[39m[0m
[  74% ] [90m[1msavepack[22m | 正在保存文件：res://scripts/content/model_binding_probe.gdc[39m[0m
[  74% ] [90m[1msavepack[22m | 正在保存文件：res://scripts/content/model_binding_validator.gdc[39m[0m
[  75% ] [90m[1msavepack[22m | 正在保存文件：res://scripts/content/modern_equipment.gdc[39m[0m
[  75% ] [90m[1msavepack[22m | 正在保存文件：res://scripts/content/modern_model_mount_adapter.gdc[39m[0m
[  75% ] [90m[1msavepack[22m | 正在保存文件：res://scripts/content/modern_sample.gdc[39m[0m
[  75% ] [90m[1msavepack[22m | 正在保存文件：res://scripts/content/reference_evidence_gate.gdc[39m[0m
[  75% ] [90m[1msavepack[22m | 正在保存文件：res://scripts/content/research_model_interfaces.gdc[39m[0m
[  75% ] [90m[1msavepack[22m | 正在保存文件：res://scripts/content/research_reference_profiles.gdc[39m[0m
[  76% ] [90m[1msavepack[22m | 正在保存文件：res://scripts/content/role_mapping.gdc[39m[0m
[  76% ] [90m[1msavepack[22m | 正在保存文件：res://scripts/content/role_mapping_audit.gdc[39m[0m
[  76% ] [90m[1msavepack[22m | 正在保存文件：res://scripts/content/tech_segment.gdc[39m[0m
[  76% ] [90m[1msavepack[22m | 正在保存文件：res://scripts/content/variant_compatibility.gdc[39m[0m
[  76% ] [90m[1msavepack[22m | 正在保存文件：res://scripts/content/vehicle_armor_layers.gdc[39m[0m
[  76% ] [90m[1msavepack[22m | 正在保存文件：res://scripts/content/vehicle_catalog.gdc[39m[0m
[  76% ] [90m[1msavepack[22m | 正在保存文件：res://scripts/content/vehicle_content_pipeline.gdc[39m[0m
[  77% ] [90m[1msavepack[22m | 正在保存文件：res://scripts/content/vehicle_content_record.gdc[39m[0m
[  77% ] [90m[1msavepack[22m | 正在保存文件：res://scripts/content/vehicle_equipment_profiles.gdc[39m[0m
[  77% ] [90m[1msavepack[22m | 正在保存文件：res://scripts/content/vehicle_readiness.gdc[39m[0m
[  77% ] [90m[1msavepack[22m | 正在保存文件：res://scripts/content/vehicle_shell_catalog.gdc[39m[0m
[  77% ] [90m[1msavepack[22m | 正在保存文件：res://scripts/core/acceptance_checklist.gdc[39m[0m
[  77% ] [90m[1msavepack[22m | 正在保存文件：res://scripts/core/app_flow.gdc[39m[0m
[  78% ] [90m[1msavepack[22m | 正在保存文件：res://scripts/core/app_scene_loader.gdc[39m[0m
[  78% ] [90m[1msavepack[22m | 正在保存文件：res://scripts/core/build_identity.gdc[39m[0m
[  78% ] [90m[1msavepack[22m | 正在保存文件：res://scripts/core/core_range.gdc[39m[0m
[  78% ] [90m[1msavepack[22m | 正在保存文件：res://scripts/core/core_ui.gdc[39m[0m
[  78% ] [90m[1msavepack[22m | 正在保存文件：res://scripts/core/core_vehicle_visual.gdc[39m[0m
[  78% ] [90m[1msavepack[22m | 正在保存文件：res://scripts/core/garage_shell.gdc[39m[0m
[  78% ] [90m[1msavepack[22m | 正在保存文件：res://scripts/core/m4_engineering_profile.gdc[39m[0m
[  79% ] [90m[1msavepack[22m | 正在保存文件：res://scripts/core/m4_low_poly_details.gdc[39m[0m
[  79% ] [90m[1msavepack[22m | 正在保存文件：res://scripts/core/m4_track_motion.gdc[39m[0m
[  79% ] [90m[1msavepack[22m | 正在保存文件：res://scripts/core/model_showroom.gdc[39m[0m
[  79% ] [90m[1msavepack[22m | 正在保存文件：res://scripts/core/shot_explanation.gdc[39m[0m
[  79% ] [90m[1msavepack[22m | 正在保存文件：res://scripts/core/training_director.gdc[39m[0m
[  79% ] [90m[1msavepack[22m | 正在保存文件：res://scripts/core/training_loadout.gdc[39m[0m
[  80% ] [90m[1msavepack[22m | 正在保存文件：res://scripts/core/tutorial_catalog.gdc[39m[0m
[  80% ] [90m[1msavepack[22m | 正在保存文件：res://scripts/core/tutorial_guide.gdc[39m[0m
[  80% ] [90m[1msavepack[22m | 正在保存文件：res://scripts/damage/ammo_compartment_profile.gdc[39m[0m
[  80% ] [90m[1msavepack[22m | 正在保存文件：res://scripts/damage/ammo_inventory.gdc[39m[0m
[  80% ] [90m[1msavepack[22m | 正在保存文件：res://scripts/damage/ammo_reaction_profile.gdc[39m[0m
[  80% ] [90m[1msavepack[22m | 正在保存文件：res://scripts/damage/ammunition_supply.gdc[39m[0m
[  80% ] [90m[1msavepack[22m | 正在保存文件：res://scripts/damage/crew_damage_profile.gdc[39m[0m
[  81% ] [90m[1msavepack[22m | 正在保存文件：res://scripts/damage/crew_roster.gdc[39m[0m
[  81% ] [90m[1msavepack[22m | 正在保存文件：res://scripts/damage/damage_resolver.gdc[39m[0m
[  81% ] [90m[1msavepack[22m | 正在保存文件：res://scripts/damage/loading_mechanism.gdc[39m[0m
[  81% ] [90m[1msavepack[22m | 正在保存文件：res://scripts/damage/loading_rules.gdc[39m[0m
[  81% ] [90m[1msavepack[22m | 正在保存文件：res://scripts/damage/module_response_profile.gdc[39m[0m
[  81% ] [90m[1msavepack[22m | 正在保存文件：res://scripts/damage/recovery_rules.gdc[39m[0m
[  82% ] [90m[1msavepack[22m | 正在保存文件：res://scripts/damage/recovery_visuals.gdc[39m[0m
[  82% ] [90m[1msavepack[22m | 正在保存文件：res://scripts/damage/vehicle_capabilities.gdc[39m[0m
[  82% ] [90m[1msavepack[22m | 正在保存文件：res://scripts/damage/vehicle_recovery.gdc[39m[0m
[  82% ] [90m[1msavepack[22m | 正在保存文件：res://scripts/damage/wreck_registry.gdc[39m[0m
[  82% ] [90m[1msavepack[22m | 正在保存文件：res://scripts/damage/wreck_turret_motion.gdc[39m[0m
[  82% ] [90m[1msavepack[22m | 正在保存文件：res://scripts/defs/aim_intent.gdc[39m[0m
[  82% ] [90m[1msavepack[22m | 正在保存文件：res://scripts/defs/fire_control_profile.gdc[39m[0m
[  83% ] [90m[1msavepack[22m | 正在保存文件：res://scripts/defs/fire_control_state.gdc[39m[0m
[  83% ] [90m[1msavepack[22m | 正在保存文件：res://scripts/defs/loading_profile.gdc[39m[0m
[  83% ] [90m[1msavepack[22m | 正在保存文件：res://scripts/defs/optics_profile.gdc[39m[0m
[  83% ] [90m[1msavepack[22m | 正在保存文件：res://scripts/defs/shell_definition.gdc[39m[0m
[  83% ] [90m[1msavepack[22m | 正在保存文件：res://scripts/defs/vehicle_command.gdc[39m[0m
[  83% ] [90m[1msavepack[22m | 正在保存文件：res://scripts/defs/vehicle_command_codec.gdc[39m[0m
[  84% ] [90m[1msavepack[22m | 正在保存文件：res://scripts/defs/vehicle_definition.gdc[39m[0m
[  84% ] [90m[1msavepack[22m | 正在保存文件：res://scripts/defs/vehicle_defs.gdc[39m[0m
[  84% ] [90m[1msavepack[22m | 正在保存文件：res://scripts/defs/vehicle_runtime_state.gdc[39m[0m
[  84% ] [90m[1msavepack[22m | 正在保存文件：res://scripts/defs/weapon_definition.gdc[39m[0m
[  84% ] [90m[1msavepack[22m | 正在保存文件：res://scripts/diagnostics/installation_verifier.gdc[39m[0m
[  84% ] [90m[1msavepack[22m | 正在保存文件：res://scripts/diagnostics/match_scenario_runner.gdc[39m[0m
[  84% ] [90m[1msavepack[22m | 正在保存文件：res://scripts/diagnostics/modern_garage_verifier.gdc[39m[0m
[  85% ] [90m[1msavepack[22m | 正在保存文件：res://scripts/diagnostics/modern_life_verifier.gdc[39m[0m
[  85% ] [90m[1msavepack[22m | 正在保存文件：res://scripts/diagnostics/modern_match_verifier.gdc[39m[0m
[  85% ] [90m[1msavepack[22m | 正在保存文件：res://scripts/diagnostics/performance_verifier.gdc[39m[0m
[  85% ] [90m[1msavepack[22m | 正在保存文件：res://scripts/diagnostics/player_flow_verifier.gdc[39m[0m
[  85% ] [90m[1msavepack[22m | 正在保存文件：res://scripts/diagnostics/telemetry_snapshot.gdc[39m[0m
[  85% ] [90m[1msavepack[22m | 正在保存文件：res://scripts/diagnostics/window_input_driver.gdc[39m[0m
[  86% ] [90m[1msavepack[22m | 正在保存文件：res://scripts/drive/chassis_response.gdc[39m[0m
[  86% ] [90m[1msavepack[22m | 正在保存文件：res://scripts/drive/drive_powertrain.gdc[39m[0m
[  86% ] [90m[1msavepack[22m | 正在保存文件：res://scripts/drive/drive_profile.gdc[39m[0m
[  86% ] [90m[1msavepack[22m | 正在保存文件：res://scripts/drive/drive_surface.gdc[39m[0m
[  86% ] [90m[1msavepack[22m | 正在保存文件：res://scripts/drive/ground_probe.gdc[39m[0m
[  86% ] [90m[1msavepack[22m | 正在保存文件：res://scripts/drive/landing_response.gdc[39m[0m
[  86% ] [90m[1msavepack[22m | 正在保存文件：res://scripts/drive/suspension_response.gdc[39m[0m
[  87% ] [90m[1msavepack[22m | 正在保存文件：res://scripts/drive/terrain_fixtures.gdc[39m[0m
[  87% ] [90m[1msavepack[22m | 正在保存文件：res://scripts/drive/track_assembly.gdc[39m[0m
[  87% ] [90m[1msavepack[22m | 正在保存文件：res://scripts/drive/track_drive.gdc[39m[0m
[  87% ] [90m[1msavepack[22m | 正在保存文件：res://scripts/drive/turret_mechanism_state.gdc[39m[0m
[  87% ] [90m[1msavepack[22m | 正在保存文件：res://scripts/drive/vehicle_frame_pose.gdc[39m[0m
[  87% ] [90m[1msavepack[22m | 正在保存文件：res://scripts/drive/vehicle_pose.gdc[39m[0m
[  87% ] [90m[1msavepack[22m | 正在保存文件：res://scripts/feedback/audio_pool.gdc[39m[0m
[  88% ] [90m[1msavepack[22m | 正在保存文件：res://scripts/feedback/combat_feedback.gdc[39m[0m
[  88% ] [90m[1msavepack[22m | 正在保存文件：res://scripts/feedback/combat_subtitles.gdc[39m[0m
[  88% ] [90m[1msavepack[22m | 正在保存文件：res://scripts/feedback/fx_pool.gdc[39m[0m
[  88% ] [90m[1msavepack[22m | 正在保存文件：res://scripts/garage/garage_preparation.gdc[39m[0m
[  88% ] [90m[1msavepack[22m | 正在保存文件：res://scripts/garage/garage_service.gdc[39m[0m
[  88% ] [90m[1msavepack[22m | 正在保存文件：res://scripts/garage/lineup.gdc[39m[0m
[  89% ] [90m[1msavepack[22m | 正在保存文件：res://scripts/garage/match_config.gdc[39m[0m
[  89% ] [90m[1msavepack[22m | 正在保存文件：res://scripts/garage/profile_store.gdc[39m[0m
[  89% ] [90m[1msavepack[22m | 正在保存文件：res://scripts/garage/progression_service.gdc[39m[0m
[  89% ] [90m[1msavepack[22m | 正在保存文件：res://scripts/garage/research_graph.gdc[39m[0m
[  89% ] [90m[1msavepack[22m | 正在保存文件：res://scripts/inspection/preview_camera_math.gdc[39m[0m
[  89% ] [90m[1msavepack[22m | 正在保存文件：res://scripts/inspection/query_debug_panel.gdc[39m[0m
[  89% ] [90m[1msavepack[22m | 正在保存文件：res://scripts/inspection/vehicle_inspector.gdc[39m[0m
[  90% ] [90m[1msavepack[22m | 正在保存文件：res://scripts/inspection/vehicle_preview_model.gdc[39m[0m
[  90% ] [90m[1msavepack[22m | 正在保存文件：res://scripts/layout/armor_patch_definition.gdc[39m[0m
[  90% ] [90m[1msavepack[22m | 正在保存文件：res://scripts/layout/armor_patch_mesh.gdc[39m[0m
[  90% ] [90m[1msavepack[22m | 正在保存文件：res://scripts/layout/crew_station_definition.gdc[39m[0m
[  90% ] [90m[1msavepack[22m | 正在保存文件：res://scripts/layout/layout_catalog.gdc[39m[0m
[  90% ] [90m[1msavepack[22m | 正在保存文件：res://scripts/layout/layout_math.gdc[39m[0m
[  91% ] [90m[1msavepack[22m | 正在保存文件：res://scripts/layout/layout_part_definition.gdc[39m[0m
[  91% ] [90m[1msavepack[22m | 正在保存文件：res://scripts/layout/layout_validator.gdc[39m[0m
[  91% ] [90m[1msavepack[22m | 正在保存文件：res://scripts/layout/module_volume_definition.gdc[39m[0m
[  91% ] [90m[1msavepack[22m | 正在保存文件：res://scripts/layout/vehicle_layout_definition.gdc[39m[0m
[  91% ] [90m[1msavepack[22m | 正在保存文件：res://scripts/maps/industrial_definition.gdc[39m[0m
[  91% ] [90m[1msavepack[22m | 正在保存文件：res://scripts/maps/industrial_range.gdc[39m[0m
[  91% ] [90m[1msavepack[22m | 正在保存文件：res://scripts/maps/industrial_world.gdc[39m[0m
[  92% ] [90m[1msavepack[22m | 正在保存文件：res://scripts/maps/map_definition.gdc[39m[0m
[  92% ] [90m[1msavepack[22m | 正在保存文件：res://scripts/maps/map_registry.gdc[39m[0m
[  92% ] [90m[1msavepack[22m | 正在保存文件：res://scripts/maps/navigation_bake_pipeline.gdc[39m[0m
[  92% ] [90m[1msavepack[22m | 正在保存文件：res://scripts/maps/river_capture_markers.gdc[39m[0m
[  92% ] [90m[1msavepack[22m | 正在保存文件：res://scripts/maps/river_junction_definition.gdc[39m[0m
[  92% ] [90m[1msavepack[22m | 正在保存文件：res://scripts/maps/river_junction_navigation.gdc[39m[0m
[  93% ] [90m[1msavepack[22m | 正在保存文件：res://scripts/maps/river_junction_range.gdc[39m[0m
[  93% ] [90m[1msavepack[22m | 正在保存文件：res://scripts/maps/river_junction_world.gdc[39m[0m
[  93% ] [90m[1msavepack[22m | 正在保存文件：res://scripts/maps/river_team_definition.gdc[39m[0m
[  93% ] [90m[1msavepack[22m | 正在保存文件：res://scripts/maps/river_team_range.gdc[39m[0m
[  93% ] [90m[1msavepack[22m | 正在保存文件：res://scripts/maps/spawn_selector.gdc[39m[0m
[  93% ] [90m[1msavepack[22m | 正在保存文件：res://scripts/maps/village_definition.gdc[39m[0m
[  93% ] [90m[1msavepack[22m | 正在保存文件：res://scripts/maps/village_range.gdc[39m[0m
[  94% ] [90m[1msavepack[22m | 正在保存文件：res://scripts/maps/village_world.gdc[39m[0m
[  94% ] [90m[1msavepack[22m | 正在保存文件：res://scripts/maps/world_collision_rules.gdc[39m[0m
[  94% ] [90m[1msavepack[22m | 正在保存文件：res://scripts/network/client_main.gdc[39m[0m
[  94% ] [90m[1msavepack[22m | 正在保存文件：res://scripts/network/network_authority_contract.gdc[39m[0m
[  94% ] [90m[1msavepack[22m | 正在保存文件：res://scripts/network/network_battle_client.gdc[39m[0m
[  94% ] [90m[1msavepack[22m | 正在保存文件：res://scripts/network/network_battle_server.gdc[39m[0m
[  95% ] [90m[1msavepack[22m | 正在保存文件：res://scripts/network/network_battle_world.gdc[39m[0m
[  95% ] [90m[1msavepack[22m | 正在保存文件：res://scripts/network/network_client_view.gdc[39m[0m
[  95% ] [90m[1msavepack[22m | 正在保存文件：res://scripts/network/network_controller.gdc[39m[0m
[  95% ] [90m[1msavepack[22m | 正在保存文件：res://scripts/network/network_event_journal.gdc[39m[0m
[  95% ] [90m[1msavepack[22m | 正在保存文件：res://scripts/network/network_fault_injector.gdc[39m[0m
[  95% ] [90m[1msavepack[22m | 正在保存文件：res://scripts/network/network_identity_policy.gdc[39m[0m
[  95% ] [90m[1msavepack[22m | 正在保存文件：res://scripts/network/network_pose_buffer.gdc[39m[0m
[  96% ] [90m[1msavepack[22m | 正在保存文件：res://scripts/network/network_result_receipt.gdc[39m[0m
[  96% ] [90m[1msavepack[22m | 正在保存文件：res://scripts/network/network_room_service.gdc[39m[0m
[  96% ] [90m[1msavepack[22m | 正在保存文件：res://scripts/network/network_time_model.gdc[39m[0m
[  96% ] [90m[1msavepack[22m | 正在保存文件：res://scripts/network/server_main.gdc[39m[0m
[  96% ] [90m[1msavepack[22m | 正在保存文件：res://scripts/projectiles/ballistics_profile.gdc[39m[0m
[  96% ] [90m[1msavepack[22m | 正在保存文件：res://scripts/projectiles/ballistic_intercept.gdc[39m[0m
[  97% ] [90m[1msavepack[22m | 正在保存文件：res://scripts/projectiles/ballistic_math.gdc[39m[0m
[  97% ] [90m[1msavepack[22m | 正在保存文件：res://scripts/projectiles/chemical_jet_system.gdc[39m[0m
[  97% ] [90m[1msavepack[22m | 正在保存文件：res://scripts/projectiles/chemical_profile.gdc[39m[0m
[  97% ] [90m[1msavepack[22m | 正在保存文件：res://scripts/projectiles/fragment_system.gdc[39m[0m
[  97% ] [90m[1msavepack[22m | 正在保存文件：res://scripts/projectiles/projectile_manager.gdc[39m[0m
[  97% ] [90m[1msavepack[22m | 正在保存文件：res://scripts/projectiles/projectile_shape_profile.gdc[39m[0m
[  97% ] [90m[1msavepack[22m | 正在保存文件：res://scripts/projectiles/projectile_state.gdc[39m[0m
[  98% ] [90m[1msavepack[22m | 正在保存文件：res://scripts/projectiles/projectile_visuals.gdc[39m[0m
[  98% ] [90m[1msavepack[22m | 正在保存文件：res://scripts/projectiles/shell_effect_policy.gdc[39m[0m
[  98% ] [90m[1msavepack[22m | 正在保存文件：res://scripts/projectiles/shell_fuze.gdc[39m[0m
[  98% ] [90m[1msavepack[22m | 正在保存文件：res://scripts/projectiles/sight_ballistics.gdc[39m[0m
[  98% ] [90m[1msavepack[22m | 正在保存文件：res://scripts/projectiles/spall_profile.gdc[39m[0m
[  98% ] [90m[1msavepack[22m | 正在保存文件：res://scripts/projectiles/translation_sweep.gdc[39m[0m
[  98% ] [90m[1msavepack[22m | 正在保存文件：res://assets/draft_layouts/35t_draft.tres.remap[39m[0m
[  98% ] [90m[1msavepack[22m | 正在保存文件：res://assets/draft_layouts/KPz70_draft.tres.remap[39m[0m
[  98% ] [90m[1msavepack[22m | 正在保存文件：res://assets/draft_layouts/M48_draft.tres.remap[39m[0m
[  98% ] [90m[1msavepack[22m | 正在保存文件：res://configs/drive/m4a3_design.tres.remap[39m[0m
[  98% ] [90m[1msavepack[22m | 正在保存文件：res://configs/drive/m24_design.tres.remap[39m[0m
[  98% ] [90m[1msavepack[22m | 正在保存文件：res://configs/layouts/test_armor_panels.tres.remap[39m[0m
[  98% ] [90m[1msavepack[22m | 正在保存文件：res://configs/layouts/test_closed_hull.tres.remap[39m[0m
[  98% ] [90m[1msavepack[22m | 正在保存文件：res://configs/layouts/test_player_vehicle_layout.tres.remap[39m[0m
[  98% ] [90m[1msavepack[22m | 正在保存文件：res://configs/layouts/test_query_vehicle.tres.remap[39m[0m
[  98% ] [90m[1msavepack[22m | 正在保存文件：res://configs/layouts/us_m4a3_75w_vvss_1944.tres.remap[39m[0m
[  98% ] [90m[1msavepack[22m | 正在保存文件：res://configs/optics/m4a3_design.tres.remap[39m[0m
[  98% ] [90m[1msavepack[22m | 正在保存文件：res://configs/optics/m24_design.tres.remap[39m[0m
[  98% ] [90m[1msavepack[22m | 正在保存文件：res://configs/ap_75_shell.tres.remap[39m[0m
[  98% ] [90m[1msavepack[22m | 正在保存文件：res://configs/player_tank_vehicle.tres.remap[39m[0m
[  98% ] [90m[1msavepack[22m | 正在保存文件：res://configs/player_tank_weapon.tres.remap[39m[0m
[  98% ] [90m[1msavepack[22m | 正在保存文件：res://scripts/ui/accessibility_settings.gd.remap[39m[0m
[  98% ] [90m[1msavepack[22m | 正在保存文件：res://scripts/ui/battle_ui.gd.remap[39m[0m
[  98% ] [90m[1msavepack[22m | 正在保存文件：res://scripts/ui/display_settings.gd.remap[39m[0m
[  98% ] [90m[1msavepack[22m | 正在保存文件：res://scripts/ui/garage_frontend.gd.remap[39m[0m
[  98% ] [90m[1msavepack[22m | 正在保存文件：res://scripts/ui/garage_theme.gd.remap[39m[0m
[  98% ] [90m[1msavepack[22m | 正在保存文件：res://scripts/ui/hud_presenter.gd.remap[39m[0m
[  98% ] [90m[1msavepack[22m | 正在保存文件：res://scripts/ui/input_binding_service.gd.remap[39m[0m
[  98% ] [90m[1msavepack[22m | 正在保存文件：res://scripts/ui/input_focus_router.gd.remap[39m[0m
[  98% ] [90m[1msavepack[22m | 正在保存文件：res://scripts/ui/input_settings_panel.gd.remap[39m[0m
[  98% ] [90m[1msavepack[22m | 正在保存文件：res://scripts/ui/localization_service.gd.remap[39m[0m
[  98% ] [90m[1msavepack[22m | 正在保存文件：res://scripts/ui/minimap_presenter.gd.remap[39m[0m
[  98% ] [90m[1msavepack[22m | 正在保存文件：res://scripts/ui/modal_navigation.gd.remap[39m[0m
[  98% ] [90m[1msavepack[22m | 正在保存文件：res://scripts/ui/research_model_view.gd.remap[39m[0m
[  98% ] [90m[1msavepack[22m | 正在保存文件：res://scripts/ui/research_trial_drive.gd.remap[39m[0m
[  98% ] [90m[1msavepack[22m | 正在保存文件：res://scripts/ui/river_junction_atlas.gd.remap[39m[0m
[  98% ] [90m[1msavepack[22m | 正在保存文件：res://scripts/ui/river_junction_survey.gd.remap[39m[0m
[  98% ] [90m[1msavepack[22m | 正在保存文件：res://scripts/ui/river_objective_hud.gd.remap[39m[0m
[  98% ] [90m[1msavepack[22m | 正在保存文件：res://scripts/ui/sight_graduations.gd.remap[39m[0m
[  98% ] [90m[1msavepack[22m | 正在保存文件：res://scripts/ui/vehicle_damage_diagram.gd.remap[39m[0m
[  98% ] [90m[1msavepack[22m | 正在保存文件：res://scripts/ui/vehicle_damage_view.gd.remap[39m[0m
[  98% ] [90m[1msavepack[22m | 正在保存文件：res://scripts/ui/vehicle_research_tree.gd.remap[39m[0m
[  98% ] [90m[1msavepack[22m | 正在保存文件：res://scripts/camera_rig.gd.remap[39m[0m
[  98% ] [90m[1msavepack[22m | 正在保存文件：res://scripts/command_mailbox.gd.remap[39m[0m
[  98% ] [90m[1msavepack[22m | 正在保存文件：res://scripts/game_config.gd.remap[39m[0m
[  98% ] [90m[1msavepack[22m | 正在保存文件：res://scripts/gunner.gd.remap[39m[0m
[  98% ] [90m[1msavepack[22m | 正在保存文件：res://scripts/hud.gd.remap[39m[0m
[  98% ] [90m[1msavepack[22m | 正在保存文件：res://scripts/main.gd.remap[39m[0m
[  98% ] [90m[1msavepack[22m | 正在保存文件：res://scripts/player_controller.gd.remap[39m[0m
[  98% ] [90m[1msavepack[22m | 正在保存文件：res://scripts/tank.gd.remap[39m[0m
[  98% ] [90m[1msavepack[22m | 正在保存文件：res://scripts/target_board.gd.remap[39m[0m
[  98% ] [90m[1msavepack[22m | 正在保存文件：res://scripts/trial_hit_gate.gd.remap[39m[0m
[  98% ] [90m[1msavepack[22m | 正在保存文件：res://scripts/turret_rig.gd.remap[39m[0m
[  98% ] [90m[1msavepack[22m | 正在保存文件：res://scripts/vehicle_actor.gd.remap[39m[0m
[  98% ] [90m[1msavepack[22m | 正在保存文件：res://scripts/world_builder.gd.remap[39m[0m
[  98% ] [90m[1msavepack[22m | 正在保存文件：res://scripts/replay/replay_controller.gd.remap[39m[0m
[  98% ] [90m[1msavepack[22m | 正在保存文件：res://scripts/replay/reactive_armor_record_validator.gd.remap[39m[0m
[  98% ] [90m[1msavepack[22m | 正在保存文件：res://scripts/replay/chemical_record_validator.gd.remap[39m[0m
[  98% ] [90m[1msavepack[22m | 正在保存文件：res://scripts/query/world_query_adapter.gd.remap[39m[0m
[  98% ] [90m[1msavepack[22m | 正在保存文件：res://scripts/query/shot_query_service.gd.remap[39m[0m
[  98% ] [90m[1msavepack[22m | 正在保存文件：res://scripts/ui/app_dialog.gd.remap[39m[0m
[  98% ] [90m[1msavepack[22m | 正在保存文件：res://scripts/ui/battle_hud.gd.remap[39m[0m
[  98% ] [90m[1msavepack[22m | 正在保存文件：res://scripts/ui/battle_intel.gd.remap[39m[0m
[  98% ] [90m[1msavepack[22m | 正在保存文件：res://scripts/replay/spall_record_validator.gd.remap[39m[0m
[  98% ] [90m[1msavepack[22m | 正在保存文件：res://scripts/training/ai_combat_range.gd.remap[39m[0m
[  98% ] [90m[1msavepack[22m | 正在保存文件：res://scripts/training/ai_drive_range.gd.remap[39m[0m
[  98% ] [90m[1msavepack[22m | 正在保存文件：res://scripts/training/armor_range.gd.remap[39m[0m
[  98% ] [90m[1msavepack[22m | 正在保存文件：res://scripts/training/armor_training_targets.gd.remap[39m[0m
[  98% ] [90m[1msavepack[22m | 正在保存文件：res://scripts/training/ballistics_range.gd.remap[39m[0m
[  98% ] [90m[1msavepack[22m | 正在保存文件：res://scripts/training/damage_range.gd.remap[39m[0m
[  98% ] [90m[1msavepack[22m | 正在保存文件：res://scripts/training/damage_training_layout.gd.remap[39m[0m
[  98% ] [90m[1msavepack[22m | 正在保存文件：res://scripts/training/recovery_range.gd.remap[39m[0m
[  98% ] [90m[1msavepack[22m | 正在保存文件：res://scripts/replay/replay_view.gd.remap[39m[0m
[  98% ] [90m[1msavepack[22m | 正在保存文件：res://scripts/replay/shot_record_builder.gd.remap[39m[0m
[  98% ] [90m[1msavepack[22m | 正在保存文件：res://scripts/replay/shot_record_codec.gd.remap[39m[0m
[  98% ] [90m[1msavepack[22m | 正在保存文件：res://scripts/replay/shot_record_store.gd.remap[39m[0m
[  98% ] [90m[1msavepack[22m | 正在保存文件：res://scripts/training/shell_range.gd.remap[39m[0m
[  98% ] [90m[1msavepack[22m | 正在保存文件：res://scripts/training/shell_training_targets.gd.remap[39m[0m
[  98% ] [90m[1msavepack[22m | 正在保存文件：res://scripts/training/terrain_range.gd.remap[39m[0m
[  98% ] [90m[1msavepack[22m | 正在保存文件：res://scripts/query/query_snapshot_builder.gd.remap[39m[0m
[  98% ] [90m[1msavepack[22m | 正在保存文件：res://scripts/query/query_geometry.gd.remap[39m[0m
[  98% ] [90m[1msavepack[22m | 正在保存文件：res://scripts/query/external_contact_selector.gd.remap[39m[0m
[  98% ] [90m[1msavepack[22m | 正在保存文件：res://scenes/battle/duel_range.tscn.remap[39m[0m
[  98% ] [90m[1msavepack[22m | 正在保存文件：res://scenes/battle/team_range.tscn.remap[39m[0m
[  98% ] [90m[1msavepack[22m | 正在保存文件：res://scenes/inspection/vehicle_inspector.tscn.remap[39m[0m
[  98% ] [90m[1msavepack[22m | 正在保存文件：res://scenes/maps/map_hill_village.tscn.remap[39m[0m
[  98% ] [90m[1msavepack[22m | 正在保存文件：res://scenes/maps/map_industrial_edge.tscn.remap[39m[0m
[  98% ] [90m[1msavepack[22m | 正在保存文件：res://scenes/maps/map_river_team.tscn.remap[39m[0m
[  98% ] [90m[1msavepack[22m | 正在保存文件：res://scenes/maps/river_junction_range.tscn.remap[39m[0m
[  98% ] [90m[1msavepack[22m | 正在保存文件：res://scenes/maps/river_junction_survey.tscn.remap[39m[0m
[  98% ] [90m[1msavepack[22m | 正在保存文件：res://scenes/training/ai_combat_range.tscn.remap[39m[0m
[  98% ] [90m[1msavepack[22m | 正在保存文件：res://scenes/training/ai_drive_range.tscn.remap[39m[0m
[  98% ] [90m[1msavepack[22m | 正在保存文件：res://scenes/training/armor_range.tscn.remap[39m[0m
[  98% ] [90m[1msavepack[22m | 正在保存文件：res://scenes/training/ballistics_range.tscn.remap[39m[0m
[  98% ] [90m[1msavepack[22m | 正在保存文件：res://scenes/training/damage_range.tscn.remap[39m[0m
[  98% ] [90m[1msavepack[22m | 正在保存文件：res://scenes/training/recovery_range.tscn.remap[39m[0m
[  98% ] [90m[1msavepack[22m | 正在保存文件：res://scenes/training/shell_range.tscn.remap[39m[0m
[  98% ] [90m[1msavepack[22m | 正在保存文件：res://scenes/training/terrain_range.tscn.remap[39m[0m
[  98% ] [90m[1msavepack[22m | 正在保存文件：res://scenes/app.tscn.remap[39m[0m
[  98% ] [90m[1msavepack[22m | 正在保存文件：res://scenes/main.tscn.remap[39m[0m
[  98% ] [90m[1msavepack[22m | 正在保存文件：res://scenes/tank.tscn.remap[39m[0m
[  98% ] [90m[1msavepack[22m | 正在保存文件：res://scripts/ai/aim_solver.gd.remap[39m[0m
[  98% ] [90m[1msavepack[22m | 正在保存文件：res://scripts/ai/ai_difficulty.gd.remap[39m[0m
[  98% ] [90m[1msavepack[22m | 正在保存文件：res://scripts/ai/ai_path_driver.gd.remap[39m[0m
[  98% ] [90m[1msavepack[22m | 正在保存文件：res://scripts/ai/ai_perception.gd.remap[39m[0m
[  98% ] [90m[1msavepack[22m | 正在保存文件：res://scripts/ai/ai_role_allocator.gd.remap[39m[0m
[  98% ] [90m[1msavepack[22m | 正在保存文件：res://scripts/ai/ai_tank_controller.gd.remap[39m[0m
[  98% ] [90m[1msavepack[22m | 正在保存文件：res://scripts/ai/drive_navigator.gd.remap[39m[0m
[  98% ] [90m[1msavepack[22m | 正在保存文件：res://scripts/ai/stuck_detector.gd.remap[39m[0m
[  98% ] [90m[1msavepack[22m | 正在保存文件：res://scripts/ai/traffic_telemetry.gd.remap[39m[0m
[  98% ] [90m[1msavepack[22m | 正在保存文件：res://scripts/armor/armor_impact_profile.gd.remap[39m[0m
[  98% ] [90m[1msavepack[22m | 正在保存文件：res://scripts/armor/armor_layer_profile.gd.remap[39m[0m
[  98% ] [90m[1msavepack[22m | 正在保存文件：res://scripts/armor/armor_resolver.gd.remap[39m[0m
[  98% ] [90m[1msavepack[22m | 正在保存文件：res://scripts/armor/penetration_curve.gd.remap[39m[0m
[  98% ] [90m[1msavepack[22m | 正在保存文件：res://scripts/armor/reactive_armor_profile.gd.remap[39m[0m
[  98% ] [90m[1msavepack[22m | 正在保存文件：res://scripts/art/art_palette.gd.remap[39m[0m
[  98% ] [90m[1msavepack[22m | 正在保存文件：res://scripts/art/asset_budget_report.gd.remap[39m[0m
[  98% ] [90m[1msavepack[22m | 正在保存文件：res://scripts/art/asset_manifest_validator.gd.remap[39m[0m
[  98% ] [90m[1msavepack[22m | 正在保存文件：res://scripts/art/destructible_section.gd.remap[39m[0m
[  98% ] [90m[1msavepack[22m | 正在保存文件：res://scripts/art/geometry_overlay.gd.remap[39m[0m
[  98% ] [90m[1msavepack[22m | 正在保存文件：res://scripts/art/historical_track_motion.gd.remap[39m[0m
[  98% ] [90m[1msavepack[22m | 正在保存文件：res://scripts/art/special_structures.gd.remap[39m[0m
[  98% ] [90m[1msavepack[22m | 正在保存文件：res://scripts/art/static_art_batch.gd.remap[39m[0m
[  98% ] [90m[1msavepack[22m | 正在保存文件：res://scripts/art/structure_collapse.gd.remap[39m[0m
[  98% ] [90m[1msavepack[22m | 正在保存文件：res://scripts/art/structure_dust.gd.remap[39m[0m
[  98% ] [90m[1msavepack[22m | 正在保存文件：res://scripts/art/vehicle_atlas.gd.remap[39m[0m
[  98% ] [90m[1msavepack[22m | 正在保存文件：res://scripts/art/world_art_kit.gd.remap[39m[0m
[  98% ] [90m[1msavepack[22m | 正在保存文件：res://scripts/art/world_lighting.gd.remap[39m[0m
[  98% ] [90m[1msavepack[22m | 正在保存文件：res://scripts/art/world_props.gd.remap[39m[0m
[  98% ] [90m[1msavepack[22m | 正在保存文件：res://scripts/battle/battle_objectives.gd.remap[39m[0m
[  98% ] [90m[1msavepack[22m | 正在保存文件：res://scripts/battle/capture_point.gd.remap[39m[0m
[  98% ] [90m[1msavepack[22m | 正在保存文件：res://scripts/battle/capture_point_state.gd.remap[39m[0m
[  98% ] [90m[1msavepack[22m | 正在保存文件：res://scripts/battle/contribution_ledger.gd.remap[39m[0m
[  98% ] [90m[1msavepack[22m | 正在保存文件：res://scripts/battle/duel_range.gd.remap[39m[0m
[  98% ] [90m[1msavepack[22m | 正在保存文件：res://scripts/battle/ground_rb_like_preset.gd.remap[39m[0m
[  98% ] [90m[1msavepack[22m | 正在保存文件：res://scripts/battle/match_director.gd.remap[39m[0m
[  98% ] [90m[1msavepack[22m | 正在保存文件：res://scripts/battle/match_rule_preset.gd.remap[39m[0m
[  98% ] [90m[1msavepack[22m | 正在保存文件：res://scripts/battle/observation_policy.gd.remap[39m[0m
[  98% ] [90m[1msavepack[22m | 正在保存文件：res://scripts/battle/respawn_service.gd.remap[39m[0m
[  98% ] [90m[1msavepack[22m | 正在保存文件：res://scripts/battle/rule_version_interpreter.gd.remap[39m[0m
[  98% ] [90m[1msavepack[22m | 正在保存文件：res://scripts/battle/simulation_phases.gd.remap[39m[0m
[  98% ] [90m[1msavepack[22m | 正在保存文件：res://scripts/battle/simulation_snapshot.gd.remap[39m[0m
[  98% ] [90m[1msavepack[22m | 正在保存文件：res://scripts/battle/sortie_service.gd.remap[39m[0m
[  98% ] [90m[1msavepack[22m | 正在保存文件：res://scripts/battle/support_actions.gd.remap[39m[0m
[  98% ] [90m[1msavepack[22m | 正在保存文件：res://scripts/battle/team_arena.gd.remap[39m[0m
[  98% ] [90m[1msavepack[22m | 正在保存文件：res://scripts/battle/team_coordinator.gd.remap[39m[0m
[  98% ] [90m[1msavepack[22m | 正在保存文件：res://scripts/battle/team_match_director.gd.remap[39m[0m
[  98% ] [90m[1msavepack[22m | 正在保存文件：res://scripts/battle/team_match_state.gd.remap[39m[0m
[  98% ] [90m[1msavepack[22m | 正在保存文件：res://scripts/battle/team_range.gd.remap[39m[0m
[  98% ] [90m[1msavepack[22m | 正在保存文件：res://scripts/battle/ticket_ledger.gd.remap[39m[0m
[  98% ] [90m[1msavepack[22m | 正在保存文件：res://scripts/battle/vehicle_simulation_driver.gd.remap[39m[0m
[  98% ] [90m[1msavepack[22m | 正在保存文件：res://scripts/challenges/challenge_battle_ui.gd.remap[39m[0m
[  98% ] [90m[1msavepack[22m | 正在保存文件：res://scripts/challenges/challenge_catalog.gd.remap[39m[0m
[  98% ] [90m[1msavepack[22m | 正在保存文件：res://scripts/challenges/challenge_director.gd.remap[39m[0m
[  98% ] [90m[1msavepack[22m | 正在保存文件：res://scripts/challenges/challenge_progression.gd.remap[39m[0m
[  98% ] [90m[1msavepack[22m | 正在保存文件：res://scripts/challenges/challenge_range.gd.remap[39m[0m
[  98% ] [90m[1msavepack[22m | 正在保存文件：res://scripts/challenges/challenge_score.gd.remap[39m[0m
[  98% ] [90m[1msavepack[22m | 正在保存文件：res://scripts/challenges/challenge_selection.gd.remap[39m[0m
[  98% ] [90m[1msavepack[22m | 正在保存文件：res://scripts/content/asset_registry_audit.gd.remap[39m[0m
[  98% ] [90m[1msavepack[22m | 正在保存文件：res://scripts/content/bound_vehicle_model.gd.remap[39m[0m
[  98% ] [90m[1msavepack[22m | 正在保存文件：res://scripts/content/historical_evidence_gate.gd.remap[39m[0m
[  98% ] [90m[1msavepack[22m | 正在保存文件：res://scripts/content/historical_shell_catalog.gd.remap[39m[0m
[  98% ] [90m[1msavepack[22m | 正在保存文件：res://scripts/content/historical_vehicle_geometry.gd.remap[39m[0m
[  98% ] [90m[1msavepack[22m | 正在保存文件：res://scripts/content/historical_vehicle_model.gd.remap[39m[0m
[  98% ] [90m[1msavepack[22m | 正在保存文件：res://scripts/content/model_anchor_reader.gd.remap[39m[0m
[  98% ] [90m[1msavepack[22m | 正在保存文件：res://scripts/content/model_binding_probe.gd.remap[39m[0m
[  98% ] [90m[1msavepack[22m | 正在保存文件：res://scripts/content/model_binding_validator.gd.remap[39m[0m
[  98% ] [90m[1msavepack[22m | 正在保存文件：res://scripts/content/modern_equipment.gd.remap[39m[0m
[  98% ] [90m[1msavepack[22m | 正在保存文件：res://scripts/content/modern_model_mount_adapter.gd.remap[39m[0m
[  98% ] [90m[1msavepack[22m | 正在保存文件：res://scripts/content/modern_sample.gd.remap[39m[0m
[  98% ] [90m[1msavepack[22m | 正在保存文件：res://scripts/content/reference_evidence_gate.gd.remap[39m[0m
[  98% ] [90m[1msavepack[22m | 正在保存文件：res://scripts/content/research_model_interfaces.gd.remap[39m[0m
[  98% ] [90m[1msavepack[22m | 正在保存文件：res://scripts/content/research_reference_profiles.gd.remap[39m[0m
[  98% ] [90m[1msavepack[22m | 正在保存文件：res://scripts/content/role_mapping.gd.remap[39m[0m
[  98% ] [90m[1msavepack[22m | 正在保存文件：res://scripts/content/role_mapping_audit.gd.remap[39m[0m
[  98% ] [90m[1msavepack[22m | 正在保存文件：res://scripts/content/tech_segment.gd.remap[39m[0m
[  98% ] [90m[1msavepack[22m | 正在保存文件：res://scripts/content/variant_compatibility.gd.remap[39m[0m
[  98% ] [90m[1msavepack[22m | 正在保存文件：res://scripts/content/vehicle_armor_layers.gd.remap[39m[0m
[  98% ] [90m[1msavepack[22m | 正在保存文件：res://scripts/content/vehicle_catalog.gd.remap[39m[0m
[  98% ] [90m[1msavepack[22m | 正在保存文件：res://scripts/content/vehicle_content_pipeline.gd.remap[39m[0m
[  98% ] [90m[1msavepack[22m | 正在保存文件：res://scripts/content/vehicle_content_record.gd.remap[39m[0m
[  98% ] [90m[1msavepack[22m | 正在保存文件：res://scripts/content/vehicle_equipment_profiles.gd.remap[39m[0m
[  98% ] [90m[1msavepack[22m | 正在保存文件：res://scripts/content/vehicle_readiness.gd.remap[39m[0m
[  98% ] [90m[1msavepack[22m | 正在保存文件：res://scripts/content/vehicle_shell_catalog.gd.remap[39m[0m
[  98% ] [90m[1msavepack[22m | 正在保存文件：res://scripts/core/acceptance_checklist.gd.remap[39m[0m
[  98% ] [90m[1msavepack[22m | 正在保存文件：res://scripts/core/app_flow.gd.remap[39m[0m
[  98% ] [90m[1msavepack[22m | 正在保存文件：res://scripts/core/app_scene_loader.gd.remap[39m[0m
[  98% ] [90m[1msavepack[22m | 正在保存文件：res://scripts/core/build_identity.gd.remap[39m[0m
[  98% ] [90m[1msavepack[22m | 正在保存文件：res://scripts/core/core_range.gd.remap[39m[0m
[  98% ] [90m[1msavepack[22m | 正在保存文件：res://scripts/core/core_ui.gd.remap[39m[0m
[  98% ] [90m[1msavepack[22m | 正在保存文件：res://scripts/core/core_vehicle_visual.gd.remap[39m[0m
[  98% ] [90m[1msavepack[22m | 正在保存文件：res://scripts/core/garage_shell.gd.remap[39m[0m
[  98% ] [90m[1msavepack[22m | 正在保存文件：res://scripts/core/m4_engineering_profile.gd.remap[39m[0m
[  98% ] [90m[1msavepack[22m | 正在保存文件：res://scripts/core/m4_low_poly_details.gd.remap[39m[0m
[  98% ] [90m[1msavepack[22m | 正在保存文件：res://scripts/core/m4_track_motion.gd.remap[39m[0m
[  98% ] [90m[1msavepack[22m | 正在保存文件：res://scripts/core/model_showroom.gd.remap[39m[0m
[  98% ] [90m[1msavepack[22m | 正在保存文件：res://scripts/core/shot_explanation.gd.remap[39m[0m
[  98% ] [90m[1msavepack[22m | 正在保存文件：res://scripts/core/training_director.gd.remap[39m[0m
[  98% ] [90m[1msavepack[22m | 正在保存文件：res://scripts/core/training_loadout.gd.remap[39m[0m
[  98% ] [90m[1msavepack[22m | 正在保存文件：res://scripts/core/tutorial_catalog.gd.remap[39m[0m
[  98% ] [90m[1msavepack[22m | 正在保存文件：res://scripts/core/tutorial_guide.gd.remap[39m[0m
[  98% ] [90m[1msavepack[22m | 正在保存文件：res://scripts/damage/ammo_compartment_profile.gd.remap[39m[0m
[  98% ] [90m[1msavepack[22m | 正在保存文件：res://scripts/damage/ammo_inventory.gd.remap[39m[0m
[  98% ] [90m[1msavepack[22m | 正在保存文件：res://scripts/damage/ammo_reaction_profile.gd.remap[39m[0m
[  98% ] [90m[1msavepack[22m | 正在保存文件：res://scripts/damage/ammunition_supply.gd.remap[39m[0m
[  98% ] [90m[1msavepack[22m | 正在保存文件：res://scripts/damage/crew_damage_profile.gd.remap[39m[0m
[  98% ] [90m[1msavepack[22m | 正在保存文件：res://scripts/damage/crew_roster.gd.remap[39m[0m
[  98% ] [90m[1msavepack[22m | 正在保存文件：res://scripts/damage/damage_resolver.gd.remap[39m[0m
[  98% ] [90m[1msavepack[22m | 正在保存文件：res://scripts/damage/loading_mechanism.gd.remap[39m[0m
[  98% ] [90m[1msavepack[22m | 正在保存文件：res://scripts/damage/loading_rules.gd.remap[39m[0m
[  98% ] [90m[1msavepack[22m | 正在保存文件：res://scripts/damage/module_response_profile.gd.remap[39m[0m
[  98% ] [90m[1msavepack[22m | 正在保存文件：res://scripts/damage/recovery_rules.gd.remap[39m[0m
[  98% ] [90m[1msavepack[22m | 正在保存文件：res://scripts/damage/recovery_visuals.gd.remap[39m[0m
[  98% ] [90m[1msavepack[22m | 正在保存文件：res://scripts/damage/vehicle_capabilities.gd.remap[39m[0m
[  98% ] [90m[1msavepack[22m | 正在保存文件：res://scripts/damage/vehicle_recovery.gd.remap[39m[0m
[  98% ] [90m[1msavepack[22m | 正在保存文件：res://scripts/damage/wreck_registry.gd.remap[39m[0m
[  98% ] [90m[1msavepack[22m | 正在保存文件：res://scripts/damage/wreck_turret_motion.gd.remap[39m[0m
[  98% ] [90m[1msavepack[22m | 正在保存文件：res://scripts/defs/aim_intent.gd.remap[39m[0m
[  98% ] [90m[1msavepack[22m | 正在保存文件：res://scripts/defs/fire_control_profile.gd.remap[39m[0m
[  98% ] [90m[1msavepack[22m | 正在保存文件：res://scripts/defs/fire_control_state.gd.remap[39m[0m
[  98% ] [90m[1msavepack[22m | 正在保存文件：res://scripts/defs/loading_profile.gd.remap[39m[0m
[  98% ] [90m[1msavepack[22m | 正在保存文件：res://scripts/defs/optics_profile.gd.remap[39m[0m
[  98% ] [90m[1msavepack[22m | 正在保存文件：res://scripts/defs/shell_definition.gd.remap[39m[0m
[  98% ] [90m[1msavepack[22m | 正在保存文件：res://scripts/defs/vehicle_command.gd.remap[39m[0m
[  98% ] [90m[1msavepack[22m | 正在保存文件：res://scripts/defs/vehicle_command_codec.gd.remap[39m[0m
[  98% ] [90m[1msavepack[22m | 正在保存文件：res://scripts/defs/vehicle_definition.gd.remap[39m[0m
[  98% ] [90m[1msavepack[22m | 正在保存文件：res://scripts/defs/vehicle_defs.gd.remap[39m[0m
[  98% ] [90m[1msavepack[22m | 正在保存文件：res://scripts/defs/vehicle_runtime_state.gd.remap[39m[0m
[  98% ] [90m[1msavepack[22m | 正在保存文件：res://scripts/defs/weapon_definition.gd.remap[39m[0m
[  98% ] [90m[1msavepack[22m | 正在保存文件：res://scripts/diagnostics/installation_verifier.gd.remap[39m[0m
[  98% ] [90m[1msavepack[22m | 正在保存文件：res://scripts/diagnostics/match_scenario_runner.gd.remap[39m[0m
[  98% ] [90m[1msavepack[22m | 正在保存文件：res://scripts/diagnostics/modern_garage_verifier.gd.remap[39m[0m
[  98% ] [90m[1msavepack[22m | 正在保存文件：res://scripts/diagnostics/modern_life_verifier.gd.remap[39m[0m
[  98% ] [90m[1msavepack[22m | 正在保存文件：res://scripts/diagnostics/modern_match_verifier.gd.remap[39m[0m
[  98% ] [90m[1msavepack[22m | 正在保存文件：res://scripts/diagnostics/performance_verifier.gd.remap[39m[0m
[  98% ] [90m[1msavepack[22m | 正在保存文件：res://scripts/diagnostics/player_flow_verifier.gd.remap[39m[0m
[  98% ] [90m[1msavepack[22m | 正在保存文件：res://scripts/diagnostics/telemetry_snapshot.gd.remap[39m[0m
[  98% ] [90m[1msavepack[22m | 正在保存文件：res://scripts/diagnostics/window_input_driver.gd.remap[39m[0m
[  98% ] [90m[1msavepack[22m | 正在保存文件：res://scripts/drive/chassis_response.gd.remap[39m[0m
[  98% ] [90m[1msavepack[22m | 正在保存文件：res://scripts/drive/drive_powertrain.gd.remap[39m[0m
[  98% ] [90m[1msavepack[22m | 正在保存文件：res://scripts/drive/drive_profile.gd.remap[39m[0m
[  98% ] [90m[1msavepack[22m | 正在保存文件：res://scripts/drive/drive_surface.gd.remap[39m[0m
[  98% ] [90m[1msavepack[22m | 正在保存文件：res://scripts/drive/ground_probe.gd.remap[39m[0m
[  98% ] [90m[1msavepack[22m | 正在保存文件：res://scripts/drive/landing_response.gd.remap[39m[0m
[  98% ] [90m[1msavepack[22m | 正在保存文件：res://scripts/drive/suspension_response.gd.remap[39m[0m
[  98% ] [90m[1msavepack[22m | 正在保存文件：res://scripts/drive/terrain_fixtures.gd.remap[39m[0m
[  98% ] [90m[1msavepack[22m | 正在保存文件：res://scripts/drive/track_assembly.gd.remap[39m[0m
[  98% ] [90m[1msavepack[22m | 正在保存文件：res://scripts/drive/track_drive.gd.remap[39m[0m
[  98% ] [90m[1msavepack[22m | 正在保存文件：res://scripts/drive/turret_mechanism_state.gd.remap[39m[0m
[  98% ] [90m[1msavepack[22m | 正在保存文件：res://scripts/drive/vehicle_frame_pose.gd.remap[39m[0m
[  98% ] [90m[1msavepack[22m | 正在保存文件：res://scripts/drive/vehicle_pose.gd.remap[39m[0m
[  98% ] [90m[1msavepack[22m | 正在保存文件：res://scripts/feedback/audio_pool.gd.remap[39m[0m
[  98% ] [90m[1msavepack[22m | 正在保存文件：res://scripts/feedback/combat_feedback.gd.remap[39m[0m
[  98% ] [90m[1msavepack[22m | 正在保存文件：res://scripts/feedback/combat_subtitles.gd.remap[39m[0m
[  98% ] [90m[1msavepack[22m | 正在保存文件：res://scripts/feedback/fx_pool.gd.remap[39m[0m
[  98% ] [90m[1msavepack[22m | 正在保存文件：res://scripts/garage/garage_preparation.gd.remap[39m[0m
[  98% ] [90m[1msavepack[22m | 正在保存文件：res://scripts/garage/garage_service.gd.remap[39m[0m
[  98% ] [90m[1msavepack[22m | 正在保存文件：res://scripts/garage/lineup.gd.remap[39m[0m
[  98% ] [90m[1msavepack[22m | 正在保存文件：res://scripts/garage/match_config.gd.remap[39m[0m
[  98% ] [90m[1msavepack[22m | 正在保存文件：res://scripts/garage/profile_store.gd.remap[39m[0m
[  98% ] [90m[1msavepack[22m | 正在保存文件：res://scripts/garage/progression_service.gd.remap[39m[0m
[  98% ] [90m[1msavepack[22m | 正在保存文件：res://scripts/garage/research_graph.gd.remap[39m[0m
[  98% ] [90m[1msavepack[22m | 正在保存文件：res://scripts/inspection/preview_camera_math.gd.remap[39m[0m
[  98% ] [90m[1msavepack[22m | 正在保存文件：res://scripts/inspection/query_debug_panel.gd.remap[39m[0m
[  98% ] [90m[1msavepack[22m | 正在保存文件：res://scripts/inspection/vehicle_inspector.gd.remap[39m[0m
[  98% ] [90m[1msavepack[22m | 正在保存文件：res://scripts/inspection/vehicle_preview_model.gd.remap[39m[0m
[  98% ] [90m[1msavepack[22m | 正在保存文件：res://scripts/layout/armor_patch_definition.gd.remap[39m[0m
[  98% ] [90m[1msavepack[22m | 正在保存文件：res://scripts/layout/armor_patch_mesh.gd.remap[39m[0m
[  98% ] [90m[1msavepack[22m | 正在保存文件：res://scripts/layout/crew_station_definition.gd.remap[39m[0m
[  98% ] [90m[1msavepack[22m | 正在保存文件：res://scripts/layout/layout_catalog.gd.remap[39m[0m
[  98% ] [90m[1msavepack[22m | 正在保存文件：res://scripts/layout/layout_math.gd.remap[39m[0m
[  98% ] [90m[1msavepack[22m | 正在保存文件：res://scripts/layout/layout_part_definition.gd.remap[39m[0m
[  98% ] [90m[1msavepack[22m | 正在保存文件：res://scripts/layout/layout_validator.gd.remap[39m[0m
[  98% ] [90m[1msavepack[22m | 正在保存文件：res://scripts/layout/module_volume_definition.gd.remap[39m[0m
[  98% ] [90m[1msavepack[22m | 正在保存文件：res://scripts/layout/vehicle_layout_definition.gd.remap[39m[0m
[  98% ] [90m[1msavepack[22m | 正在保存文件：res://scripts/maps/industrial_definition.gd.remap[39m[0m
[  98% ] [90m[1msavepack[22m | 正在保存文件：res://scripts/maps/industrial_range.gd.remap[39m[0m
[  98% ] [90m[1msavepack[22m | 正在保存文件：res://scripts/maps/industrial_world.gd.remap[39m[0m
[  98% ] [90m[1msavepack[22m | 正在保存文件：res://scripts/maps/map_definition.gd.remap[39m[0m
[  98% ] [90m[1msavepack[22m | 正在保存文件：res://scripts/maps/map_registry.gd.remap[39m[0m
[  98% ] [90m[1msavepack[22m | 正在保存文件：res://scripts/maps/navigation_bake_pipeline.gd.remap[39m[0m
[  98% ] [90m[1msavepack[22m | 正在保存文件：res://scripts/maps/river_capture_markers.gd.remap[39m[0m
[  98% ] [90m[1msavepack[22m | 正在保存文件：res://scripts/maps/river_junction_definition.gd.remap[39m[0m
[  98% ] [90m[1msavepack[22m | 正在保存文件：res://scripts/maps/river_junction_navigation.gd.remap[39m[0m
[  98% ] [90m[1msavepack[22m | 正在保存文件：res://scripts/maps/river_junction_range.gd.remap[39m[0m
[  98% ] [90m[1msavepack[22m | 正在保存文件：res://scripts/maps/river_junction_world.gd.remap[39m[0m
[  98% ] [90m[1msavepack[22m | 正在保存文件：res://scripts/maps/river_team_definition.gd.remap[39m[0m
[  98% ] [90m[1msavepack[22m | 正在保存文件：res://scripts/maps/river_team_range.gd.remap[39m[0m
[  98% ] [90m[1msavepack[22m | 正在保存文件：res://scripts/maps/spawn_selector.gd.remap[39m[0m
[  98% ] [90m[1msavepack[22m | 正在保存文件：res://scripts/maps/village_definition.gd.remap[39m[0m
[  98% ] [90m[1msavepack[22m | 正在保存文件：res://scripts/maps/village_range.gd.remap[39m[0m
[  98% ] [90m[1msavepack[22m | 正在保存文件：res://scripts/maps/village_world.gd.remap[39m[0m
[  98% ] [90m[1msavepack[22m | 正在保存文件：res://scripts/maps/world_collision_rules.gd.remap[39m[0m
[  98% ] [90m[1msavepack[22m | 正在保存文件：res://scripts/network/client_main.gd.remap[39m[0m
[  98% ] [90m[1msavepack[22m | 正在保存文件：res://scripts/network/network_authority_contract.gd.remap[39m[0m
[  98% ] [90m[1msavepack[22m | 正在保存文件：res://scripts/network/network_battle_client.gd.remap[39m[0m
[  98% ] [90m[1msavepack[22m | 正在保存文件：res://scripts/network/network_battle_server.gd.remap[39m[0m
[  98% ] [90m[1msavepack[22m | 正在保存文件：res://scripts/network/network_battle_world.gd.remap[39m[0m
[  98% ] [90m[1msavepack[22m | 正在保存文件：res://scripts/network/network_client_view.gd.remap[39m[0m
[  98% ] [90m[1msavepack[22m | 正在保存文件：res://scripts/network/network_controller.gd.remap[39m[0m
[  98% ] [90m[1msavepack[22m | 正在保存文件：res://scripts/network/network_event_journal.gd.remap[39m[0m
[  98% ] [90m[1msavepack[22m | 正在保存文件：res://scripts/network/network_fault_injector.gd.remap[39m[0m
[  98% ] [90m[1msavepack[22m | 正在保存文件：res://scripts/network/network_identity_policy.gd.remap[39m[0m
[  98% ] [90m[1msavepack[22m | 正在保存文件：res://scripts/network/network_pose_buffer.gd.remap[39m[0m
[  98% ] [90m[1msavepack[22m | 正在保存文件：res://scripts/network/network_result_receipt.gd.remap[39m[0m
[  98% ] [90m[1msavepack[22m | 正在保存文件：res://scripts/network/network_room_service.gd.remap[39m[0m
[  98% ] [90m[1msavepack[22m | 正在保存文件：res://scripts/network/network_time_model.gd.remap[39m[0m
[  98% ] [90m[1msavepack[22m | 正在保存文件：res://scripts/network/server_main.gd.remap[39m[0m
[  98% ] [90m[1msavepack[22m | 正在保存文件：res://scripts/projectiles/ballistics_profile.gd.remap[39m[0m
[  98% ] [90m[1msavepack[22m | 正在保存文件：res://scripts/projectiles/ballistic_intercept.gd.remap[39m[0m
[  98% ] [90m[1msavepack[22m | 正在保存文件：res://scripts/projectiles/ballistic_math.gd.remap[39m[0m
[  98% ] [90m[1msavepack[22m | 正在保存文件：res://scripts/projectiles/chemical_jet_system.gd.remap[39m[0m
[  98% ] [90m[1msavepack[22m | 正在保存文件：res://scripts/projectiles/chemical_profile.gd.remap[39m[0m
[  98% ] [90m[1msavepack[22m | 正在保存文件：res://scripts/projectiles/fragment_system.gd.remap[39m[0m
[  98% ] [90m[1msavepack[22m | 正在保存文件：res://scripts/projectiles/projectile_manager.gd.remap[39m[0m
[  98% ] [90m[1msavepack[22m | 正在保存文件：res://scripts/projectiles/projectile_shape_profile.gd.remap[39m[0m
[  98% ] [90m[1msavepack[22m | 正在保存文件：res://scripts/projectiles/projectile_state.gd.remap[39m[0m
[  98% ] [90m[1msavepack[22m | 正在保存文件：res://scripts/projectiles/projectile_visuals.gd.remap[39m[0m
[  98% ] [90m[1msavepack[22m | 正在保存文件：res://scripts/projectiles/shell_effect_policy.gd.remap[39m[0m
[  98% ] [90m[1msavepack[22m | 正在保存文件：res://scripts/projectiles/shell_fuze.gd.remap[39m[0m
[  98% ] [90m[1msavepack[22m | 正在保存文件：res://scripts/projectiles/sight_ballistics.gd.remap[39m[0m
[  98% ] [90m[1msavepack[22m | 正在保存文件：res://scripts/projectiles/spall_profile.gd.remap[39m[0m
[  98% ] [90m[1msavepack[22m | 正在保存文件：res://scripts/projectiles/translation_sweep.gd.remap[39m[0m
[  98% ] [90m[1msavepack[22m | 正在保存文件：res://.godot/global_script_class_cache.cfg[39m[0m
[  98% ] [90m[1msavepack[22m | 正在保存文件：res://icon.svg[39m[0m
[  98% ] [90m[1msavepack[22m | 正在保存文件：res://.godot/uid_cache.bin[39m[0m
[  98% ] [90m[1msavepack[22m | 正在保存文件：res://project.binary[39m[0m
[92m[ DONE ][39m [1msavepack[22m
[0m
